{"rank": {"bvp": [0, 0, 0, 0, 0, 0, 0, 0, 0, 0, 0, 0, 0, 0, 0], "eda": [6, 10, 0, 2, 0, 1, 2, 0, 5, 0, 1, 1, 3, 8, 10], "temp": [2, 0, 0, 2, 10, 0, 0, 3, 7, 6, 1, 0, 5, 4, 6], "acc": [1, 1, 0, 7, 0, 0, 0, 0, 9, 0, 0, 9, 0, 10, 11], "bvp+eda": [3, 4, 0, 0, 0, 0, 0, 0, 1, 0, 0, 0, 1, 2, 4], "bvp+temp": [0, 0, 0, 0, 3, 0, 0, 1, 2, 0, 0, 0, 0, 1, 1], "bvp+acc": [1, 0, 0, 3, 0, 0, 0, 0, 4, 0, 0, 4, 0, 3, 6], "eda+temp": [2, 2, 0, 1, 3, 0, 1, 0, 6, 1, 1, 0, 3, 6, 9], "eda+acc": [3, 5, 0, 4, 0, 0, 0, 0, 7, 0, 0, 3, 2, 9, 13], "temp+acc": [1, 0, 0, 1, 3, 0, 0, 0, 8, 1, 0, 2, 1, 6, 10], "bvp+eda+temp": [1, 0, 0, 0, 0, 0, 1, 0, 2, 0, 0, 0, 0, 1, 5], "bvp+eda+acc": [1, 2, 0, 1, 0, 0, 0, 0, 3, 0, 0, 1, 0, 5, 9], "bvp+temp+acc": [0, 0, 0, 1, 0, 0, 0, 0, 4, 0, 0, 1, 0, 2, 5], "eda+temp+acc": [1, 0, 0, 3, 1, 0, 0, 0, 6, 0, 0, 1, 1, 7, 11], "bvp+eda+temp+acc": [0, 0, 0, 1, 0, 0, 0, 0, 2, 0, 0, 0, 0, 7, 8]}, "score": {"bvp": [0, 0, 0, 0, 0, 0, 0, 0, 0, 0, 0, 0, 0, 0, 0], "eda": [6, 10, 0, 2, 0, 1, 2, 0, 5, 0, 1, 1, 3, 8, 10], "temp": [2, 0, 0, 2, 10, 0, 0, 3, 7, 6, 1, 0, 5, 4, 6], "acc": [1, 1, 0, 7, 0, 0, 0, 0, 9, 0, 0, 9, 0, 10, 11], "bvp+eda": [1, 1, 0, 0, 0, 0, 1, 0, 0, 0, 0, 0, 0, 2, 5], "bvp+temp": [0, 0, 0, 1, 8, 0, 0, 0, 0, 4, 0, 0, 0, 1, 2], "bvp+acc": [0, 0, 0, 2, 0, 0, 0, 0, 3, 0, 0, 1, 0, 5, 1], "eda+temp": [2, 2, 0, 2, 8, 0, 1, 0, 3, 2, 1, 0, 3, 4, 7], "eda+acc": [1, 5, 0, 4, 0, 0, 0, 0, 9, 0, 0, 1, 2, 9, 9], "temp+acc": [0, 0, 0, 2, 3, 0, 0, 0, 7, 3, 0, 0, 1, 4, 7], "bvp+eda+temp": [0, 0, 0, 1, 0, 0, 1, 0, 1, 1, 0, 0, 0, 2, 5], "bvp+eda+acc": [1, 0, 0, 0, 0, 0, 0, 0, 1, 0, 0, 0, 0, 7, 6], "bvp+temp+acc": [0, 0, 0, 1, 0, 0, 0, 0, 2, 3, 0, 0, 0, 1, 3], "eda+temp+acc": [0, 0, 0, 2, 1, 0, 0, 0, 8, 2, 0, 0, 1, 5, 8], "bvp+eda+temp+acc": [0, 0, 0, 1, 0, 0, 0, 0, 2, 0, 0, 0, 0, 2, 4]}}