{"rank": {"bvp": [0, 0, 0, 0, 0, 0, 0, 0, 0, 0, 0, 0, 0, 0, 0], "eda": [0, 2, 11, 4, 6, 3, 10, 5, 11, 0, 0, 0, 5, 9, 0], "temp": [8, 3, 4, 0, 0, 0, 11, 2, 9, 9, 13, 13, 4, 13, 5], "acc": [3, 0, 8, 8, 0, 0, 2, 3, 6, 1, 0, 4, 0, 6, 1], "bvp+eda": [0, 0, 6, 1, 1, 1, 1, 1, 4, 0, 0, 0, 1, 2, 0], "bvp+temp": [3, 1, 1, 0, 0, 0, 6, 0, 3, 2, 6, 5, 1, 6, 1], "bvp+acc": [1, 0, 3, 3, 0, 0, 0, 1, 2, 0, 0, 1, 0, 0, 0], "eda+temp": [3, 1, 8, 1, 1, 0, 12, 3, 12, 4, 6, 6, 2, 13, 1], "eda+acc": [1, 0, 11, 5, 2, 1, 6, 3, 9, 0, 0, 1, 2, 8, 0], "temp+acc": [5, 1, 6, 2, 0, 0, 5, 1, 8, 5, 7, 9, 0, 13, 2], "bvp+eda+temp": [0, 1, 4, 0, 0, 0, 6, 1, 7, 1, 2, 2, 1, 8, 1], "bvp+eda+acc": [0, 0, 4, 2, 0, 0, 2, 1, 3, 0, 0, 0, 0, 3, 0], "bvp+temp+acc": [2, 0, 2, 1, 0, 0, 2, 0, 5, 0, 1, 4, 0, 4, 0], "eda+temp+acc": [2, 0, 9, 2, 0, 0, 9, 1, 11, 1, 3, 5, 0, 11, 0], "bvp+eda+temp+acc": [0, 0, 4, 0, 0, 0, 5, 0, 4, 0, 0, 2, 0, 7, 0]}, "score": {"bvp": [0, 0, 0, 0, 0, 0, 0, 0, 0, 0, 0, 0, 0, 0, 0], "eda": [0, 2, 11, 4, 6, 3, 10, 5, 11, 0, 0, 0, 5, 9, 0], "temp": [8, 3, 4, 0, 0, 0, 11, 2, 9, 9, 13, 13, 4, 13, 5], "acc": [3, 0, 8, 8, 0, 0, 2, 3, 6, 1, 0, 4, 0, 6, 1], "bvp+eda": [0, 0, 8, 1, 1, 0, 1, 1, 4, 0, 0, 0, 1, 4, 0], "bvp+temp": [0, 0, 1, 0, 0, 0, 7, 0, 0, 5, 4, 4, 0, 10, 2], "bvp+acc": [0, 0, 4, 1, 0, 0, 0, 0, 1, 0, 0, 0, 0, 1, 0], "eda+temp": [2, 2, 7, 0, 3, 0, 11, 3, 11, 0, 4, 2, 3, 13, 2], "eda+acc": [1, 0, 11, 4, 2, 0, 7, 4, 9, 0, 0, 0, 2, 8, 0], "temp+acc": [5, 2, 5, 0, 0, 0, 10, 1, 7, 6, 5, 12, 0, 13, 3], "bvp+eda+temp": [0, 0, 5, 0, 1, 0, 6, 1, 3, 0, 1, 0, 0, 10, 0], "bvp+eda+acc": [0, 0, 7, 1, 1, 0, 1, 0, 2, 0, 0, 0, 0, 3, 0], "bvp+temp+acc": [0, 0, 2, 0, 0, 0, 6, 0, 1, 2, 0, 3, 0, 8, 2], "eda+temp+acc": [1, 0, 8, 1, 1, 0, 8, 3, 10, 0, 1, 1, 0, 12, 0], "bvp+eda+temp+acc": [0, 0, 5, 0, 1, 0, 5, 0, 2, 0, 0, 0, 0, 10, 0]}}