{"rank": {"bvp": [0, 0, 0, 0, 0, 0, 0, 0, 0, 0, 0, 0, 0, 0, 0], "eda": [4, 6, 1, 2, 6, 1, 4, 6, 0, 0, 2, 1, 4, 10, 11], "temp": [10, 4, 0, 1, 4, 1, 0, 0, 8, 6, 0, 2, 12, 13, 3], "acc": [2, 1, 7, 0, 0, 0, 0, 0, 6, 0, 0, 0, 0, 5, 6], "bvp+eda": [1, 1, 0, 0, 1, 0, 1, 3, 0, 0, 0, 0, 0, 2, 5], "bvp+temp": [4, 1, 0, 0, 1, 0, 0, 0, 3, 0, 0, 0, 6, 6, 0], "bvp+acc": [1, 0, 4, 0, 0, 0, 0, 0, 3, 0, 0, 0, 0, 0, 0], "eda+temp": [6, 5, 0, 1, 6, 1, 1, 2, 3, 2, 0, 2, 8, 14, 8], "eda+acc": [2, 2, 2, 0, 2, 0, 1, 3, 2, 0, 0, 0, 1, 9, 9], "temp+acc": [4, 1, 3, 0, 1, 0, 0, 0, 7, 2, 0, 0, 6, 10, 3], "bvp+eda+temp": [3, 2, 0, 0, 0, 0, 0, 0, 2, 0, 0, 0, 4, 10, 4], "bvp+eda+acc": [1, 0, 1, 0, 0, 0, 0, 1, 0, 0, 0, 0, 0, 2, 5], "bvp+temp+acc": [2, 1, 0, 0, 0, 0, 0, 0, 5, 0, 0, 0, 1, 6, 0], "eda+temp+acc": [3, 3, 0, 0, 1, 0, 0, 1, 4, 1, 0, 0, 4, 10, 7], "bvp+eda+temp+acc": [1, 1, 0, 0, 0, 0, 0, 0, 2, 0, 0, 0, 1, 5, 1]}, "score": {"bvp": [0, 0, 0, 0, 0, 0, 0, 0, 0, 0, 0, 0, 0, 0, 0], "eda": [4, 6, 1, 2, 6, 1, 4, 6, 0, 0, 2, 1, 4, 10, 11], "temp": [10, 4, 0, 1, 4, 1, 0, 0, 8, 6, 0, 2, 12, 13, 3], "acc": [2, 1, 7, 0, 0, 0, 0, 0, 6, 0, 0, 0, 0, 5, 6], "bvp+eda": [0, 0, 0, 0, 1, 0, 1, 0, 0, 0, 0, 0, 0, 3, 6], "bvp+temp": [6, 1, 0, 0, 1, 0, 0, 0, 4, 0, 0, 0, 10, 10, 0], "bvp+acc": [1, 0, 2, 0, 0, 0, 0, 0, 1, 0, 0, 0, 0, 0, 0], "eda+temp": [8, 5, 0, 1, 5, 1, 1, 2, 3, 0, 0, 1, 11, 12, 8], "eda+acc": [2, 3, 0, 0, 1, 0, 1, 4, 0, 0, 0, 1, 2, 7, 12], "temp+acc": [9, 3, 2, 0, 0, 0, 0, 0, 8, 1, 0, 0, 10, 11, 3], "bvp+eda+temp": [4, 2, 0, 0, 1, 0, 1, 0, 2, 0, 0, 0, 8, 10, 5], "bvp+eda+acc": [1, 0, 0, 0, 1, 0, 0, 0, 0, 0, 0, 0, 0, 1, 6], "bvp+temp+acc": [4, 1, 0, 0, 0, 0, 0, 0, 5, 0, 0, 0, 6, 8, 0], "eda+temp+acc": [6, 3, 0, 0, 2, 0, 0, 2, 3, 0, 0, 1, 6, 12, 7], "bvp+eda+temp+acc": [2, 1, 0, 0, 1, 0, 0, 0, 1, 0, 0, 0, 4, 9, 4]}}