{"rank": {"bvp": [0, 0, 0, 0, 0, 0, 0, 0, 0, 0, 0, 0, 0, 0, 0], "eda": [3, 2, 6, 6, 13, 10, 4, 11, 5, 4, 14, 0, 10, 8, 1], "temp": [3, 4, 1, 13, 5, 12, 2, 7, 7, 7, 0, 0, 0, 11, 9], "acc": [2, 3, 0, 4, 3, 0, 2, 0, 8, 3, 2, 3, 1, 7, 8], "bvp+eda": [1, 0, 1, 0, 7, 4, 1, 4, 1, 1, 6, 0, 3, 2, 0], "bvp+temp": [1, 2, 0, 6, 1, 6, 0, 3, 2, 2, 0, 0, 0, 5, 3], "bvp+acc": [1, 0, 0, 1, 1, 0, 0, 0, 3, 1, 0, 1, 0, 2, 3], "eda+temp": [1, 1, 3, 12, 10, 14, 1, 11, 6, 5, 7, 0, 3, 13, 4], "eda+acc": [0, 0, 1, 2, 9, 5, 0, 6, 5, 3, 10, 1, 5, 10, 3], "temp+acc": [1, 2, 1, 8, 4, 5, 1, 2, 11, 5, 0, 2, 0, 10, 9], "bvp+eda+temp": [0, 0, 0, 5, 4, 7, 0, 6, 2, 2, 3, 0, 0, 5, 1], "bvp+eda+acc": [0, 0, 0, 0, 2, 1, 0, 2, 2, 0, 3, 0, 1, 1, 2], "bvp+temp+acc": [1, 0, 0, 6, 1, 2, 0, 0, 4, 1, 0, 0, 0, 5, 6], "eda+temp+acc": [0, 1, 0, 9, 7, 7, 0, 4, 7, 3, 3, 0, 2, 12, 6], "bvp+eda+temp+acc": [0, 0, 0, 5, 2, 6, 0, 1, 2, 1, 1, 0, 0, 5, 2]}, "score": {"bvp": [0, 0, 0, 0, 0, 0, 0, 0, 0, 0, 0, 0, 0, 0, 0], "eda": [3, 2, 6, 6, 13, 10, 4, 11, 5, 4, 14, 0, 10, 8, 1], "temp": [3, 4, 1, 13, 5, 12, 2, 7, 7, 7, 0, 0, 0, 11, 9], "acc": [2, 3, 0, 4, 3, 0, 2, 0, 8, 3, 2, 3, 1, 7, 8], "bvp+eda": [1, 1, 3, 2, 10, 3, 2, 4, 1, 1, 5, 0, 8, 4, 0], "bvp+temp": [1, 1, 0, 11, 1, 2, 1, 0, 0, 2, 0, 0, 0, 4, 4], "bvp+acc": [0, 0, 0, 1, 1, 0, 0, 0, 1, 2, 0, 0, 0, 2, 4], "eda+temp": [1, 2, 4, 13, 12, 14, 4, 11, 7, 5, 9, 0, 3, 9, 0], "eda+acc": [2, 2, 3, 4, 13, 4, 4, 4, 8, 4, 13, 0, 5, 6, 1], "temp+acc": [1, 3, 0, 13, 3, 2, 1, 0, 7, 4, 0, 1, 0, 11, 8], "bvp+eda+temp": [0, 0, 1, 11, 8, 5, 1, 3, 1, 2, 4, 0, 2, 7, 0], "bvp+eda+acc": [0, 1, 1, 2, 10, 0, 1, 1, 1, 2, 4, 0, 3, 4, 0], "bvp+temp+acc": [1, 1, 0, 9, 0, 0, 0, 0, 2, 2, 0, 0, 0, 3, 6], "eda+temp+acc": [0, 1, 1, 13, 9, 7, 3, 5, 6, 3, 6, 0, 1, 10, 2], "bvp+eda+temp+acc": [0, 0, 0, 10, 7, 1, 1, 3, 1, 1, 2, 0, 0, 6, 0]}}