{"1": {"non-stress": 0.069, "stress": 0.032}, "2": {"non-stress": 0.137, "stress": 0.039}, "3": {"non-stress": 0.174, "stress": 0.059}, "4": {"non-stress": 0.228, "stress": 0.15}, "5": {"non-stress": 0.261, "stress": 0.213}, "6": {"non-stress": 0.309, "stress": 0.287}, "7": {"non-stress": 0.4, "stress": 0.344}, "8": {"non-stress": 0.45, "stress": 0.413}, "9": {"non-stress": 0.556, "stress": 0.455}, "10": {"non-stress": 0.645, "stress": 0.526}, "11": {"non-stress": 0.724, "stress": 0.633}, "12": {"non-stress": 0.772, "stress": 0.748}, "13": {"non-stress": 0.809, "stress": 0.839}, "14": {"non-stress": 0.953, "stress": 0.981}, "15": {"non-stress": 1.0, "stress": 1.0}}