{"1": {"rank": 0.05, "score": 0.05, "mean": 0.05}, "2": {"rank": 0.088, "score": 0.088, "mean": 0.088}, "3": {"rank": 0.117, "score": 0.117, "mean": 0.117}, "4": {"rank": 0.189, "score": 0.189, "mean": 0.189}, "5": {"rank": 0.237, "score": 0.237, "mean": 0.237}, "6": {"rank": 0.298, "score": 0.298, "mean": 0.298}, "7": {"rank": 0.372, "score": 0.372, "mean": 0.372}, "8": {"rank": 0.431, "score": 0.431, "mean": 0.431}, "9": {"rank": 0.506, "score": 0.506, "mean": 0.506}, "10": {"rank": 0.585, "score": 0.585, "mean": 0.585}, "11": {"rank": 0.679, "score": 0.679, "mean": 0.679}, "12": {"rank": 0.76, "score": 0.76, "mean": 0.76}, "13": {"rank": 0.824, "score": 0.824, "mean": 0.824}, "14": {"rank": 0.967, "score": 0.967, "mean": 0.967}, "15": {"rank": 1.0, "score": 1.0, "mean": 1.0}}