{"1": {"bvp": 1.0, "eda": 0.098, "temp": 0.088, "acc": 0.367, "bvp+eda": 0.147, "bvp+temp": 0.24, "bvp+acc": 0.702, "eda+temp": 0.096, "eda+acc": 0.134, "temp+acc": 0.153, "bvp+eda+temp": 0.252, "bvp+eda+acc": 0.278, "bvp+temp+acc": 0.33, "eda+temp+acc": 0.155, "bvp+eda+temp+acc": 0.343}, "2": {"bvp": 1.0, "eda": 0.137, "temp": 0.164, "acc": 0.537, "bvp+eda": 0.352, "bvp+temp": 0.379, "bvp+acc": 0.852, "eda+temp": 0.171, "eda+acc": 0.221, "temp+acc": 0.22, "bvp+eda+temp": 0.377, "bvp+eda+acc": 0.486, "bvp+temp+acc": 0.508, "eda+temp+acc": 0.334, "bvp+eda+temp+acc": 0.461}, "3": {"bvp": 1.0, "eda": 0.161, "temp": 0.229, "acc": 0.655, "bvp+eda": 0.462, "bvp+temp": 0.505, "bvp+acc": 0.894, "eda+temp": 0.303, "eda+acc": 0.311, "temp+acc": 0.339, "bvp+eda+temp": 0.458, "bvp+eda+acc": 0.64, "bvp+temp+acc": 0.638, "eda+temp+acc": 0.407, "bvp+eda+temp+acc": 0.579}, "4": {"bvp": 1.0, "eda": 0.196, "temp": 0.325, "acc": 0.752, "bvp+eda": 0.578, "bvp+temp": 0.613, "bvp+acc": 0.939, "eda+temp": 0.386, "eda+acc": 0.455, "temp+acc": 0.48, "bvp+eda+temp": 0.547, "bvp+eda+acc": 0.687, "bvp+temp+acc": 0.717, "eda+temp+acc": 0.49, "bvp+eda+temp+acc": 0.653}, "5": {"bvp": 1.0, "eda": 0.273, "temp": 0.415, "acc": 0.817, "bvp+eda": 0.631, "bvp+temp": 0.67, "bvp+acc": 0.953, "eda+temp": 0.461, "eda+acc": 0.51, "temp+acc": 0.553, "bvp+eda+temp": 0.605, "bvp+eda+acc": 0.738, "bvp+temp+acc": 0.732, "eda+temp+acc": 0.531, "bvp+eda+temp+acc": 0.69}, "6": {"bvp": 1.0, "eda": 0.385, "temp": 0.479, "acc": 0.828, "bvp+eda": 0.685, "bvp+temp": 0.717, "bvp+acc": 0.978, "eda+temp": 0.501, "eda+acc": 0.578, "temp+acc": 0.626, "bvp+eda+temp": 0.681, "bvp+eda+acc": 0.768, "bvp+temp+acc": 0.79, "eda+temp+acc": 0.57, "bvp+eda+temp+acc": 0.757}, "7": {"bvp": 1.0, "eda": 0.459, "temp": 0.559, "acc": 0.84, "bvp+eda": 0.732, "bvp+temp": 0.757, "bvp+acc": 0.993, "eda+temp": 0.541, "eda+acc": 0.629, "temp+acc": 0.657, "bvp+eda+temp": 0.73, "bvp+eda+acc": 0.789, "bvp+temp+acc": 0.831, "eda+temp+acc": 0.626, "bvp+eda+temp+acc": 0.799}, "8": {"bvp": 1.0, "eda": 0.552, "temp": 0.607, "acc": 0.856, "bvp+eda": 0.815, "bvp+temp": 0.812, "bvp+acc": 0.998, "eda+temp": 0.587, "eda+acc": 0.682, "temp+acc": 0.67, "bvp+eda+temp": 0.811, "bvp+eda+acc": 0.87, "bvp+temp+acc": 0.883, "eda+temp+acc": 0.666, "bvp+eda+temp+acc": 0.855}, "9": {"bvp": 1.0, "eda": 0.633, "temp": 0.646, "acc": 0.869, "bvp+eda": 0.874, "bvp+temp": 0.869, "bvp+acc": 0.998, "eda+temp": 0.633, "eda+acc": 0.737, "temp+acc": 0.71, "bvp+eda+temp": 0.851, "bvp+eda+acc": 0.9, "bvp+temp+acc": 0.9, "eda+temp+acc": 0.74, "bvp+eda+temp+acc": 0.884}, "10": {"bvp": 1.0, "eda": 0.725, "temp": 0.662, "acc": 0.899, "bvp+eda": 0.902, "bvp+temp": 0.909, "bvp+acc": 0.998, "eda+temp": 0.688, "eda+acc": 0.818, "temp+acc": 0.777, "bvp+eda+temp": 0.862, "bvp+eda+acc": 0.921, "bvp+temp+acc": 0.942, "eda+temp+acc": 0.779, "bvp+eda+temp+acc": 0.894}, "11": {"bvp": 1.0, "eda": 0.779, "temp": 0.734, "acc": 0.924, "bvp+eda": 0.942, "bvp+temp": 0.923, "bvp+acc": 1.0, "eda+temp": 0.736, "eda+acc": 0.861, "temp+acc": 0.827, "bvp+eda+temp": 0.889, "bvp+eda+acc": 0.98, "bvp+temp+acc": 0.949, "eda+temp+acc": 0.807, "bvp+eda+temp+acc": 0.929}, "12": {"bvp": 1.0, "eda": 0.856, "temp": 0.795, "acc": 0.943, "bvp+eda": 1.0, "bvp+temp": 0.957, "bvp+acc": 1.0, "eda+temp": 0.771, "eda+acc": 0.888, "temp+acc": 0.889, "bvp+eda+temp": 0.928, "bvp+eda+acc": 1.0, "bvp+temp+acc": 0.974, "eda+temp+acc": 0.832, "bvp+eda+temp+acc": 0.954}, "13": {"bvp": 1.0, "eda": 0.891, "temp": 0.856, "acc": 0.958, "bvp+eda": 1.0, "bvp+temp": 0.995, "bvp+acc": 1.0, "eda+temp": 0.83, "eda+acc": 0.944, "temp+acc": 0.962, "bvp+eda+temp": 0.95, "bvp+eda+acc": 1.0, "bvp+temp+acc": 0.988, "eda+temp+acc": 0.904, "bvp+eda+temp+acc": 0.968}, "14": {"bvp": 1.0, "eda": 0.933, "temp": 0.915, "acc": 0.988, "bvp+eda": 1.0, "bvp+temp": 1.0, "bvp+acc": 1.0, "eda+temp": 0.935, "eda+acc": 0.975, "temp+acc": 0.985, "bvp+eda+temp": 1.0, "bvp+eda+acc": 1.0, "bvp+temp+acc": 0.998, "eda+temp+acc": 0.967, "bvp+eda+temp+acc": 0.993}, "15": {"bvp": 1.0, "eda": 1.0, "temp": 1.0, "acc": 1.0, "bvp+eda": 1.0, "bvp+temp": 1.0, "bvp+acc": 1.0, "eda+temp": 1.0, "eda+acc": 1.0, "temp+acc": 1.0, "bvp+eda+temp": 1.0, "bvp+eda+acc": 1.0, "bvp+temp+acc": 1.0, "eda+temp+acc": 1.0, "bvp+eda+temp+acc": 1.0}}