{"1": {"rank": 0.276, "score": 0.267, "mean": 0.271}, "2": {"rank": 0.427, "score": 0.372, "mean": 0.399}, "3": {"rank": 0.524, "score": 0.455, "mean": 0.49}, "4": {"rank": 0.594, "score": 0.532, "mean": 0.563}, "5": {"rank": 0.644, "score": 0.582, "mean": 0.613}, "6": {"rank": 0.713, "score": 0.636, "mean": 0.674}, "7": {"rank": 0.767, "score": 0.676, "mean": 0.721}, "8": {"rank": 0.804, "score": 0.736, "mean": 0.77}, "9": {"rank": 0.837, "score": 0.782, "mean": 0.81}, "10": {"rank": 0.869, "score": 0.823, "mean": 0.846}, "11": {"rank": 0.899, "score": 0.863, "mean": 0.881}, "12": {"rank": 0.926, "score": 0.904, "mean": 0.915}, "13": {"rank": 0.948, "score": 0.938, "mean": 0.943}, "14": {"rank": 0.973, "score": 0.974, "mean": 0.974}, "15": {"rank": 1.0, "score": 1.0, "mean": 1.0}}