{"1": {"non-stress": 0.33, "stress": 0.205}, "2": {"non-stress": 0.476, "stress": 0.268}, "3": {"non-stress": 0.58, "stress": 0.33}, "4": {"non-stress": 0.672, "stress": 0.391}, "5": {"non-stress": 0.724, "stress": 0.44}, "6": {"non-stress": 0.77, "stress": 0.502}, "7": {"non-stress": 0.81, "stress": 0.542}, "8": {"non-stress": 0.84, "stress": 0.631}, "9": {"non-stress": 0.868, "stress": 0.696}, "10": {"non-stress": 0.894, "stress": 0.753}, "11": {"non-stress": 0.918, "stress": 0.808}, "12": {"non-stress": 0.942, "stress": 0.865}, "13": {"non-stress": 0.968, "stress": 0.908}, "14": {"non-stress": 0.987, "stress": 0.961}, "15": {"non-stress": 1.0, "stress": 1.0}}