{"rank": {"bvp": [0, 0, 0, 0, 0, 0, 0, 0, 0, 0, 0, 0, 0, 0, 0], "eda": [4, 2, 12, 6, 14, 1, 5, 12, 11, 5, 1, 0, 5, 9, 1], "temp": [12, 8, 10, 2, 3, 1, 13, 8, 3, 12, 14, 0, 0, 9, 7], "acc": [1, 3, 6, 14, 4, 0, 7, 0, 6, 3, 0, 13, 0, 10, 9], "bvp+eda": [1, 0, 5, 2, 9, 0, 1, 5, 5, 1, 0, 0, 1, 2, 0], "bvp+temp": [5, 2, 3, 0, 0, 0, 6, 2, 1, 6, 8, 0, 0, 3, 1], "bvp+acc": [1, 0, 1, 9, 1, 0, 2, 0, 3, 1, 0, 6, 0, 4, 3], "eda+temp": [9, 4, 14, 2, 8, 0, 12, 12, 7, 8, 9, 0, 1, 12, 2], "eda+acc": [1, 1, 10, 12, 12, 0, 6, 6, 9, 2, 0, 6, 2, 11, 2], "temp+acc": [5, 4, 10, 9, 2, 0, 12, 2, 3, 9, 6, 7, 0, 12, 9], "bvp+eda+temp": [3, 1, 7, 0, 4, 0, 4, 6, 2, 4, 2, 0, 1, 5, 1], "bvp+eda+acc": [0, 0, 6, 7, 4, 0, 2, 1, 4, 1, 0, 2, 1, 6, 0], "bvp+temp+acc": [2, 2, 2, 3, 1, 0, 7, 0, 1, 3, 3, 2, 0, 6, 3], "eda+temp+acc": [6, 2, 11, 6, 7, 0, 11, 7, 6, 7, 4, 1, 1, 10, 4], "bvp+eda+temp+acc": [0, 1, 7, 5, 2, 0, 4, 2, 2, 3, 1, 0, 0, 9, 1]}, "score": {"bvp": [0, 0, 0, 0, 0, 0, 0, 0, 0, 0, 0, 0, 0, 0, 0], "eda": [4, 2, 12, 6, 14, 1, 5, 12, 11, 5, 1, 0, 5, 9, 1], "temp": [12, 8, 10, 2, 3, 1, 13, 8, 3, 12, 14, 0, 0, 9, 7], "acc": [1, 3, 6, 14, 4, 0, 7, 0, 6, 3, 0, 13, 0, 10, 9], "bvp+eda": [2, 0, 7, 2, 10, 0, 1, 2, 2, 1, 0, 0, 2, 5, 0], "bvp+temp": [4, 2, 8, 0, 0, 0, 10, 1, 1, 9, 11, 0, 0, 4, 5], "bvp+acc": [1, 0, 2, 7, 1, 0, 1, 0, 1, 1, 0, 3, 0, 4, 4], "eda+temp": [8, 4, 13, 1, 8, 0, 12, 9, 8, 9, 9, 0, 0, 10, 2], "eda+acc": [3, 2, 10, 10, 12, 0, 5, 9, 9, 1, 0, 0, 4, 10, 0], "temp+acc": [7, 5, 9, 3, 2, 0, 12, 4, 3, 9, 12, 2, 0, 9, 8], "bvp+eda+temp": [4, 1, 9, 0, 5, 0, 7, 3, 2, 5, 6, 0, 0, 7, 0], "bvp+eda+acc": [0, 0, 7, 7, 7, 0, 2, 1, 4, 0, 0, 0, 1, 7, 0], "bvp+temp+acc": [1, 1, 5, 0, 1, 0, 9, 1, 1, 6, 6, 0, 0, 8, 4], "eda+temp+acc": [6, 3, 13, 2, 7, 0, 12, 7, 7, 6, 5, 0, 0, 10, 2], "bvp+eda+temp+acc": [1, 1, 8, 2, 4, 0, 8, 1, 1, 5, 1, 0, 0, 9, 0]}}