{"rank": {"bvp": [0, 0, 0, 0, 0, 0, 0, 0, 0, 0, 0, 0, 0, 0, 0], "eda": [3, 3, 14, 6, 14, 1, 3, 9, 11, 5, 2, 0, 4, 8, 1], "temp": [11, 8, 11, 2, 3, 1, 13, 7, 5, 10, 14, 0, 0, 6, 9], "acc": [0, 2, 6, 14, 4, 0, 9, 0, 7, 2, 0, 13, 0, 10, 9], "bvp+eda": [1, 1, 8, 2, 10, 0, 1, 3, 4, 1, 0, 0, 1, 2, 0], "bvp+temp": [5, 2, 6, 0, 1, 0, 7, 2, 1, 3, 8, 0, 0, 2, 1], "bvp+acc": [0, 0, 1, 8, 1, 0, 2, 0, 4, 0, 0, 6, 0, 3, 3], "eda+temp": [8, 6, 14, 2, 8, 0, 9, 8, 9, 9, 9, 0, 1, 7, 4], "eda+acc": [1, 1, 11, 11, 11, 0, 6, 2, 10, 2, 0, 5, 2, 10, 1], "temp+acc": [6, 3, 10, 10, 3, 0, 13, 2, 5, 4, 6, 7, 0, 9, 10], "bvp+eda+temp": [4, 1, 9, 0, 4, 0, 4, 4, 3, 4, 3, 0, 0, 3, 0], "bvp+eda+acc": [0, 0, 8, 6, 5, 0, 1, 1, 5, 0, 0, 2, 0, 5, 0], "bvp+temp+acc": [1, 1, 4, 3, 1, 0, 6, 0, 1, 2, 3, 1, 0, 3, 5], "eda+temp+acc": [2, 1, 14, 5, 7, 0, 11, 3, 8, 5, 4, 1, 0, 9, 5], "bvp+eda+temp+acc": [1, 1, 10, 5, 2, 0, 4, 1, 4, 1, 1, 0, 0, 5, 1]}, "score": {"bvp": [0, 0, 0, 0, 0, 0, 0, 0, 0, 0, 0, 0, 0, 0, 0], "eda": [3, 3, 14, 6, 14, 1, 3, 9, 11, 5, 2, 0, 4, 8, 1], "temp": [11, 8, 11, 2, 3, 1, 13, 7, 5, 10, 14, 0, 0, 6, 9], "acc": [0, 2, 6, 14, 4, 0, 9, 0, 7, 2, 0, 13, 0, 10, 9], "bvp+eda": [1, 0, 9, 2, 8, 0, 1, 1, 3, 1, 0, 0, 1, 3, 0], "bvp+temp": [4, 3, 8, 0, 1, 0, 10, 1, 1, 8, 10, 0, 0, 3, 7], "bvp+acc": [0, 0, 2, 8, 1, 0, 2, 0, 1, 0, 0, 3, 0, 5, 4], "eda+temp": [10, 6, 14, 2, 7, 0, 12, 8, 6, 11, 9, 0, 1, 5, 4], "eda+acc": [0, 1, 13, 8, 8, 0, 5, 4, 10, 2, 0, 1, 3, 10, 0], "temp+acc": [6, 6, 12, 3, 3, 1, 12, 5, 4, 8, 12, 0, 0, 8, 8], "bvp+eda+temp": [3, 1, 10, 1, 4, 0, 9, 1, 3, 7, 6, 0, 0, 3, 1], "bvp+eda+acc": [0, 0, 10, 6, 4, 0, 2, 1, 4, 0, 0, 0, 1, 5, 0], "bvp+temp+acc": [0, 2, 8, 3, 1, 0, 9, 1, 1, 6, 7, 0, 0, 5, 6], "eda+temp+acc": [4, 5, 14, 4, 3, 0, 13, 5, 7, 8, 6, 0, 1, 8, 4], "bvp+eda+temp+acc": [1, 1, 12, 3, 2, 0, 9, 1, 2, 5, 3, 0, 0, 5, 1]}}