{"rank": {"bvp": [0, 0, 0, 0, 0, 0, 0, 0, 0, 0, 0, 0, 0, 0, 0], "eda": [7, 6, 1, 1, 3, 2, 4, 3, 0, 0, 2, 1, 4, 9, 11], "temp": [0, 4, 0, 1, 3, 0, 0, 1, 8, 6, 1, 0, 12, 13, 1], "acc": [0, 0, 3, 0, 0, 0, 0, 0, 2, 0, 0, 0, 0, 2, 4], "bvp+eda": [2, 0, 0, 0, 1, 0, 1, 1, 0, 0, 0, 0, 0, 2, 5], "bvp+temp": [0, 1, 0, 0, 0, 0, 0, 0, 3, 0, 1, 0, 6, 6, 0], "bvp+acc": [0, 0, 1, 0, 0, 0, 0, 0, 1, 0, 0, 0, 0, 0, 0], "eda+temp": [2, 4, 0, 1, 2, 1, 1, 1, 3, 2, 0, 0, 10, 13, 6], "eda+acc": [2, 1, 1, 0, 2, 0, 1, 2, 0, 0, 0, 1, 1, 6, 9], "temp+acc": [0, 1, 2, 0, 1, 0, 0, 1, 5, 2, 0, 0, 7, 8, 1], "bvp+eda+temp": [0, 2, 0, 0, 0, 0, 0, 0, 2, 0, 0, 0, 3, 8, 3], "bvp+eda+acc": [0, 0, 0, 0, 0, 0, 0, 0, 0, 0, 0, 0, 0, 1, 2], "bvp+temp+acc": [0, 0, 0, 0, 0, 0, 0, 0, 2, 0, 0, 0, 0, 2, 0], "eda+temp+acc": [0, 1, 0, 0, 1, 0, 0, 1, 1, 1, 0, 0, 3, 7, 2], "bvp+eda+temp+acc": [0, 0, 0, 0, 0, 0, 0, 0, 0, 0, 0, 0, 1, 4, 1]}, "score": {"bvp": [0, 0, 0, 0, 0, 0, 0, 0, 0, 0, 0, 0, 0, 0, 0], "eda": [7, 6, 1, 1, 3, 2, 4, 3, 0, 0, 2, 1, 4, 9, 11], "temp": [0, 4, 0, 1, 3, 0, 0, 1, 8, 6, 1, 0, 12, 13, 1], "acc": [0, 0, 3, 0, 0, 0, 0, 0, 2, 0, 0, 0, 0, 2, 4], "bvp+eda": [1, 0, 0, 0, 1, 0, 1, 0, 0, 0, 0, 0, 0, 2, 6], "bvp+temp": [0, 1, 0, 0, 0, 0, 0, 0, 3, 0, 1, 0, 9, 11, 0], "bvp+acc": [0, 0, 1, 0, 0, 0, 0, 0, 1, 0, 0, 0, 0, 0, 0], "eda+temp": [1, 4, 0, 0, 4, 0, 1, 1, 3, 1, 0, 0, 10, 12, 7], "eda+acc": [0, 2, 0, 0, 1, 0, 0, 1, 0, 0, 0, 0, 0, 5, 10], "temp+acc": [0, 2, 0, 0, 1, 0, 0, 0, 8, 2, 0, 0, 10, 13, 2], "bvp+eda+temp": [0, 1, 0, 0, 1, 0, 1, 0, 2, 0, 0, 0, 6, 10, 5], "bvp+eda+acc": [0, 0, 0, 0, 1, 0, 0, 0, 0, 0, 0, 0, 0, 1, 6], "bvp+temp+acc": [0, 0, 0, 0, 0, 0, 0, 0, 2, 0, 0, 0, 5, 8, 0], "eda+temp+acc": [0, 2, 0, 0, 1, 0, 0, 0, 2, 0, 0, 0, 5, 11, 6], "bvp+eda+temp+acc": [0, 1, 0, 0, 0, 0, 0, 0, 0, 0, 0, 0, 2, 9, 3]}}