{"rank": {"bvp": [0, 0, 0, 0, 0, 0, 0, 0, 0, 0, 0, 0, 0, 0, 0], "eda": [7, 6, 0, 1, 0, 2, 5, 0, 0, 0, 1, 0, 2, 0, 12], "temp": [0, 2, 2, 1, 1, 0, 1, 0, 5, 3, 1, 0, 12, 6, 1], "acc": [0, 0, 1, 0, 0, 0, 0, 0, 1, 0, 0, 0, 0, 0, 2], "bvp+eda": [1, 0, 0, 0, 0, 0, 0, 0, 0, 0, 0, 0, 0, 0, 6], "bvp+temp": [0, 0, 0, 0, 0, 0, 0, 0, 1, 0, 1, 0, 6, 2, 0], "bvp+acc": [0, 0, 0, 0, 0, 0, 0, 0, 1, 0, 0, 0, 0, 0, 0], "eda+temp": [3, 3, 0, 0, 0, 0, 1, 0, 1, 1, 0, 0, 7, 2, 6], "eda+acc": [2, 0, 0, 0, 0, 0, 1, 0, 0, 0, 0, 0, 0, 0, 8], "temp+acc": [0, 0, 1, 0, 0, 0, 0, 0, 2, 1, 0, 0, 5, 1, 0], "bvp+eda+temp": [0, 1, 0, 0, 0, 0, 0, 0, 0, 0, 0, 0, 5, 1, 3], "bvp+eda+acc": [0, 0, 0, 0, 0, 0, 0, 0, 0, 0, 0, 0, 0, 0, 2], "bvp+temp+acc": [0, 0, 0, 0, 0, 0, 0, 0, 1, 0, 0, 0, 1, 0, 0], "eda+temp+acc": [0, 0, 0, 0, 0, 0, 0, 0, 0, 0, 0, 0, 4, 0, 2], "bvp+eda+temp+acc": [0, 0, 0, 0, 0, 0, 0, 0, 0, 0, 0, 0, 1, 0, 1]}, "score": {"bvp": [0, 0, 0, 0, 0, 0, 0, 0, 0, 0, 0, 0, 0, 0, 0], "eda": [7, 6, 0, 1, 0, 2, 5, 0, 0, 0, 1, 0, 2, 0, 12], "temp": [0, 2, 2, 1, 1, 0, 1, 0, 5, 3, 1, 0, 12, 6, 1], "acc": [0, 0, 1, 0, 0, 0, 0, 0, 1, 0, 0, 0, 0, 0, 2], "bvp+eda": [0, 0, 0, 0, 0, 0, 2, 0, 0, 0, 0, 0, 0, 0, 6], "bvp+temp": [0, 1, 0, 0, 0, 0, 1, 0, 2, 0, 0, 0, 6, 2, 0], "bvp+acc": [0, 0, 0, 0, 0, 0, 0, 0, 1, 0, 0, 0, 0, 0, 0], "eda+temp": [0, 2, 0, 0, 0, 0, 1, 0, 3, 0, 0, 0, 6, 0, 6], "eda+acc": [0, 0, 0, 0, 0, 0, 1, 0, 0, 0, 0, 0, 0, 0, 10], "temp+acc": [0, 1, 0, 0, 0, 0, 0, 0, 5, 0, 0, 0, 5, 1, 0], "bvp+eda+temp": [0, 1, 0, 0, 0, 0, 0, 0, 0, 0, 0, 0, 4, 0, 4], "bvp+eda+acc": [0, 0, 0, 0, 0, 0, 0, 0, 0, 0, 0, 0, 0, 0, 3], "bvp+temp+acc": [0, 0, 0, 0, 0, 0, 0, 0, 1, 0, 0, 0, 1, 0, 0], "eda+temp+acc": [0, 1, 0, 0, 0, 0, 0, 0, 3, 0, 0, 0, 3, 0, 2], "bvp+eda+temp+acc": [0, 0, 0, 0, 0, 0, 0, 0, 0, 0, 0, 0, 0, 0, 0]}}