{"1": {"rank": 0.004, "score": 0.004, "mean": 0.004}, "2": {"rank": 0.007, "score": 0.007, "mean": 0.007}, "3": {"rank": 0.011, "score": 0.01, "mean": 0.01}, "4": {"rank": 0.014, "score": 0.013, "mean": 0.014}, "5": {"rank": 0.017, "score": 0.016, "mean": 0.017}, "6": {"rank": 0.02, "score": 0.019, "mean": 0.019}, "7": {"rank": 0.023, "score": 0.022, "mean": 0.022}, "8": {"rank": 0.026, "score": 0.024, "mean": 0.025}, "9": {"rank": 0.029, "score": 0.027, "mean": 0.028}, "10": {"rank": 0.032, "score": 0.03, "mean": 0.031}, "11": {"rank": 0.035, "score": 0.032, "mean": 0.033}, "12": {"rank": 0.037, "score": 0.035, "mean": 0.036}, "13": {"rank": 0.04, "score": 0.037, "mean": 0.038}, "14": {"rank": 0.043, "score": 0.039, "mean": 0.041}, "15": {"rank": 0.045, "score": 0.042, "mean": 0.043}, "16": {"rank": 0.047, "score": 0.044, "mean": 0.046}, "17": {"rank": 0.05, "score": 0.047, "mean": 0.048}, "18": {"rank": 0.052, "score": 0.049, "mean": 0.051}, "19": {"rank": 0.054, "score": 0.051, "mean": 0.053}, "20": {"rank": 0.057, "score": 0.053, "mean": 0.055}, "21": {"rank": 0.06, "score": 0.056, "mean": 0.058}, "22": {"rank": 0.062, "score": 0.057, "mean": 0.06}, "23": {"rank": 0.065, "score": 0.059, "mean": 0.062}, "24": {"rank": 0.067, "score": 0.061, "mean": 0.064}, "25": {"rank": 0.07, "score": 0.063, "mean": 0.066}, "26": {"rank": 0.072, "score": 0.065, "mean": 0.068}, "27": {"rank": 0.074, "score": 0.067, "mean": 0.071}, "28": {"rank": 0.076, "score": 0.069, "mean": 0.073}, "29": {"rank": 0.078, "score": 0.071, "mean": 0.075}, "30": {"rank": 0.081, "score": 0.073, "mean": 0.077}, "31": {"rank": 0.084, "score": 0.075, "mean": 0.08}, "32": {"rank": 0.086, "score": 0.078, "mean": 0.082}, "33": {"rank": 0.088, "score": 0.079, "mean": 0.084}, "34": {"rank": 0.091, "score": 0.081, "mean": 0.086}, "35": {"rank": 0.093, "score": 0.083, "mean": 0.088}, "36": {"rank": 0.095, "score": 0.086, "mean": 0.09}, "37": {"rank": 0.097, "score": 0.087, "mean": 0.092}, "38": {"rank": 0.099, "score": 0.089, "mean": 0.094}, "39": {"rank": 0.101, "score": 0.091, "mean": 0.096}, "40": {"rank": 0.103, "score": 0.093, "mean": 0.098}, "41": {"rank": 0.105, "score": 0.095, "mean": 0.1}, "42": {"rank": 0.107, "score": 0.097, "mean": 0.102}, "43": {"rank": 0.109, "score": 0.099, "mean": 0.104}, "44": {"rank": 0.111, "score": 0.102, "mean": 0.106}, "45": {"rank": 0.113, "score": 0.104, "mean": 0.108}, "46": {"rank": 0.116, "score": 0.106, "mean": 0.111}, "47": {"rank": 0.118, "score": 0.108, "mean": 0.113}, "48": {"rank": 0.119, "score": 0.11, "mean": 0.115}, "49": {"rank": 0.121, "score": 0.112, "mean": 0.117}, "50": {"rank": 0.124, "score": 0.114, "mean": 0.119}, "51": {"rank": 0.126, "score": 0.116, "mean": 0.121}, "52": {"rank": 0.128, "score": 0.118, "mean": 0.123}, "53": {"rank": 0.129, "score": 0.119, "mean": 0.124}, "54": {"rank": 0.131, "score": 0.121, "mean": 0.126}, "55": {"rank": 0.133, "score": 0.122, "mean": 0.128}, "56": {"rank": 0.135, "score": 0.124, "mean": 0.13}, "57": {"rank": 0.137, "score": 0.126, "mean": 0.132}, "58": {"rank": 0.139, "score": 0.127, "mean": 0.133}, "59": {"rank": 0.142, "score": 0.129, "mean": 0.135}, "60": {"rank": 0.144, "score": 0.132, "mean": 0.138}, "61": {"rank": 0.145, "score": 0.134, "mean": 0.14}, "62": {"rank": 0.147, "score": 0.135, "mean": 0.141}, "63": {"rank": 0.149, "score": 0.138, "mean": 0.143}, "64": {"rank": 0.15, "score": 0.139, "mean": 0.145}, "65": {"rank": 0.152, "score": 0.141, "mean": 0.147}, "66": {"rank": 0.155, "score": 0.143, "mean": 0.149}, "67": {"rank": 0.157, "score": 0.145, "mean": 0.151}, "68": {"rank": 0.159, "score": 0.147, "mean": 0.153}, "69": {"rank": 0.161, "score": 0.149, "mean": 0.155}, "70": {"rank": 0.163, "score": 0.151, "mean": 0.157}, "71": {"rank": 0.165, "score": 0.152, "mean": 0.158}, "72": {"rank": 0.167, "score": 0.154, "mean": 0.16}, "73": {"rank": 0.168, "score": 0.156, "mean": 0.162}, "74": {"rank": 0.17, "score": 0.158, "mean": 0.164}, "75": {"rank": 0.172, "score": 0.16, "mean": 0.166}, "76": {"rank": 0.174, "score": 0.161, "mean": 0.168}, "77": {"rank": 0.176, "score": 0.163, "mean": 0.17}, "78": {"rank": 0.178, "score": 0.165, "mean": 0.171}, "79": {"rank": 0.179, "score": 0.167, "mean": 0.173}, "80": {"rank": 0.18, "score": 0.169, "mean": 0.175}, "81": {"rank": 0.182, "score": 0.171, "mean": 0.176}, "82": {"rank": 0.183, "score": 0.173, "mean": 0.178}, "83": {"rank": 0.186, "score": 0.174, "mean": 0.18}, "84": {"rank": 0.188, "score": 0.176, "mean": 0.182}, "85": {"rank": 0.19, "score": 0.178, "mean": 0.184}, "86": {"rank": 0.191, "score": 0.18, "mean": 0.185}, "87": {"rank": 0.193, "score": 0.181, "mean": 0.187}, "88": {"rank": 0.195, "score": 0.183, "mean": 0.189}, "89": {"rank": 0.196, "score": 0.185, "mean": 0.19}, "90": {"rank": 0.198, "score": 0.186, "mean": 0.192}, "91": {"rank": 0.199, "score": 0.188, "mean": 0.194}, "92": {"rank": 0.201, "score": 0.189, "mean": 0.195}, "93": {"rank": 0.202, "score": 0.19, "mean": 0.196}, "94": {"rank": 0.204, "score": 0.192, "mean": 0.198}, "95": {"rank": 0.206, "score": 0.194, "mean": 0.2}, "96": {"rank": 0.208, "score": 0.196, "mean": 0.202}, "97": {"rank": 0.21, "score": 0.197, "mean": 0.204}, "98": {"rank": 0.212, "score": 0.199, "mean": 0.205}, "99": {"rank": 0.214, "score": 0.2, "mean": 0.207}, "100": {"rank": 0.215, "score": 0.202, "mean": 0.208}, "101": {"rank": 0.217, "score": 0.203, "mean": 0.21}, "102": {"rank": 0.218, "score": 0.204, "mean": 0.211}, "103": {"rank": 0.22, "score": 0.206, "mean": 0.213}, "104": {"rank": 0.222, "score": 0.208, "mean": 0.215}, "105": {"rank": 0.224, "score": 0.21, "mean": 0.217}, "106": {"rank": 0.226, "score": 0.211, "mean": 0.219}, "107": {"rank": 0.227, "score": 0.213, "mean": 0.22}, "108": {"rank": 0.229, "score": 0.215, "mean": 0.222}, "109": {"rank": 0.231, "score": 0.217, "mean": 0.224}, "110": {"rank": 0.232, "score": 0.218, "mean": 0.225}, "111": {"rank": 0.234, "score": 0.22, "mean": 0.227}, "112": {"rank": 0.235, "score": 0.221, "mean": 0.228}, "113": {"rank": 0.237, "score": 0.223, "mean": 0.23}, "114": {"rank": 0.24, "score": 0.224, "mean": 0.232}, "115": {"rank": 0.241, "score": 0.226, "mean": 0.234}, "116": {"rank": 0.243, "score": 0.228, "mean": 0.236}, "117": {"rank": 0.245, "score": 0.229, "mean": 0.237}, "118": {"rank": 0.247, "score": 0.231, "mean": 0.239}, "119": {"rank": 0.248, "score": 0.232, "mean": 0.24}, "120": {"rank": 0.25, "score": 0.234, "mean": 0.242}, "121": {"rank": 0.251, "score": 0.235, "mean": 0.243}, "122": {"rank": 0.253, "score": 0.237, "mean": 0.245}, "123": {"rank": 0.255, "score": 0.238, "mean": 0.246}, "124": {"rank": 0.257, "score": 0.239, "mean": 0.248}, "125": {"rank": 0.258, "score": 0.241, "mean": 0.249}, "126": {"rank": 0.259, "score": 0.242, "mean": 0.251}, "127": {"rank": 0.262, "score": 0.244, "mean": 0.253}, "128": {"rank": 0.263, "score": 0.245, "mean": 0.254}, "129": {"rank": 0.265, "score": 0.247, "mean": 0.256}, "130": {"rank": 0.266, "score": 0.248, "mean": 0.257}, "131": {"rank": 0.268, "score": 0.25, "mean": 0.259}, "132": {"rank": 0.269, "score": 0.251, "mean": 0.26}, "133": {"rank": 0.271, "score": 0.253, "mean": 0.262}, "134": {"rank": 0.272, "score": 0.255, "mean": 0.263}, "135": {"rank": 0.274, "score": 0.256, "mean": 0.265}, "136": {"rank": 0.275, "score": 0.258, "mean": 0.266}, "137": {"rank": 0.277, "score": 0.259, "mean": 0.268}, "138": {"rank": 0.278, "score": 0.261, "mean": 0.269}, "139": {"rank": 0.28, "score": 0.262, "mean": 0.271}, "140": {"rank": 0.281, "score": 0.263, "mean": 0.272}, "141": {"rank": 0.283, "score": 0.265, "mean": 0.274}, "142": {"rank": 0.284, "score": 0.266, "mean": 0.275}, "143": {"rank": 0.286, "score": 0.268, "mean": 0.277}, "144": {"rank": 0.288, "score": 0.27, "mean": 0.279}, "145": {"rank": 0.289, "score": 0.271, "mean": 0.28}, "146": {"rank": 0.291, "score": 0.272, "mean": 0.281}, "147": {"rank": 0.292, "score": 0.273, "mean": 0.283}, "148": {"rank": 0.293, "score": 0.275, "mean": 0.284}, "149": {"rank": 0.295, "score": 0.276, "mean": 0.285}, "150": {"rank": 0.297, "score": 0.278, "mean": 0.287}, "151": {"rank": 0.298, "score": 0.279, "mean": 0.289}, "152": {"rank": 0.3, "score": 0.281, "mean": 0.29}, "153": {"rank": 0.302, "score": 0.283, "mean": 0.292}, "154": {"rank": 0.303, "score": 0.284, "mean": 0.294}, "155": {"rank": 0.305, "score": 0.286, "mean": 0.296}, "156": {"rank": 0.307, "score": 0.288, "mean": 0.297}, "157": {"rank": 0.308, "score": 0.289, "mean": 0.299}, "158": {"rank": 0.309, "score": 0.291, "mean": 0.3}, "159": {"rank": 0.31, "score": 0.292, "mean": 0.301}, "160": {"rank": 0.312, "score": 0.293, "mean": 0.303}, "161": {"rank": 0.314, "score": 0.295, "mean": 0.304}, "162": {"rank": 0.316, "score": 0.297, "mean": 0.306}, "163": {"rank": 0.317, "score": 0.298, "mean": 0.307}, "164": {"rank": 0.319, "score": 0.299, "mean": 0.309}, "165": {"rank": 0.32, "score": 0.301, "mean": 0.31}, "166": {"rank": 0.322, "score": 0.303, "mean": 0.312}, "167": {"rank": 0.324, "score": 0.304, "mean": 0.314}, "168": {"rank": 0.325, "score": 0.305, "mean": 0.315}, "169": {"rank": 0.326, "score": 0.307, "mean": 0.316}, "170": {"rank": 0.328, "score": 0.308, "mean": 0.318}, "171": {"rank": 0.329, "score": 0.309, "mean": 0.319}, "172": {"rank": 0.33, "score": 0.31, "mean": 0.32}, "173": {"rank": 0.331, "score": 0.312, "mean": 0.322}, "174": {"rank": 0.333, "score": 0.313, "mean": 0.323}, "175": {"rank": 0.334, "score": 0.315, "mean": 0.324}, "176": {"rank": 0.335, "score": 0.316, "mean": 0.326}, "177": {"rank": 0.337, "score": 0.317, "mean": 0.327}, "178": {"rank": 0.338, "score": 0.318, "mean": 0.328}, "179": {"rank": 0.339, "score": 0.32, "mean": 0.329}, "180": {"rank": 0.341, "score": 0.321, "mean": 0.331}, "181": {"rank": 0.342, "score": 0.322, "mean": 0.332}, "182": {"rank": 0.344, "score": 0.324, "mean": 0.334}, "183": {"rank": 0.345, "score": 0.326, "mean": 0.336}, "184": {"rank": 0.347, "score": 0.327, "mean": 0.337}, "185": {"rank": 0.349, "score": 0.329, "mean": 0.339}, "186": {"rank": 0.35, "score": 0.33, "mean": 0.34}, "187": {"rank": 0.351, "score": 0.331, "mean": 0.341}, "188": {"rank": 0.353, "score": 0.333, "mean": 0.343}, "189": {"rank": 0.354, "score": 0.334, "mean": 0.344}, "190": {"rank": 0.356, "score": 0.335, "mean": 0.345}, "191": {"rank": 0.357, "score": 0.336, "mean": 0.347}, "192": {"rank": 0.358, "score": 0.338, "mean": 0.348}, "193": {"rank": 0.359, "score": 0.339, "mean": 0.349}, "194": {"rank": 0.361, "score": 0.34, "mean": 0.35}, "195": {"rank": 0.362, "score": 0.341, "mean": 0.352}, "196": {"rank": 0.363, "score": 0.343, "mean": 0.353}, "197": {"rank": 0.365, "score": 0.344, "mean": 0.355}, "198": {"rank": 0.367, "score": 0.345, "mean": 0.356}, "199": {"rank": 0.368, "score": 0.347, "mean": 0.357}, "200": {"rank": 0.369, "score": 0.348, "mean": 0.359}, "201": {"rank": 0.37, "score": 0.349, "mean": 0.36}, "202": {"rank": 0.372, "score": 0.35, "mean": 0.361}, "203": {"rank": 0.373, "score": 0.352, "mean": 0.362}, "204": {"rank": 0.374, "score": 0.353, "mean": 0.363}, "205": {"rank": 0.376, "score": 0.354, "mean": 0.365}, "206": {"rank": 0.377, "score": 0.355, "mean": 0.366}, "207": {"rank": 0.379, "score": 0.357, "mean": 0.368}, "208": {"rank": 0.38, "score": 0.358, "mean": 0.369}, "209": {"rank": 0.381, "score": 0.359, "mean": 0.37}, "210": {"rank": 0.383, "score": 0.36, "mean": 0.372}, "211": {"rank": 0.384, "score": 0.361, "mean": 0.373}, "212": {"rank": 0.385, "score": 0.363, "mean": 0.374}, "213": {"rank": 0.386, "score": 0.364, "mean": 0.375}, "214": {"rank": 0.387, "score": 0.365, "mean": 0.376}, "215": {"rank": 0.389, "score": 0.366, "mean": 0.377}, "216": {"rank": 0.39, "score": 0.367, "mean": 0.379}, "217": {"rank": 0.392, "score": 0.369, "mean": 0.38}, "218": {"rank": 0.393, "score": 0.37, "mean": 0.382}, "219": {"rank": 0.394, "score": 0.371, "mean": 0.383}, "220": {"rank": 0.396, "score": 0.373, "mean": 0.384}, "221": {"rank": 0.397, "score": 0.374, "mean": 0.386}, "222": {"rank": 0.398, "score": 0.375, "mean": 0.387}, "223": {"rank": 0.399, "score": 0.376, "mean": 0.388}, "224": {"rank": 0.401, "score": 0.378, "mean": 0.389}, "225": {"rank": 0.402, "score": 0.379, "mean": 0.39}, "226": {"rank": 0.403, "score": 0.381, "mean": 0.392}, "227": {"rank": 0.404, "score": 0.382, "mean": 0.393}, "228": {"rank": 0.406, "score": 0.383, "mean": 0.394}, "229": {"rank": 0.407, "score": 0.385, "mean": 0.396}, "230": {"rank": 0.408, "score": 0.386, "mean": 0.397}, "231": {"rank": 0.409, "score": 0.387, "mean": 0.398}, "232": {"rank": 0.41, "score": 0.388, "mean": 0.399}, "233": {"rank": 0.411, "score": 0.389, "mean": 0.4}, "234": {"rank": 0.413, "score": 0.391, "mean": 0.402}, "235": {"rank": 0.414, "score": 0.392, "mean": 0.403}, "236": {"rank": 0.415, "score": 0.393, "mean": 0.404}, "237": {"rank": 0.417, "score": 0.394, "mean": 0.406}, "238": {"rank": 0.418, "score": 0.396, "mean": 0.407}, "239": {"rank": 0.419, "score": 0.397, "mean": 0.408}, "240": {"rank": 0.421, "score": 0.398, "mean": 0.409}, "241": {"rank": 0.422, "score": 0.399, "mean": 0.411}, "242": {"rank": 0.423, "score": 0.401, "mean": 0.412}, "243": {"rank": 0.424, "score": 0.402, "mean": 0.413}, "244": {"rank": 0.425, "score": 0.403, "mean": 0.414}, "245": {"rank": 0.426, "score": 0.404, "mean": 0.415}, "246": {"rank": 0.428, "score": 0.405, "mean": 0.416}, "247": {"rank": 0.429, "score": 0.407, "mean": 0.418}, "248": {"rank": 0.43, "score": 0.408, "mean": 0.419}, "249": {"rank": 0.431, "score": 0.409, "mean": 0.42}, "250": {"rank": 0.433, "score": 0.41, "mean": 0.421}, "251": {"rank": 0.434, "score": 0.411, "mean": 0.423}, "252": {"rank": 0.435, "score": 0.412, "mean": 0.424}, "253": {"rank": 0.437, "score": 0.413, "mean": 0.425}, "254": {"rank": 0.438, "score": 0.414, "mean": 0.426}, "255": {"rank": 0.439, "score": 0.416, "mean": 0.427}, "256": {"rank": 0.44, "score": 0.417, "mean": 0.429}, "257": {"rank": 0.442, "score": 0.418, "mean": 0.43}, "258": {"rank": 0.443, "score": 0.419, "mean": 0.431}, "259": {"rank": 0.444, "score": 0.421, "mean": 0.432}, "260": {"rank": 0.445, "score": 0.422, "mean": 0.434}, "261": {"rank": 0.447, "score": 0.423, "mean": 0.435}, "262": {"rank": 0.448, "score": 0.425, "mean": 0.436}, "263": {"rank": 0.449, "score": 0.426, "mean": 0.438}, "264": {"rank": 0.45, "score": 0.427, "mean": 0.439}, "265": {"rank": 0.451, "score": 0.429, "mean": 0.44}, "266": {"rank": 0.452, "score": 0.43, "mean": 0.441}, "267": {"rank": 0.454, "score": 0.431, "mean": 0.442}, "268": {"rank": 0.455, "score": 0.433, "mean": 0.444}, "269": {"rank": 0.456, "score": 0.434, "mean": 0.445}, "270": {"rank": 0.457, "score": 0.435, "mean": 0.446}, "271": {"rank": 0.459, "score": 0.437, "mean": 0.448}, "272": {"rank": 0.46, "score": 0.438, "mean": 0.449}, "273": {"rank": 0.461, "score": 0.439, "mean": 0.45}, "274": {"rank": 0.462, "score": 0.44, "mean": 0.451}, "275": {"rank": 0.463, "score": 0.442, "mean": 0.452}, "276": {"rank": 0.465, "score": 0.443, "mean": 0.454}, "277": {"rank": 0.466, "score": 0.444, "mean": 0.455}, "278": {"rank": 0.467, "score": 0.445, "mean": 0.456}, "279": {"rank": 0.468, "score": 0.446, "mean": 0.457}, "280": {"rank": 0.469, "score": 0.447, "mean": 0.458}, "281": {"rank": 0.47, "score": 0.449, "mean": 0.459}, "282": {"rank": 0.471, "score": 0.45, "mean": 0.461}, "283": {"rank": 0.473, "score": 0.451, "mean": 0.462}, "284": {"rank": 0.474, "score": 0.453, "mean": 0.463}, "285": {"rank": 0.475, "score": 0.454, "mean": 0.464}, "286": {"rank": 0.476, "score": 0.455, "mean": 0.466}, "287": {"rank": 0.478, "score": 0.456, "mean": 0.467}, "288": {"rank": 0.479, "score": 0.458, "mean": 0.468}, "289": {"rank": 0.48, "score": 0.459, "mean": 0.469}, "290": {"rank": 0.481, "score": 0.46, "mean": 0.471}, "291": {"rank": 0.483, "score": 0.461, "mean": 0.472}, "292": {"rank": 0.484, "score": 0.462, "mean": 0.473}, "293": {"rank": 0.485, "score": 0.463, "mean": 0.474}, "294": {"rank": 0.486, "score": 0.465, "mean": 0.476}, "295": {"rank": 0.487, "score": 0.466, "mean": 0.477}, "296": {"rank": 0.489, "score": 0.468, "mean": 0.478}, "297": {"rank": 0.49, "score": 0.469, "mean": 0.479}, "298": {"rank": 0.491, "score": 0.47, "mean": 0.48}, "299": {"rank": 0.492, "score": 0.471, "mean": 0.482}, "300": {"rank": 0.493, "score": 0.472, "mean": 0.482}, "301": {"rank": 0.494, "score": 0.473, "mean": 0.484}, "302": {"rank": 0.496, "score": 0.474, "mean": 0.485}, "303": {"rank": 0.496, "score": 0.475, "mean": 0.485}, "304": {"rank": 0.498, "score": 0.476, "mean": 0.487}, "305": {"rank": 0.499, "score": 0.478, "mean": 0.488}, "306": {"rank": 0.5, "score": 0.479, "mean": 0.489}, "307": {"rank": 0.501, "score": 0.48, "mean": 0.49}, "308": {"rank": 0.502, "score": 0.481, "mean": 0.492}, "309": {"rank": 0.503, "score": 0.482, "mean": 0.493}, "310": {"rank": 0.505, "score": 0.484, "mean": 0.494}, "311": {"rank": 0.506, "score": 0.485, "mean": 0.495}, "312": {"rank": 0.507, "score": 0.485, "mean": 0.496}, "313": {"rank": 0.508, "score": 0.487, "mean": 0.497}, "314": {"rank": 0.509, "score": 0.488, "mean": 0.499}, "315": {"rank": 0.511, "score": 0.489, "mean": 0.5}, "316": {"rank": 0.512, "score": 0.49, "mean": 0.501}, "317": {"rank": 0.513, "score": 0.491, "mean": 0.502}, "318": {"rank": 0.514, "score": 0.492, "mean": 0.503}, "319": {"rank": 0.515, "score": 0.494, "mean": 0.504}, "320": {"rank": 0.516, "score": 0.495, "mean": 0.505}, "321": {"rank": 0.517, "score": 0.496, "mean": 0.507}, "322": {"rank": 0.518, "score": 0.498, "mean": 0.508}, "323": {"rank": 0.52, "score": 0.499, "mean": 0.509}, "324": {"rank": 0.52, "score": 0.5, "mean": 0.51}, "325": {"rank": 0.522, "score": 0.501, "mean": 0.511}, "326": {"rank": 0.523, "score": 0.502, "mean": 0.512}, "327": {"rank": 0.524, "score": 0.503, "mean": 0.513}, "328": {"rank": 0.525, "score": 0.504, "mean": 0.514}, "329": {"rank": 0.526, "score": 0.505, "mean": 0.515}, "330": {"rank": 0.527, "score": 0.506, "mean": 0.516}, "331": {"rank": 0.528, "score": 0.507, "mean": 0.518}, "332": {"rank": 0.53, "score": 0.508, "mean": 0.519}, "333": {"rank": 0.531, "score": 0.509, "mean": 0.52}, "334": {"rank": 0.532, "score": 0.51, "mean": 0.521}, "335": {"rank": 0.534, "score": 0.511, "mean": 0.522}, "336": {"rank": 0.535, "score": 0.512, "mean": 0.523}, "337": {"rank": 0.536, "score": 0.513, "mean": 0.525}, "338": {"rank": 0.537, "score": 0.514, "mean": 0.526}, "339": {"rank": 0.538, "score": 0.515, "mean": 0.527}, "340": {"rank": 0.539, "score": 0.516, "mean": 0.528}, "341": {"rank": 0.54, "score": 0.518, "mean": 0.529}, "342": {"rank": 0.541, "score": 0.519, "mean": 0.53}, "343": {"rank": 0.542, "score": 0.52, "mean": 0.531}, "344": {"rank": 0.543, "score": 0.521, "mean": 0.532}, "345": {"rank": 0.544, "score": 0.522, "mean": 0.533}, "346": {"rank": 0.546, "score": 0.523, "mean": 0.534}, "347": {"rank": 0.547, "score": 0.524, "mean": 0.535}, "348": {"rank": 0.548, "score": 0.524, "mean": 0.536}, "349": {"rank": 0.549, "score": 0.526, "mean": 0.537}, "350": {"rank": 0.55, "score": 0.527, "mean": 0.538}, "351": {"rank": 0.551, "score": 0.528, "mean": 0.54}, "352": {"rank": 0.552, "score": 0.529, "mean": 0.541}, "353": {"rank": 0.553, "score": 0.53, "mean": 0.542}, "354": {"rank": 0.555, "score": 0.531, "mean": 0.543}, "355": {"rank": 0.556, "score": 0.532, "mean": 0.544}, "356": {"rank": 0.556, "score": 0.533, "mean": 0.545}, "357": {"rank": 0.558, "score": 0.534, "mean": 0.546}, "358": {"rank": 0.559, "score": 0.535, "mean": 0.547}, "359": {"rank": 0.56, "score": 0.536, "mean": 0.548}, "360": {"rank": 0.561, "score": 0.537, "mean": 0.549}, "361": {"rank": 0.562, "score": 0.538, "mean": 0.55}, "362": {"rank": 0.562, "score": 0.538, "mean": 0.55}, "363": {"rank": 0.564, "score": 0.539, "mean": 0.551}, "364": {"rank": 0.565, "score": 0.54, "mean": 0.552}, "365": {"rank": 0.565, "score": 0.541, "mean": 0.553}, "366": {"rank": 0.567, "score": 0.542, "mean": 0.555}, "367": {"rank": 0.568, "score": 0.543, "mean": 0.556}, "368": {"rank": 0.569, "score": 0.544, "mean": 0.557}, "369": {"rank": 0.57, "score": 0.545, "mean": 0.558}, "370": {"rank": 0.571, "score": 0.546, "mean": 0.559}, "371": {"rank": 0.573, "score": 0.548, "mean": 0.56}, "372": {"rank": 0.574, "score": 0.549, "mean": 0.561}, "373": {"rank": 0.574, "score": 0.55, "mean": 0.562}, "374": {"rank": 0.576, "score": 0.551, "mean": 0.564}, "375": {"rank": 0.577, "score": 0.553, "mean": 0.565}, "376": {"rank": 0.578, "score": 0.554, "mean": 0.566}, "377": {"rank": 0.579, "score": 0.555, "mean": 0.567}, "378": {"rank": 0.58, "score": 0.556, "mean": 0.568}, "379": {"rank": 0.581, "score": 0.557, "mean": 0.569}, "380": {"rank": 0.582, "score": 0.558, "mean": 0.57}, "381": {"rank": 0.583, "score": 0.559, "mean": 0.571}, "382": {"rank": 0.584, "score": 0.559, "mean": 0.572}, "383": {"rank": 0.585, "score": 0.56, "mean": 0.573}, "384": {"rank": 0.586, "score": 0.561, "mean": 0.574}, "385": {"rank": 0.588, "score": 0.563, "mean": 0.575}, "386": {"rank": 0.589, "score": 0.564, "mean": 0.576}, "387": {"rank": 0.59, "score": 0.564, "mean": 0.577}, "388": {"rank": 0.59, "score": 0.565, "mean": 0.578}, "389": {"rank": 0.592, "score": 0.566, "mean": 0.579}, "390": {"rank": 0.592, "score": 0.567, "mean": 0.579}, "391": {"rank": 0.594, "score": 0.568, "mean": 0.581}, "392": {"rank": 0.595, "score": 0.569, "mean": 0.582}, "393": {"rank": 0.596, "score": 0.569, "mean": 0.583}, "394": {"rank": 0.597, "score": 0.57, "mean": 0.583}, "395": {"rank": 0.598, "score": 0.571, "mean": 0.585}, "396": {"rank": 0.599, "score": 0.572, "mean": 0.586}, "397": {"rank": 0.6, "score": 0.573, "mean": 0.587}, "398": {"rank": 0.601, "score": 0.574, "mean": 0.588}, "399": {"rank": 0.602, "score": 0.575, "mean": 0.588}, "400": {"rank": 0.603, "score": 0.576, "mean": 0.589}, "401": {"rank": 0.604, "score": 0.576, "mean": 0.59}, "402": {"rank": 0.605, "score": 0.577, "mean": 0.591}, "403": {"rank": 0.606, "score": 0.578, "mean": 0.592}, "404": {"rank": 0.607, "score": 0.58, "mean": 0.593}, "405": {"rank": 0.608, "score": 0.58, "mean": 0.594}, "406": {"rank": 0.609, "score": 0.581, "mean": 0.595}, "407": {"rank": 0.61, "score": 0.582, "mean": 0.596}, "408": {"rank": 0.611, "score": 0.583, "mean": 0.597}, "409": {"rank": 0.612, "score": 0.584, "mean": 0.598}, "410": {"rank": 0.613, "score": 0.585, "mean": 0.599}, "411": {"rank": 0.614, "score": 0.586, "mean": 0.6}, "412": {"rank": 0.615, "score": 0.587, "mean": 0.601}, "413": {"rank": 0.616, "score": 0.588, "mean": 0.602}, "414": {"rank": 0.617, "score": 0.589, "mean": 0.603}, "415": {"rank": 0.618, "score": 0.59, "mean": 0.604}, "416": {"rank": 0.619, "score": 0.591, "mean": 0.605}, "417": {"rank": 0.62, "score": 0.592, "mean": 0.606}, "418": {"rank": 0.62, "score": 0.593, "mean": 0.606}, "419": {"rank": 0.621, "score": 0.594, "mean": 0.607}, "420": {"rank": 0.622, "score": 0.595, "mean": 0.608}, "421": {"rank": 0.623, "score": 0.595, "mean": 0.609}, "422": {"rank": 0.624, "score": 0.596, "mean": 0.61}, "423": {"rank": 0.625, "score": 0.597, "mean": 0.611}, "424": {"rank": 0.626, "score": 0.598, "mean": 0.612}, "425": {"rank": 0.627, "score": 0.599, "mean": 0.613}, "426": {"rank": 0.628, "score": 0.6, "mean": 0.614}, "427": {"rank": 0.629, "score": 0.601, "mean": 0.615}, "428": {"rank": 0.631, "score": 0.602, "mean": 0.616}, "429": {"rank": 0.632, "score": 0.603, "mean": 0.617}, "430": {"rank": 0.633, "score": 0.604, "mean": 0.618}, "431": {"rank": 0.634, "score": 0.605, "mean": 0.619}, "432": {"rank": 0.635, "score": 0.606, "mean": 0.621}, "433": {"rank": 0.636, "score": 0.607, "mean": 0.621}, "434": {"rank": 0.637, "score": 0.608, "mean": 0.623}, "435": {"rank": 0.638, "score": 0.609, "mean": 0.624}, "436": {"rank": 0.639, "score": 0.61, "mean": 0.624}, "437": {"rank": 0.64, "score": 0.611, "mean": 0.625}, "438": {"rank": 0.641, "score": 0.612, "mean": 0.627}, "439": {"rank": 0.642, "score": 0.613, "mean": 0.628}, "440": {"rank": 0.643, "score": 0.614, "mean": 0.628}, "441": {"rank": 0.644, "score": 0.615, "mean": 0.629}, "442": {"rank": 0.645, "score": 0.615, "mean": 0.63}, "443": {"rank": 0.645, "score": 0.616, "mean": 0.631}, "444": {"rank": 0.646, "score": 0.617, "mean": 0.632}, "445": {"rank": 0.647, "score": 0.618, "mean": 0.633}, "446": {"rank": 0.648, "score": 0.619, "mean": 0.633}, "447": {"rank": 0.649, "score": 0.619, "mean": 0.634}, "448": {"rank": 0.649, "score": 0.62, "mean": 0.635}, "449": {"rank": 0.65, "score": 0.621, "mean": 0.636}, "450": {"rank": 0.651, "score": 0.622, "mean": 0.637}, "451": {"rank": 0.652, "score": 0.623, "mean": 0.637}, "452": {"rank": 0.653, "score": 0.623, "mean": 0.638}, "453": {"rank": 0.654, "score": 0.624, "mean": 0.639}, "454": {"rank": 0.655, "score": 0.625, "mean": 0.64}, "455": {"rank": 0.656, "score": 0.626, "mean": 0.641}, "456": {"rank": 0.657, "score": 0.626, "mean": 0.642}, "457": {"rank": 0.657, "score": 0.627, "mean": 0.642}, "458": {"rank": 0.658, "score": 0.628, "mean": 0.643}, "459": {"rank": 0.659, "score": 0.629, "mean": 0.644}, "460": {"rank": 0.66, "score": 0.63, "mean": 0.645}, "461": {"rank": 0.661, "score": 0.631, "mean": 0.646}, "462": {"rank": 0.662, "score": 0.632, "mean": 0.647}, "463": {"rank": 0.663, "score": 0.633, "mean": 0.648}, "464": {"rank": 0.663, "score": 0.634, "mean": 0.649}, "465": {"rank": 0.664, "score": 0.634, "mean": 0.649}, "466": {"rank": 0.665, "score": 0.635, "mean": 0.65}, "467": {"rank": 0.666, "score": 0.636, "mean": 0.651}, "468": {"rank": 0.667, "score": 0.637, "mean": 0.652}, "469": {"rank": 0.668, "score": 0.638, "mean": 0.653}, "470": {"rank": 0.669, "score": 0.639, "mean": 0.654}, "471": {"rank": 0.67, "score": 0.639, "mean": 0.655}, "472": {"rank": 0.671, "score": 0.641, "mean": 0.656}, "473": {"rank": 0.671, "score": 0.641, "mean": 0.656}, "474": {"rank": 0.673, "score": 0.643, "mean": 0.658}, "475": {"rank": 0.674, "score": 0.644, "mean": 0.659}, "476": {"rank": 0.675, "score": 0.645, "mean": 0.66}, "477": {"rank": 0.676, "score": 0.645, "mean": 0.661}, "478": {"rank": 0.676, "score": 0.646, "mean": 0.661}, "479": {"rank": 0.677, "score": 0.647, "mean": 0.662}, "480": {"rank": 0.678, "score": 0.648, "mean": 0.663}, "481": {"rank": 0.679, "score": 0.649, "mean": 0.664}, "482": {"rank": 0.68, "score": 0.65, "mean": 0.665}, "483": {"rank": 0.681, "score": 0.651, "mean": 0.666}, "484": {"rank": 0.682, "score": 0.652, "mean": 0.667}, "485": {"rank": 0.684, "score": 0.653, "mean": 0.668}, "486": {"rank": 0.684, "score": 0.654, "mean": 0.669}, "487": {"rank": 0.685, "score": 0.655, "mean": 0.67}, "488": {"rank": 0.686, "score": 0.655, "mean": 0.671}, "489": {"rank": 0.687, "score": 0.657, "mean": 0.672}, "490": {"rank": 0.688, "score": 0.657, "mean": 0.673}, "491": {"rank": 0.689, "score": 0.658, "mean": 0.674}, "492": {"rank": 0.69, "score": 0.659, "mean": 0.674}, "493": {"rank": 0.69, "score": 0.66, "mean": 0.675}, "494": {"rank": 0.692, "score": 0.661, "mean": 0.676}, "495": {"rank": 0.692, "score": 0.662, "mean": 0.677}, "496": {"rank": 0.693, "score": 0.663, "mean": 0.678}, "497": {"rank": 0.694, "score": 0.664, "mean": 0.679}, "498": {"rank": 0.695, "score": 0.664, "mean": 0.68}, "499": {"rank": 0.696, "score": 0.665, "mean": 0.681}, "500": {"rank": 0.697, "score": 0.666, "mean": 0.682}, "501": {"rank": 0.698, "score": 0.667, "mean": 0.682}, "502": {"rank": 0.699, "score": 0.668, "mean": 0.683}, "503": {"rank": 0.7, "score": 0.669, "mean": 0.684}, "504": {"rank": 0.701, "score": 0.67, "mean": 0.685}, "505": {"rank": 0.701, "score": 0.671, "mean": 0.686}, "506": {"rank": 0.702, "score": 0.671, "mean": 0.687}, "507": {"rank": 0.703, "score": 0.672, "mean": 0.688}, "508": {"rank": 0.704, "score": 0.673, "mean": 0.689}, "509": {"rank": 0.705, "score": 0.674, "mean": 0.689}, "510": {"rank": 0.706, "score": 0.675, "mean": 0.69}, "511": {"rank": 0.707, "score": 0.676, "mean": 0.691}, "512": {"rank": 0.707, "score": 0.676, "mean": 0.692}, "513": {"rank": 0.708, "score": 0.677, "mean": 0.693}, "514": {"rank": 0.709, "score": 0.679, "mean": 0.694}, "515": {"rank": 0.71, "score": 0.679, "mean": 0.694}, "516": {"rank": 0.711, "score": 0.68, "mean": 0.695}, "517": {"rank": 0.711, "score": 0.681, "mean": 0.696}, "518": {"rank": 0.712, "score": 0.682, "mean": 0.697}, "519": {"rank": 0.713, "score": 0.683, "mean": 0.698}, "520": {"rank": 0.713, "score": 0.684, "mean": 0.699}, "521": {"rank": 0.714, "score": 0.684, "mean": 0.699}, "522": {"rank": 0.714, "score": 0.685, "mean": 0.7}, "523": {"rank": 0.715, "score": 0.685, "mean": 0.7}, "524": {"rank": 0.716, "score": 0.686, "mean": 0.701}, "525": {"rank": 0.717, "score": 0.687, "mean": 0.702}, "526": {"rank": 0.718, "score": 0.688, "mean": 0.703}, "527": {"rank": 0.719, "score": 0.689, "mean": 0.704}, "528": {"rank": 0.72, "score": 0.69, "mean": 0.705}, "529": {"rank": 0.721, "score": 0.691, "mean": 0.706}, "530": {"rank": 0.721, "score": 0.692, "mean": 0.707}, "531": {"rank": 0.722, "score": 0.693, "mean": 0.707}, "532": {"rank": 0.723, "score": 0.693, "mean": 0.708}, "533": {"rank": 0.724, "score": 0.694, "mean": 0.709}, "534": {"rank": 0.725, "score": 0.695, "mean": 0.71}, "535": {"rank": 0.726, "score": 0.695, "mean": 0.711}, "536": {"rank": 0.727, "score": 0.696, "mean": 0.711}, "537": {"rank": 0.727, "score": 0.697, "mean": 0.712}, "538": {"rank": 0.728, "score": 0.698, "mean": 0.713}, "539": {"rank": 0.729, "score": 0.699, "mean": 0.714}, "540": {"rank": 0.73, "score": 0.7, "mean": 0.715}, "541": {"rank": 0.73, "score": 0.701, "mean": 0.715}, "542": {"rank": 0.731, "score": 0.702, "mean": 0.716}, "543": {"rank": 0.732, "score": 0.702, "mean": 0.717}, "544": {"rank": 0.732, "score": 0.703, "mean": 0.718}, "545": {"rank": 0.733, "score": 0.704, "mean": 0.719}, "546": {"rank": 0.734, "score": 0.705, "mean": 0.719}, "547": {"rank": 0.734, "score": 0.705, "mean": 0.72}, "548": {"rank": 0.736, "score": 0.706, "mean": 0.721}, "549": {"rank": 0.736, "score": 0.707, "mean": 0.722}, "550": {"rank": 0.737, "score": 0.708, "mean": 0.723}, "551": {"rank": 0.738, "score": 0.709, "mean": 0.723}, "552": {"rank": 0.739, "score": 0.71, "mean": 0.724}, "553": {"rank": 0.739, "score": 0.711, "mean": 0.725}, "554": {"rank": 0.74, "score": 0.712, "mean": 0.726}, "555": {"rank": 0.742, "score": 0.712, "mean": 0.727}, "556": {"rank": 0.742, "score": 0.713, "mean": 0.728}, "557": {"rank": 0.743, "score": 0.714, "mean": 0.728}, "558": {"rank": 0.743, "score": 0.715, "mean": 0.729}, "559": {"rank": 0.744, "score": 0.716, "mean": 0.73}, "560": {"rank": 0.745, "score": 0.716, "mean": 0.731}, "561": {"rank": 0.746, "score": 0.717, "mean": 0.731}, "562": {"rank": 0.747, "score": 0.718, "mean": 0.732}, "563": {"rank": 0.748, "score": 0.719, "mean": 0.733}, "564": {"rank": 0.748, "score": 0.72, "mean": 0.734}, "565": {"rank": 0.749, "score": 0.721, "mean": 0.735}, "566": {"rank": 0.75, "score": 0.722, "mean": 0.736}, "567": {"rank": 0.751, "score": 0.723, "mean": 0.737}, "568": {"rank": 0.752, "score": 0.723, "mean": 0.737}, "569": {"rank": 0.752, "score": 0.724, "mean": 0.738}, "570": {"rank": 0.754, "score": 0.725, "mean": 0.739}, "571": {"rank": 0.754, "score": 0.726, "mean": 0.74}, "572": {"rank": 0.755, "score": 0.726, "mean": 0.741}, "573": {"rank": 0.756, "score": 0.727, "mean": 0.741}, "574": {"rank": 0.756, "score": 0.728, "mean": 0.742}, "575": {"rank": 0.757, "score": 0.729, "mean": 0.743}, "576": {"rank": 0.758, "score": 0.73, "mean": 0.744}, "577": {"rank": 0.759, "score": 0.731, "mean": 0.745}, "578": {"rank": 0.76, "score": 0.731, "mean": 0.746}, "579": {"rank": 0.761, "score": 0.732, "mean": 0.747}, "580": {"rank": 0.762, "score": 0.733, "mean": 0.747}, "581": {"rank": 0.763, "score": 0.733, "mean": 0.748}, "582": {"rank": 0.763, "score": 0.734, "mean": 0.749}, "583": {"rank": 0.764, "score": 0.734, "mean": 0.749}, "584": {"rank": 0.764, "score": 0.735, "mean": 0.75}, "585": {"rank": 0.765, "score": 0.736, "mean": 0.751}, "586": {"rank": 0.765, "score": 0.737, "mean": 0.751}, "587": {"rank": 0.766, "score": 0.738, "mean": 0.752}, "588": {"rank": 0.767, "score": 0.739, "mean": 0.753}, "589": {"rank": 0.768, "score": 0.739, "mean": 0.754}, "590": {"rank": 0.769, "score": 0.74, "mean": 0.755}, "591": {"rank": 0.77, "score": 0.741, "mean": 0.755}, "592": {"rank": 0.77, "score": 0.741, "mean": 0.756}, "593": {"rank": 0.771, "score": 0.742, "mean": 0.757}, "594": {"rank": 0.772, "score": 0.743, "mean": 0.757}, "595": {"rank": 0.773, "score": 0.744, "mean": 0.758}, "596": {"rank": 0.774, "score": 0.745, "mean": 0.759}, "597": {"rank": 0.774, "score": 0.745, "mean": 0.76}, "598": {"rank": 0.775, "score": 0.746, "mean": 0.76}, "599": {"rank": 0.775, "score": 0.747, "mean": 0.761}, "600": {"rank": 0.776, "score": 0.748, "mean": 0.762}, "601": {"rank": 0.777, "score": 0.748, "mean": 0.763}, "602": {"rank": 0.778, "score": 0.749, "mean": 0.763}, "603": {"rank": 0.779, "score": 0.75, "mean": 0.764}, "604": {"rank": 0.779, "score": 0.751, "mean": 0.765}, "605": {"rank": 0.78, "score": 0.752, "mean": 0.766}, "606": {"rank": 0.781, "score": 0.753, "mean": 0.767}, "607": {"rank": 0.781, "score": 0.754, "mean": 0.767}, "608": {"rank": 0.782, "score": 0.754, "mean": 0.768}, "609": {"rank": 0.783, "score": 0.755, "mean": 0.769}, "610": {"rank": 0.783, "score": 0.756, "mean": 0.77}, "611": {"rank": 0.784, "score": 0.756, "mean": 0.77}, "612": {"rank": 0.785, "score": 0.757, "mean": 0.771}, "613": {"rank": 0.786, "score": 0.758, "mean": 0.772}, "614": {"rank": 0.787, "score": 0.759, "mean": 0.773}, "615": {"rank": 0.787, "score": 0.76, "mean": 0.773}, "616": {"rank": 0.788, "score": 0.76, "mean": 0.774}, "617": {"rank": 0.789, "score": 0.761, "mean": 0.775}, "618": {"rank": 0.789, "score": 0.762, "mean": 0.775}, "619": {"rank": 0.791, "score": 0.763, "mean": 0.777}, "620": {"rank": 0.791, "score": 0.763, "mean": 0.777}, "621": {"rank": 0.792, "score": 0.764, "mean": 0.778}, "622": {"rank": 0.793, "score": 0.765, "mean": 0.779}, "623": {"rank": 0.794, "score": 0.766, "mean": 0.78}, "624": {"rank": 0.794, "score": 0.766, "mean": 0.78}, "625": {"rank": 0.795, "score": 0.767, "mean": 0.781}, "626": {"rank": 0.796, "score": 0.768, "mean": 0.782}, "627": {"rank": 0.797, "score": 0.769, "mean": 0.783}, "628": {"rank": 0.798, "score": 0.77, "mean": 0.784}, "629": {"rank": 0.798, "score": 0.77, "mean": 0.784}, "630": {"rank": 0.799, "score": 0.771, "mean": 0.785}, "631": {"rank": 0.8, "score": 0.772, "mean": 0.786}, "632": {"rank": 0.8, "score": 0.773, "mean": 0.786}, "633": {"rank": 0.801, "score": 0.774, "mean": 0.787}, "634": {"rank": 0.801, "score": 0.774, "mean": 0.788}, "635": {"rank": 0.802, "score": 0.775, "mean": 0.789}, "636": {"rank": 0.803, "score": 0.776, "mean": 0.789}, "637": {"rank": 0.803, "score": 0.777, "mean": 0.79}, "638": {"rank": 0.804, "score": 0.777, "mean": 0.791}, "639": {"rank": 0.804, "score": 0.778, "mean": 0.791}, "640": {"rank": 0.805, "score": 0.779, "mean": 0.792}, "641": {"rank": 0.806, "score": 0.78, "mean": 0.793}, "642": {"rank": 0.806, "score": 0.78, "mean": 0.793}, "643": {"rank": 0.807, "score": 0.781, "mean": 0.794}, "644": {"rank": 0.807, "score": 0.782, "mean": 0.795}, "645": {"rank": 0.808, "score": 0.782, "mean": 0.795}, "646": {"rank": 0.809, "score": 0.783, "mean": 0.796}, "647": {"rank": 0.81, "score": 0.784, "mean": 0.797}, "648": {"rank": 0.81, "score": 0.785, "mean": 0.798}, "649": {"rank": 0.811, "score": 0.786, "mean": 0.798}, "650": {"rank": 0.812, "score": 0.786, "mean": 0.799}, "651": {"rank": 0.812, "score": 0.787, "mean": 0.8}, "652": {"rank": 0.813, "score": 0.788, "mean": 0.8}, "653": {"rank": 0.813, "score": 0.788, "mean": 0.801}, "654": {"rank": 0.814, "score": 0.789, "mean": 0.802}, "655": {"rank": 0.815, "score": 0.79, "mean": 0.802}, "656": {"rank": 0.816, "score": 0.79, "mean": 0.803}, "657": {"rank": 0.816, "score": 0.791, "mean": 0.804}, "658": {"rank": 0.817, "score": 0.792, "mean": 0.805}, "659": {"rank": 0.818, "score": 0.793, "mean": 0.805}, "660": {"rank": 0.818, "score": 0.794, "mean": 0.806}, "661": {"rank": 0.819, "score": 0.794, "mean": 0.807}, "662": {"rank": 0.82, "score": 0.795, "mean": 0.807}, "663": {"rank": 0.82, "score": 0.795, "mean": 0.808}, "664": {"rank": 0.821, "score": 0.796, "mean": 0.809}, "665": {"rank": 0.822, "score": 0.797, "mean": 0.809}, "666": {"rank": 0.823, "score": 0.797, "mean": 0.81}, "667": {"rank": 0.823, "score": 0.799, "mean": 0.811}, "668": {"rank": 0.824, "score": 0.799, "mean": 0.812}, "669": {"rank": 0.825, "score": 0.8, "mean": 0.813}, "670": {"rank": 0.826, "score": 0.801, "mean": 0.813}, "671": {"rank": 0.826, "score": 0.801, "mean": 0.814}, "672": {"rank": 0.827, "score": 0.802, "mean": 0.814}, "673": {"rank": 0.828, "score": 0.803, "mean": 0.815}, "674": {"rank": 0.829, "score": 0.803, "mean": 0.816}, "675": {"rank": 0.829, "score": 0.804, "mean": 0.817}, "676": {"rank": 0.83, "score": 0.805, "mean": 0.817}, "677": {"rank": 0.831, "score": 0.805, "mean": 0.818}, "678": {"rank": 0.831, "score": 0.806, "mean": 0.819}, "679": {"rank": 0.832, "score": 0.807, "mean": 0.819}, "680": {"rank": 0.833, "score": 0.807, "mean": 0.82}, "681": {"rank": 0.833, "score": 0.808, "mean": 0.821}, "682": {"rank": 0.834, "score": 0.808, "mean": 0.821}, "683": {"rank": 0.835, "score": 0.809, "mean": 0.822}, "684": {"rank": 0.835, "score": 0.81, "mean": 0.823}, "685": {"rank": 0.836, "score": 0.81, "mean": 0.823}, "686": {"rank": 0.837, "score": 0.811, "mean": 0.824}, "687": {"rank": 0.838, "score": 0.812, "mean": 0.825}, "688": {"rank": 0.838, "score": 0.813, "mean": 0.826}, "689": {"rank": 0.839, "score": 0.814, "mean": 0.826}, "690": {"rank": 0.84, "score": 0.814, "mean": 0.827}, "691": {"rank": 0.841, "score": 0.815, "mean": 0.828}, "692": {"rank": 0.842, "score": 0.816, "mean": 0.829}, "693": {"rank": 0.842, "score": 0.817, "mean": 0.83}, "694": {"rank": 0.843, "score": 0.818, "mean": 0.831}, "695": {"rank": 0.844, "score": 0.819, "mean": 0.831}, "696": {"rank": 0.844, "score": 0.82, "mean": 0.832}, "697": {"rank": 0.845, "score": 0.82, "mean": 0.833}, "698": {"rank": 0.845, "score": 0.821, "mean": 0.833}, "699": {"rank": 0.846, "score": 0.822, "mean": 0.834}, "700": {"rank": 0.846, "score": 0.823, "mean": 0.835}, "701": {"rank": 0.847, "score": 0.823, "mean": 0.835}, "702": {"rank": 0.848, "score": 0.824, "mean": 0.836}, "703": {"rank": 0.849, "score": 0.825, "mean": 0.837}, "704": {"rank": 0.849, "score": 0.826, "mean": 0.838}, "705": {"rank": 0.85, "score": 0.826, "mean": 0.838}, "706": {"rank": 0.851, "score": 0.827, "mean": 0.839}, "707": {"rank": 0.851, "score": 0.828, "mean": 0.839}, "708": {"rank": 0.852, "score": 0.829, "mean": 0.841}, "709": {"rank": 0.853, "score": 0.829, "mean": 0.841}, "710": {"rank": 0.854, "score": 0.831, "mean": 0.842}, "711": {"rank": 0.854, "score": 0.832, "mean": 0.843}, "712": {"rank": 0.855, "score": 0.832, "mean": 0.844}, "713": {"rank": 0.855, "score": 0.833, "mean": 0.844}, "714": {"rank": 0.856, "score": 0.834, "mean": 0.845}, "715": {"rank": 0.857, "score": 0.834, "mean": 0.845}, "716": {"rank": 0.857, "score": 0.835, "mean": 0.846}, "717": {"rank": 0.858, "score": 0.836, "mean": 0.847}, "718": {"rank": 0.859, "score": 0.836, "mean": 0.848}, "719": {"rank": 0.859, "score": 0.837, "mean": 0.848}, "720": {"rank": 0.86, "score": 0.838, "mean": 0.849}, "721": {"rank": 0.861, "score": 0.838, "mean": 0.85}, "722": {"rank": 0.861, "score": 0.839, "mean": 0.85}, "723": {"rank": 0.862, "score": 0.839, "mean": 0.851}, "724": {"rank": 0.863, "score": 0.84, "mean": 0.851}, "725": {"rank": 0.863, "score": 0.841, "mean": 0.852}, "726": {"rank": 0.864, "score": 0.841, "mean": 0.853}, "727": {"rank": 0.865, "score": 0.842, "mean": 0.854}, "728": {"rank": 0.866, "score": 0.843, "mean": 0.854}, "729": {"rank": 0.866, "score": 0.843, "mean": 0.855}, "730": {"rank": 0.867, "score": 0.844, "mean": 0.855}, "731": {"rank": 0.867, "score": 0.844, "mean": 0.856}, "732": {"rank": 0.868, "score": 0.845, "mean": 0.856}, "733": {"rank": 0.868, "score": 0.846, "mean": 0.857}, "734": {"rank": 0.869, "score": 0.846, "mean": 0.858}, "735": {"rank": 0.87, "score": 0.847, "mean": 0.858}, "736": {"rank": 0.87, "score": 0.848, "mean": 0.859}, "737": {"rank": 0.871, "score": 0.848, "mean": 0.86}, "738": {"rank": 0.871, "score": 0.849, "mean": 0.86}, "739": {"rank": 0.872, "score": 0.85, "mean": 0.861}, "740": {"rank": 0.873, "score": 0.851, "mean": 0.862}, "741": {"rank": 0.873, "score": 0.851, "mean": 0.862}, "742": {"rank": 0.874, "score": 0.852, "mean": 0.863}, "743": {"rank": 0.874, "score": 0.853, "mean": 0.864}, "744": {"rank": 0.875, "score": 0.854, "mean": 0.864}, "745": {"rank": 0.875, "score": 0.855, "mean": 0.865}, "746": {"rank": 0.876, "score": 0.855, "mean": 0.865}, "747": {"rank": 0.877, "score": 0.856, "mean": 0.866}, "748": {"rank": 0.877, "score": 0.857, "mean": 0.867}, "749": {"rank": 0.878, "score": 0.858, "mean": 0.868}, "750": {"rank": 0.879, "score": 0.859, "mean": 0.869}, "751": {"rank": 0.879, "score": 0.859, "mean": 0.869}, "752": {"rank": 0.88, "score": 0.86, "mean": 0.87}, "753": {"rank": 0.881, "score": 0.861, "mean": 0.871}, "754": {"rank": 0.882, "score": 0.861, "mean": 0.871}, "755": {"rank": 0.882, "score": 0.862, "mean": 0.872}, "756": {"rank": 0.883, "score": 0.863, "mean": 0.873}, "757": {"rank": 0.884, "score": 0.864, "mean": 0.874}, "758": {"rank": 0.884, "score": 0.864, "mean": 0.874}, "759": {"rank": 0.885, "score": 0.865, "mean": 0.875}, "760": {"rank": 0.886, "score": 0.865, "mean": 0.876}, "761": {"rank": 0.886, "score": 0.866, "mean": 0.876}, "762": {"rank": 0.887, "score": 0.867, "mean": 0.877}, "763": {"rank": 0.888, "score": 0.868, "mean": 0.878}, "764": {"rank": 0.888, "score": 0.869, "mean": 0.878}, "765": {"rank": 0.889, "score": 0.87, "mean": 0.879}, "766": {"rank": 0.89, "score": 0.87, "mean": 0.88}, "767": {"rank": 0.89, "score": 0.871, "mean": 0.881}, "768": {"rank": 0.891, "score": 0.872, "mean": 0.881}, "769": {"rank": 0.891, "score": 0.872, "mean": 0.882}, "770": {"rank": 0.892, "score": 0.873, "mean": 0.882}, "771": {"rank": 0.893, "score": 0.874, "mean": 0.883}, "772": {"rank": 0.893, "score": 0.875, "mean": 0.884}, "773": {"rank": 0.894, "score": 0.875, "mean": 0.885}, "774": {"rank": 0.895, "score": 0.876, "mean": 0.885}, "775": {"rank": 0.895, "score": 0.876, "mean": 0.886}, "776": {"rank": 0.896, "score": 0.877, "mean": 0.887}, "777": {"rank": 0.896, "score": 0.878, "mean": 0.887}, "778": {"rank": 0.897, "score": 0.879, "mean": 0.888}, "779": {"rank": 0.898, "score": 0.879, "mean": 0.889}, "780": {"rank": 0.898, "score": 0.88, "mean": 0.889}, "781": {"rank": 0.899, "score": 0.881, "mean": 0.89}, "782": {"rank": 0.899, "score": 0.881, "mean": 0.89}, "783": {"rank": 0.9, "score": 0.882, "mean": 0.891}, "784": {"rank": 0.9, "score": 0.883, "mean": 0.891}, "785": {"rank": 0.901, "score": 0.883, "mean": 0.892}, "786": {"rank": 0.902, "score": 0.884, "mean": 0.893}, "787": {"rank": 0.902, "score": 0.885, "mean": 0.894}, "788": {"rank": 0.903, "score": 0.886, "mean": 0.894}, "789": {"rank": 0.903, "score": 0.886, "mean": 0.895}, "790": {"rank": 0.904, "score": 0.887, "mean": 0.895}, "791": {"rank": 0.904, "score": 0.888, "mean": 0.896}, "792": {"rank": 0.905, "score": 0.888, "mean": 0.897}, "793": {"rank": 0.905, "score": 0.889, "mean": 0.897}, "794": {"rank": 0.906, "score": 0.889, "mean": 0.898}, "795": {"rank": 0.906, "score": 0.89, "mean": 0.898}, "796": {"rank": 0.907, "score": 0.891, "mean": 0.899}, "797": {"rank": 0.908, "score": 0.892, "mean": 0.9}, "798": {"rank": 0.908, "score": 0.893, "mean": 0.901}, "799": {"rank": 0.909, "score": 0.893, "mean": 0.901}, "800": {"rank": 0.91, "score": 0.894, "mean": 0.902}, "801": {"rank": 0.91, "score": 0.895, "mean": 0.902}, "802": {"rank": 0.911, "score": 0.895, "mean": 0.903}, "803": {"rank": 0.911, "score": 0.896, "mean": 0.904}, "804": {"rank": 0.912, "score": 0.896, "mean": 0.904}, "805": {"rank": 0.912, "score": 0.897, "mean": 0.905}, "806": {"rank": 0.913, "score": 0.897, "mean": 0.905}, "807": {"rank": 0.913, "score": 0.898, "mean": 0.906}, "808": {"rank": 0.914, "score": 0.899, "mean": 0.906}, "809": {"rank": 0.915, "score": 0.899, "mean": 0.907}, "810": {"rank": 0.915, "score": 0.9, "mean": 0.908}, "811": {"rank": 0.916, "score": 0.9, "mean": 0.908}, "812": {"rank": 0.916, "score": 0.901, "mean": 0.908}, "813": {"rank": 0.917, "score": 0.901, "mean": 0.909}, "814": {"rank": 0.917, "score": 0.902, "mean": 0.91}, "815": {"rank": 0.918, "score": 0.903, "mean": 0.91}, "816": {"rank": 0.918, "score": 0.903, "mean": 0.911}, "817": {"rank": 0.919, "score": 0.904, "mean": 0.911}, "818": {"rank": 0.919, "score": 0.904, "mean": 0.912}, "819": {"rank": 0.92, "score": 0.905, "mean": 0.912}, "820": {"rank": 0.921, "score": 0.905, "mean": 0.913}, "821": {"rank": 0.921, "score": 0.906, "mean": 0.914}, "822": {"rank": 0.922, "score": 0.907, "mean": 0.914}, "823": {"rank": 0.922, "score": 0.908, "mean": 0.915}, "824": {"rank": 0.923, "score": 0.908, "mean": 0.916}, "825": {"rank": 0.923, "score": 0.909, "mean": 0.916}, "826": {"rank": 0.924, "score": 0.909, "mean": 0.917}, "827": {"rank": 0.924, "score": 0.91, "mean": 0.917}, "828": {"rank": 0.925, "score": 0.911, "mean": 0.918}, "829": {"rank": 0.925, "score": 0.911, "mean": 0.918}, "830": {"rank": 0.926, "score": 0.912, "mean": 0.919}, "831": {"rank": 0.926, "score": 0.912, "mean": 0.919}, "832": {"rank": 0.927, "score": 0.913, "mean": 0.92}, "833": {"rank": 0.927, "score": 0.913, "mean": 0.92}, "834": {"rank": 0.928, "score": 0.914, "mean": 0.921}, "835": {"rank": 0.928, "score": 0.914, "mean": 0.921}, "836": {"rank": 0.929, "score": 0.915, "mean": 0.922}, "837": {"rank": 0.93, "score": 0.915, "mean": 0.922}, "838": {"rank": 0.93, "score": 0.916, "mean": 0.923}, "839": {"rank": 0.931, "score": 0.916, "mean": 0.924}, "840": {"rank": 0.931, "score": 0.917, "mean": 0.924}, "841": {"rank": 0.932, "score": 0.918, "mean": 0.925}, "842": {"rank": 0.932, "score": 0.918, "mean": 0.925}, "843": {"rank": 0.933, "score": 0.919, "mean": 0.926}, "844": {"rank": 0.933, "score": 0.92, "mean": 0.927}, "845": {"rank": 0.934, "score": 0.921, "mean": 0.927}, "846": {"rank": 0.934, "score": 0.922, "mean": 0.928}, "847": {"rank": 0.935, "score": 0.922, "mean": 0.928}, "848": {"rank": 0.935, "score": 0.923, "mean": 0.929}, "849": {"rank": 0.936, "score": 0.924, "mean": 0.93}, "850": {"rank": 0.936, "score": 0.924, "mean": 0.93}, "851": {"rank": 0.937, "score": 0.924, "mean": 0.931}, "852": {"rank": 0.937, "score": 0.925, "mean": 0.931}, "853": {"rank": 0.938, "score": 0.926, "mean": 0.932}, "854": {"rank": 0.938, "score": 0.926, "mean": 0.932}, "855": {"rank": 0.939, "score": 0.927, "mean": 0.933}, "856": {"rank": 0.939, "score": 0.927, "mean": 0.933}, "857": {"rank": 0.94, "score": 0.928, "mean": 0.934}, "858": {"rank": 0.94, "score": 0.928, "mean": 0.934}, "859": {"rank": 0.941, "score": 0.929, "mean": 0.935}, "860": {"rank": 0.941, "score": 0.93, "mean": 0.935}, "861": {"rank": 0.942, "score": 0.93, "mean": 0.936}, "862": {"rank": 0.942, "score": 0.931, "mean": 0.937}, "863": {"rank": 0.943, "score": 0.931, "mean": 0.937}, "864": {"rank": 0.944, "score": 0.932, "mean": 0.938}, "865": {"rank": 0.944, "score": 0.933, "mean": 0.938}, "866": {"rank": 0.944, "score": 0.933, "mean": 0.939}, "867": {"rank": 0.944, "score": 0.933, "mean": 0.939}, "868": {"rank": 0.945, "score": 0.934, "mean": 0.94}, "869": {"rank": 0.946, "score": 0.935, "mean": 0.94}, "870": {"rank": 0.946, "score": 0.935, "mean": 0.941}, "871": {"rank": 0.947, "score": 0.936, "mean": 0.941}, "872": {"rank": 0.947, "score": 0.937, "mean": 0.942}, "873": {"rank": 0.948, "score": 0.937, "mean": 0.942}, "874": {"rank": 0.948, "score": 0.938, "mean": 0.943}, "875": {"rank": 0.948, "score": 0.938, "mean": 0.943}, "876": {"rank": 0.949, "score": 0.939, "mean": 0.944}, "877": {"rank": 0.949, "score": 0.939, "mean": 0.944}, "878": {"rank": 0.95, "score": 0.94, "mean": 0.945}, "879": {"rank": 0.95, "score": 0.941, "mean": 0.946}, "880": {"rank": 0.951, "score": 0.941, "mean": 0.946}, "881": {"rank": 0.952, "score": 0.942, "mean": 0.947}, "882": {"rank": 0.952, "score": 0.943, "mean": 0.947}, "883": {"rank": 0.953, "score": 0.943, "mean": 0.948}, "884": {"rank": 0.953, "score": 0.943, "mean": 0.948}, "885": {"rank": 0.953, "score": 0.944, "mean": 0.949}, "886": {"rank": 0.954, "score": 0.944, "mean": 0.949}, "887": {"rank": 0.954, "score": 0.945, "mean": 0.95}, "888": {"rank": 0.955, "score": 0.946, "mean": 0.95}, "889": {"rank": 0.955, "score": 0.946, "mean": 0.951}, "890": {"rank": 0.955, "score": 0.947, "mean": 0.951}, "891": {"rank": 0.956, "score": 0.948, "mean": 0.952}, "892": {"rank": 0.957, "score": 0.948, "mean": 0.952}, "893": {"rank": 0.957, "score": 0.949, "mean": 0.953}, "894": {"rank": 0.957, "score": 0.949, "mean": 0.953}, "895": {"rank": 0.958, "score": 0.95, "mean": 0.954}, "896": {"rank": 0.958, "score": 0.95, "mean": 0.954}, "897": {"rank": 0.959, "score": 0.951, "mean": 0.955}, "898": {"rank": 0.959, "score": 0.951, "mean": 0.955}, "899": {"rank": 0.96, "score": 0.952, "mean": 0.956}, "900": {"rank": 0.96, "score": 0.953, "mean": 0.956}, "901": {"rank": 0.96, "score": 0.953, "mean": 0.957}, "902": {"rank": 0.961, "score": 0.954, "mean": 0.957}, "903": {"rank": 0.961, "score": 0.954, "mean": 0.958}, "904": {"rank": 0.962, "score": 0.955, "mean": 0.958}, "905": {"rank": 0.962, "score": 0.955, "mean": 0.959}, "906": {"rank": 0.962, "score": 0.956, "mean": 0.959}, "907": {"rank": 0.963, "score": 0.957, "mean": 0.96}, "908": {"rank": 0.963, "score": 0.957, "mean": 0.96}, "909": {"rank": 0.964, "score": 0.958, "mean": 0.961}, "910": {"rank": 0.964, "score": 0.959, "mean": 0.962}, "911": {"rank": 0.965, "score": 0.959, "mean": 0.962}, "912": {"rank": 0.965, "score": 0.96, "mean": 0.963}, "913": {"rank": 0.966, "score": 0.96, "mean": 0.963}, "914": {"rank": 0.966, "score": 0.961, "mean": 0.964}, "915": {"rank": 0.967, "score": 0.961, "mean": 0.964}, "916": {"rank": 0.967, "score": 0.962, "mean": 0.964}, "917": {"rank": 0.968, "score": 0.962, "mean": 0.965}, "918": {"rank": 0.968, "score": 0.963, "mean": 0.965}, "919": {"rank": 0.968, "score": 0.963, "mean": 0.966}, "920": {"rank": 0.969, "score": 0.964, "mean": 0.966}, "921": {"rank": 0.969, "score": 0.965, "mean": 0.967}, "922": {"rank": 0.97, "score": 0.965, "mean": 0.968}, "923": {"rank": 0.97, "score": 0.966, "mean": 0.968}, "924": {"rank": 0.971, "score": 0.967, "mean": 0.969}, "925": {"rank": 0.971, "score": 0.967, "mean": 0.969}, "926": {"rank": 0.972, "score": 0.968, "mean": 0.97}, "927": {"rank": 0.972, "score": 0.968, "mean": 0.97}, "928": {"rank": 0.973, "score": 0.969, "mean": 0.971}, "929": {"rank": 0.973, "score": 0.969, "mean": 0.971}, "930": {"rank": 0.973, "score": 0.97, "mean": 0.972}, "931": {"rank": 0.974, "score": 0.97, "mean": 0.972}, "932": {"rank": 0.974, "score": 0.971, "mean": 0.973}, "933": {"rank": 0.975, "score": 0.971, "mean": 0.973}, "934": {"rank": 0.975, "score": 0.972, "mean": 0.973}, "935": {"rank": 0.976, "score": 0.972, "mean": 0.974}, "936": {"rank": 0.976, "score": 0.973, "mean": 0.974}, "937": {"rank": 0.976, "score": 0.973, "mean": 0.975}, "938": {"rank": 0.977, "score": 0.974, "mean": 0.975}, "939": {"rank": 0.977, "score": 0.974, "mean": 0.976}, "940": {"rank": 0.978, "score": 0.975, "mean": 0.976}, "941": {"rank": 0.978, "score": 0.975, "mean": 0.977}, "942": {"rank": 0.979, "score": 0.976, "mean": 0.977}, "943": {"rank": 0.979, "score": 0.976, "mean": 0.978}, "944": {"rank": 0.979, "score": 0.977, "mean": 0.978}, "945": {"rank": 0.98, "score": 0.977, "mean": 0.978}, "946": {"rank": 0.98, "score": 0.978, "mean": 0.979}, "947": {"rank": 0.981, "score": 0.978, "mean": 0.98}, "948": {"rank": 0.981, "score": 0.979, "mean": 0.98}, "949": {"rank": 0.981, "score": 0.979, "mean": 0.98}, "950": {"rank": 0.982, "score": 0.979, "mean": 0.981}, "951": {"rank": 0.982, "score": 0.98, "mean": 0.981}, "952": {"rank": 0.982, "score": 0.98, "mean": 0.981}, "953": {"rank": 0.983, "score": 0.981, "mean": 0.982}, "954": {"rank": 0.983, "score": 0.982, "mean": 0.982}, "955": {"rank": 0.984, "score": 0.982, "mean": 0.983}, "956": {"rank": 0.984, "score": 0.982, "mean": 0.983}, "957": {"rank": 0.985, "score": 0.983, "mean": 0.984}, "958": {"rank": 0.985, "score": 0.983, "mean": 0.984}, "959": {"rank": 0.985, "score": 0.984, "mean": 0.985}, "960": {"rank": 0.986, "score": 0.984, "mean": 0.985}, "961": {"rank": 0.987, "score": 0.985, "mean": 0.986}, "962": {"rank": 0.987, "score": 0.985, "mean": 0.986}, "963": {"rank": 0.987, "score": 0.986, "mean": 0.986}, "964": {"rank": 0.988, "score": 0.986, "mean": 0.987}, "965": {"rank": 0.988, "score": 0.986, "mean": 0.987}, "966": {"rank": 0.989, "score": 0.987, "mean": 0.988}, "967": {"rank": 0.989, "score": 0.987, "mean": 0.988}, "968": {"rank": 0.989, "score": 0.988, "mean": 0.988}, "969": {"rank": 0.989, "score": 0.988, "mean": 0.989}, "970": {"rank": 0.99, "score": 0.988, "mean": 0.989}, "971": {"rank": 0.99, "score": 0.989, "mean": 0.989}, "972": {"rank": 0.991, "score": 0.989, "mean": 0.99}, "973": {"rank": 0.991, "score": 0.99, "mean": 0.99}, "974": {"rank": 0.991, "score": 0.99, "mean": 0.991}, "975": {"rank": 0.992, "score": 0.99, "mean": 0.991}, "976": {"rank": 0.992, "score": 0.991, "mean": 0.992}, "977": {"rank": 0.992, "score": 0.991, "mean": 0.992}, "978": {"rank": 0.993, "score": 0.992, "mean": 0.992}, "979": {"rank": 0.993, "score": 0.992, "mean": 0.993}, "980": {"rank": 0.994, "score": 0.992, "mean": 0.993}, "981": {"rank": 0.994, "score": 0.993, "mean": 0.993}, "982": {"rank": 0.994, "score": 0.993, "mean": 0.994}, "983": {"rank": 0.995, "score": 0.993, "mean": 0.994}, "984": {"rank": 0.995, "score": 0.994, "mean": 0.994}, "985": {"rank": 0.995, "score": 0.994, "mean": 0.995}, "986": {"rank": 0.996, "score": 0.995, "mean": 0.995}, "987": {"rank": 0.996, "score": 0.995, "mean": 0.996}, "988": {"rank": 0.997, "score": 0.996, "mean": 0.996}, "989": {"rank": 0.997, "score": 0.996, "mean": 0.996}, "990": {"rank": 0.997, "score": 0.996, "mean": 0.997}, "991": {"rank": 0.997, "score": 0.997, "mean": 0.997}, "992": {"rank": 0.998, "score": 0.997, "mean": 0.997}, "993": {"rank": 0.998, "score": 0.997, "mean": 0.998}, "994": {"rank": 0.998, "score": 0.998, "mean": 0.998}, "995": {"rank": 0.999, "score": 0.998, "mean": 0.998}, "996": {"rank": 0.999, "score": 0.999, "mean": 0.999}, "997": {"rank": 0.999, "score": 0.999, "mean": 0.999}, "998": {"rank": 1.0, "score": 1.0, "mean": 1.0}, "999": {"rank": 1.0, "score": 1.0, "mean": 1.0}, "1000": {"rank": 1.0, "score": 1.0, "mean": 1.0}}