{"1": {"non-stress": 0.005, "stress": 0.002}, "2": {"non-stress": 0.01, "stress": 0.004}, "3": {"non-stress": 0.014, "stress": 0.006}, "4": {"non-stress": 0.019, "stress": 0.008}, "5": {"non-stress": 0.022, "stress": 0.01}, "6": {"non-stress": 0.025, "stress": 0.012}, "7": {"non-stress": 0.03, "stress": 0.014}, "8": {"non-stress": 0.033, "stress": 0.016}, "9": {"non-stress": 0.036, "stress": 0.018}, "10": {"non-stress": 0.039, "stress": 0.021}, "11": {"non-stress": 0.042, "stress": 0.022}, "12": {"non-stress": 0.045, "stress": 0.024}, "13": {"non-stress": 0.048, "stress": 0.025}, "14": {"non-stress": 0.052, "stress": 0.027}, "15": {"non-stress": 0.055, "stress": 0.029}, "16": {"non-stress": 0.058, "stress": 0.03}, "17": {"non-stress": 0.061, "stress": 0.032}, "18": {"non-stress": 0.064, "stress": 0.034}, "19": {"non-stress": 0.067, "stress": 0.035}, "20": {"non-stress": 0.069, "stress": 0.038}, "21": {"non-stress": 0.072, "stress": 0.039}, "22": {"non-stress": 0.074, "stress": 0.041}, "23": {"non-stress": 0.076, "stress": 0.042}, "24": {"non-stress": 0.079, "stress": 0.044}, "25": {"non-stress": 0.081, "stress": 0.046}, "26": {"non-stress": 0.083, "stress": 0.047}, "27": {"non-stress": 0.086, "stress": 0.048}, "28": {"non-stress": 0.089, "stress": 0.049}, "29": {"non-stress": 0.091, "stress": 0.051}, "30": {"non-stress": 0.094, "stress": 0.052}, "31": {"non-stress": 0.097, "stress": 0.054}, "32": {"non-stress": 0.099, "stress": 0.056}, "33": {"non-stress": 0.102, "stress": 0.057}, "34": {"non-stress": 0.104, "stress": 0.059}, "35": {"non-stress": 0.107, "stress": 0.06}, "36": {"non-stress": 0.109, "stress": 0.062}, "37": {"non-stress": 0.111, "stress": 0.064}, "38": {"non-stress": 0.114, "stress": 0.065}, "39": {"non-stress": 0.116, "stress": 0.067}, "40": {"non-stress": 0.119, "stress": 0.068}, "41": {"non-stress": 0.121, "stress": 0.069}, "42": {"non-stress": 0.124, "stress": 0.071}, "43": {"non-stress": 0.127, "stress": 0.072}, "44": {"non-stress": 0.129, "stress": 0.074}, "45": {"non-stress": 0.132, "stress": 0.075}, "46": {"non-stress": 0.135, "stress": 0.077}, "47": {"non-stress": 0.137, "stress": 0.079}, "48": {"non-stress": 0.14, "stress": 0.08}, "49": {"non-stress": 0.143, "stress": 0.081}, "50": {"non-stress": 0.145, "stress": 0.082}, "51": {"non-stress": 0.147, "stress": 0.084}, "52": {"non-stress": 0.15, "stress": 0.086}, "53": {"non-stress": 0.151, "stress": 0.088}, "54": {"non-stress": 0.153, "stress": 0.089}, "55": {"non-stress": 0.155, "stress": 0.09}, "56": {"non-stress": 0.157, "stress": 0.091}, "57": {"non-stress": 0.159, "stress": 0.093}, "58": {"non-stress": 0.16, "stress": 0.094}, "59": {"non-stress": 0.163, "stress": 0.096}, "60": {"non-stress": 0.166, "stress": 0.097}, "61": {"non-stress": 0.169, "stress": 0.098}, "62": {"non-stress": 0.171, "stress": 0.1}, "63": {"non-stress": 0.173, "stress": 0.102}, "64": {"non-stress": 0.175, "stress": 0.104}, "65": {"non-stress": 0.177, "stress": 0.105}, "66": {"non-stress": 0.179, "stress": 0.107}, "67": {"non-stress": 0.182, "stress": 0.108}, "68": {"non-stress": 0.184, "stress": 0.109}, "69": {"non-stress": 0.187, "stress": 0.111}, "70": {"non-stress": 0.189, "stress": 0.112}, "71": {"non-stress": 0.192, "stress": 0.113}, "72": {"non-stress": 0.194, "stress": 0.115}, "73": {"non-stress": 0.196, "stress": 0.117}, "74": {"non-stress": 0.198, "stress": 0.118}, "75": {"non-stress": 0.2, "stress": 0.119}, "76": {"non-stress": 0.202, "stress": 0.121}, "77": {"non-stress": 0.204, "stress": 0.122}, "78": {"non-stress": 0.207, "stress": 0.124}, "79": {"non-stress": 0.209, "stress": 0.125}, "80": {"non-stress": 0.211, "stress": 0.127}, "81": {"non-stress": 0.213, "stress": 0.128}, "82": {"non-stress": 0.215, "stress": 0.13}, "83": {"non-stress": 0.217, "stress": 0.132}, "84": {"non-stress": 0.219, "stress": 0.133}, "85": {"non-stress": 0.221, "stress": 0.135}, "86": {"non-stress": 0.223, "stress": 0.136}, "87": {"non-stress": 0.225, "stress": 0.137}, "88": {"non-stress": 0.227, "stress": 0.139}, "89": {"non-stress": 0.229, "stress": 0.14}, "90": {"non-stress": 0.231, "stress": 0.141}, "91": {"non-stress": 0.233, "stress": 0.143}, "92": {"non-stress": 0.234, "stress": 0.144}, "93": {"non-stress": 0.235, "stress": 0.145}, "94": {"non-stress": 0.237, "stress": 0.147}, "95": {"non-stress": 0.239, "stress": 0.149}, "96": {"non-stress": 0.241, "stress": 0.151}, "97": {"non-stress": 0.243, "stress": 0.152}, "98": {"non-stress": 0.245, "stress": 0.153}, "99": {"non-stress": 0.246, "stress": 0.154}, "100": {"non-stress": 0.248, "stress": 0.155}, "101": {"non-stress": 0.249, "stress": 0.157}, "102": {"non-stress": 0.251, "stress": 0.158}, "103": {"non-stress": 0.253, "stress": 0.159}, "104": {"non-stress": 0.256, "stress": 0.16}, "105": {"non-stress": 0.258, "stress": 0.161}, "106": {"non-stress": 0.26, "stress": 0.163}, "107": {"non-stress": 0.262, "stress": 0.164}, "108": {"non-stress": 0.264, "stress": 0.166}, "109": {"non-stress": 0.266, "stress": 0.167}, "110": {"non-stress": 0.268, "stress": 0.169}, "111": {"non-stress": 0.27, "stress": 0.17}, "112": {"non-stress": 0.271, "stress": 0.171}, "113": {"non-stress": 0.274, "stress": 0.172}, "114": {"non-stress": 0.275, "stress": 0.174}, "115": {"non-stress": 0.277, "stress": 0.175}, "116": {"non-stress": 0.279, "stress": 0.177}, "117": {"non-stress": 0.281, "stress": 0.178}, "118": {"non-stress": 0.282, "stress": 0.179}, "119": {"non-stress": 0.283, "stress": 0.18}, "120": {"non-stress": 0.285, "stress": 0.182}, "121": {"non-stress": 0.288, "stress": 0.183}, "122": {"non-stress": 0.29, "stress": 0.184}, "123": {"non-stress": 0.291, "stress": 0.185}, "124": {"non-stress": 0.293, "stress": 0.186}, "125": {"non-stress": 0.295, "stress": 0.187}, "126": {"non-stress": 0.296, "stress": 0.188}, "127": {"non-stress": 0.298, "stress": 0.189}, "128": {"non-stress": 0.3, "stress": 0.191}, "129": {"non-stress": 0.302, "stress": 0.192}, "130": {"non-stress": 0.303, "stress": 0.193}, "131": {"non-stress": 0.305, "stress": 0.194}, "132": {"non-stress": 0.307, "stress": 0.196}, "133": {"non-stress": 0.309, "stress": 0.197}, "134": {"non-stress": 0.31, "stress": 0.199}, "135": {"non-stress": 0.312, "stress": 0.2}, "136": {"non-stress": 0.314, "stress": 0.201}, "137": {"non-stress": 0.316, "stress": 0.202}, "138": {"non-stress": 0.318, "stress": 0.204}, "139": {"non-stress": 0.319, "stress": 0.205}, "140": {"non-stress": 0.321, "stress": 0.206}, "141": {"non-stress": 0.323, "stress": 0.207}, "142": {"non-stress": 0.324, "stress": 0.209}, "143": {"non-stress": 0.326, "stress": 0.21}, "144": {"non-stress": 0.328, "stress": 0.211}, "145": {"non-stress": 0.329, "stress": 0.213}, "146": {"non-stress": 0.33, "stress": 0.214}, "147": {"non-stress": 0.331, "stress": 0.215}, "148": {"non-stress": 0.333, "stress": 0.216}, "149": {"non-stress": 0.335, "stress": 0.217}, "150": {"non-stress": 0.337, "stress": 0.219}, "151": {"non-stress": 0.339, "stress": 0.22}, "152": {"non-stress": 0.341, "stress": 0.221}, "153": {"non-stress": 0.343, "stress": 0.223}, "154": {"non-stress": 0.345, "stress": 0.224}, "155": {"non-stress": 0.346, "stress": 0.226}, "156": {"non-stress": 0.348, "stress": 0.228}, "157": {"non-stress": 0.35, "stress": 0.229}, "158": {"non-stress": 0.352, "stress": 0.229}, "159": {"non-stress": 0.354, "stress": 0.231}, "160": {"non-stress": 0.355, "stress": 0.232}, "161": {"non-stress": 0.357, "stress": 0.233}, "162": {"non-stress": 0.358, "stress": 0.235}, "163": {"non-stress": 0.36, "stress": 0.236}, "164": {"non-stress": 0.361, "stress": 0.238}, "165": {"non-stress": 0.363, "stress": 0.239}, "166": {"non-stress": 0.365, "stress": 0.24}, "167": {"non-stress": 0.367, "stress": 0.241}, "168": {"non-stress": 0.368, "stress": 0.243}, "169": {"non-stress": 0.369, "stress": 0.244}, "170": {"non-stress": 0.37, "stress": 0.245}, "171": {"non-stress": 0.372, "stress": 0.246}, "172": {"non-stress": 0.373, "stress": 0.247}, "173": {"non-stress": 0.375, "stress": 0.248}, "174": {"non-stress": 0.376, "stress": 0.25}, "175": {"non-stress": 0.378, "stress": 0.251}, "176": {"non-stress": 0.379, "stress": 0.253}, "177": {"non-stress": 0.381, "stress": 0.254}, "178": {"non-stress": 0.382, "stress": 0.255}, "179": {"non-stress": 0.383, "stress": 0.256}, "180": {"non-stress": 0.385, "stress": 0.257}, "181": {"non-stress": 0.387, "stress": 0.258}, "182": {"non-stress": 0.389, "stress": 0.26}, "183": {"non-stress": 0.39, "stress": 0.261}, "184": {"non-stress": 0.392, "stress": 0.262}, "185": {"non-stress": 0.393, "stress": 0.264}, "186": {"non-stress": 0.394, "stress": 0.265}, "187": {"non-stress": 0.396, "stress": 0.266}, "188": {"non-stress": 0.398, "stress": 0.267}, "189": {"non-stress": 0.399, "stress": 0.268}, "190": {"non-stress": 0.402, "stress": 0.269}, "191": {"non-stress": 0.403, "stress": 0.27}, "192": {"non-stress": 0.404, "stress": 0.271}, "193": {"non-stress": 0.405, "stress": 0.272}, "194": {"non-stress": 0.407, "stress": 0.273}, "195": {"non-stress": 0.408, "stress": 0.274}, "196": {"non-stress": 0.41, "stress": 0.276}, "197": {"non-stress": 0.411, "stress": 0.277}, "198": {"non-stress": 0.413, "stress": 0.278}, "199": {"non-stress": 0.414, "stress": 0.279}, "200": {"non-stress": 0.416, "stress": 0.28}, "201": {"non-stress": 0.417, "stress": 0.281}, "202": {"non-stress": 0.418, "stress": 0.283}, "203": {"non-stress": 0.42, "stress": 0.283}, "204": {"non-stress": 0.421, "stress": 0.285}, "205": {"non-stress": 0.422, "stress": 0.286}, "206": {"non-stress": 0.424, "stress": 0.287}, "207": {"non-stress": 0.425, "stress": 0.288}, "208": {"non-stress": 0.426, "stress": 0.29}, "209": {"non-stress": 0.427, "stress": 0.291}, "210": {"non-stress": 0.429, "stress": 0.292}, "211": {"non-stress": 0.43, "stress": 0.293}, "212": {"non-stress": 0.432, "stress": 0.294}, "213": {"non-stress": 0.433, "stress": 0.295}, "214": {"non-stress": 0.435, "stress": 0.296}, "215": {"non-stress": 0.436, "stress": 0.297}, "216": {"non-stress": 0.437, "stress": 0.298}, "217": {"non-stress": 0.438, "stress": 0.299}, "218": {"non-stress": 0.44, "stress": 0.3}, "219": {"non-stress": 0.441, "stress": 0.302}, "220": {"non-stress": 0.443, "stress": 0.303}, "221": {"non-stress": 0.444, "stress": 0.304}, "222": {"non-stress": 0.445, "stress": 0.305}, "223": {"non-stress": 0.447, "stress": 0.306}, "224": {"non-stress": 0.448, "stress": 0.308}, "225": {"non-stress": 0.45, "stress": 0.308}, "226": {"non-stress": 0.452, "stress": 0.309}, "227": {"non-stress": 0.453, "stress": 0.31}, "228": {"non-stress": 0.454, "stress": 0.312}, "229": {"non-stress": 0.456, "stress": 0.313}, "230": {"non-stress": 0.457, "stress": 0.314}, "231": {"non-stress": 0.459, "stress": 0.315}, "232": {"non-stress": 0.46, "stress": 0.316}, "233": {"non-stress": 0.461, "stress": 0.317}, "234": {"non-stress": 0.463, "stress": 0.318}, "235": {"non-stress": 0.464, "stress": 0.32}, "236": {"non-stress": 0.466, "stress": 0.321}, "237": {"non-stress": 0.467, "stress": 0.322}, "238": {"non-stress": 0.468, "stress": 0.323}, "239": {"non-stress": 0.469, "stress": 0.325}, "240": {"non-stress": 0.47, "stress": 0.326}, "241": {"non-stress": 0.472, "stress": 0.327}, "242": {"non-stress": 0.473, "stress": 0.328}, "243": {"non-stress": 0.474, "stress": 0.33}, "244": {"non-stress": 0.475, "stress": 0.331}, "245": {"non-stress": 0.476, "stress": 0.332}, "246": {"non-stress": 0.477, "stress": 0.333}, "247": {"non-stress": 0.479, "stress": 0.335}, "248": {"non-stress": 0.48, "stress": 0.336}, "249": {"non-stress": 0.481, "stress": 0.337}, "250": {"non-stress": 0.483, "stress": 0.338}, "251": {"non-stress": 0.484, "stress": 0.339}, "252": {"non-stress": 0.485, "stress": 0.34}, "253": {"non-stress": 0.486, "stress": 0.341}, "254": {"non-stress": 0.487, "stress": 0.342}, "255": {"non-stress": 0.488, "stress": 0.343}, "256": {"non-stress": 0.49, "stress": 0.344}, "257": {"non-stress": 0.491, "stress": 0.345}, "258": {"non-stress": 0.492, "stress": 0.346}, "259": {"non-stress": 0.494, "stress": 0.348}, "260": {"non-stress": 0.495, "stress": 0.349}, "261": {"non-stress": 0.496, "stress": 0.351}, "262": {"non-stress": 0.498, "stress": 0.351}, "263": {"non-stress": 0.5, "stress": 0.353}, "264": {"non-stress": 0.501, "stress": 0.354}, "265": {"non-stress": 0.502, "stress": 0.355}, "266": {"non-stress": 0.503, "stress": 0.356}, "267": {"non-stress": 0.505, "stress": 0.357}, "268": {"non-stress": 0.507, "stress": 0.358}, "269": {"non-stress": 0.509, "stress": 0.36}, "270": {"non-stress": 0.51, "stress": 0.361}, "271": {"non-stress": 0.511, "stress": 0.362}, "272": {"non-stress": 0.512, "stress": 0.364}, "273": {"non-stress": 0.514, "stress": 0.364}, "274": {"non-stress": 0.515, "stress": 0.365}, "275": {"non-stress": 0.517, "stress": 0.366}, "276": {"non-stress": 0.518, "stress": 0.368}, "277": {"non-stress": 0.519, "stress": 0.369}, "278": {"non-stress": 0.52, "stress": 0.37}, "279": {"non-stress": 0.521, "stress": 0.371}, "280": {"non-stress": 0.523, "stress": 0.372}, "281": {"non-stress": 0.524, "stress": 0.373}, "282": {"non-stress": 0.525, "stress": 0.374}, "283": {"non-stress": 0.526, "stress": 0.375}, "284": {"non-stress": 0.528, "stress": 0.377}, "285": {"non-stress": 0.529, "stress": 0.378}, "286": {"non-stress": 0.53, "stress": 0.38}, "287": {"non-stress": 0.531, "stress": 0.381}, "288": {"non-stress": 0.533, "stress": 0.382}, "289": {"non-stress": 0.534, "stress": 0.383}, "290": {"non-stress": 0.536, "stress": 0.384}, "291": {"non-stress": 0.537, "stress": 0.385}, "292": {"non-stress": 0.538, "stress": 0.386}, "293": {"non-stress": 0.539, "stress": 0.388}, "294": {"non-stress": 0.54, "stress": 0.389}, "295": {"non-stress": 0.542, "stress": 0.391}, "296": {"non-stress": 0.543, "stress": 0.392}, "297": {"non-stress": 0.544, "stress": 0.393}, "298": {"non-stress": 0.546, "stress": 0.394}, "299": {"non-stress": 0.547, "stress": 0.396}, "300": {"non-stress": 0.547, "stress": 0.396}, "301": {"non-stress": 0.548, "stress": 0.397}, "302": {"non-stress": 0.55, "stress": 0.398}, "303": {"non-stress": 0.55, "stress": 0.399}, "304": {"non-stress": 0.551, "stress": 0.401}, "305": {"non-stress": 0.553, "stress": 0.403}, "306": {"non-stress": 0.554, "stress": 0.404}, "307": {"non-stress": 0.555, "stress": 0.405}, "308": {"non-stress": 0.556, "stress": 0.406}, "309": {"non-stress": 0.557, "stress": 0.407}, "310": {"non-stress": 0.558, "stress": 0.409}, "311": {"non-stress": 0.559, "stress": 0.41}, "312": {"non-stress": 0.56, "stress": 0.41}, "313": {"non-stress": 0.562, "stress": 0.412}, "314": {"non-stress": 0.563, "stress": 0.413}, "315": {"non-stress": 0.564, "stress": 0.414}, "316": {"non-stress": 0.565, "stress": 0.416}, "317": {"non-stress": 0.566, "stress": 0.417}, "318": {"non-stress": 0.567, "stress": 0.418}, "319": {"non-stress": 0.568, "stress": 0.419}, "320": {"non-stress": 0.569, "stress": 0.42}, "321": {"non-stress": 0.571, "stress": 0.422}, "322": {"non-stress": 0.572, "stress": 0.423}, "323": {"non-stress": 0.573, "stress": 0.425}, "324": {"non-stress": 0.574, "stress": 0.426}, "325": {"non-stress": 0.575, "stress": 0.426}, "326": {"non-stress": 0.576, "stress": 0.427}, "327": {"non-stress": 0.577, "stress": 0.428}, "328": {"non-stress": 0.578, "stress": 0.429}, "329": {"non-stress": 0.579, "stress": 0.43}, "330": {"non-stress": 0.58, "stress": 0.432}, "331": {"non-stress": 0.581, "stress": 0.433}, "332": {"non-stress": 0.581, "stress": 0.434}, "333": {"non-stress": 0.583, "stress": 0.435}, "334": {"non-stress": 0.584, "stress": 0.436}, "335": {"non-stress": 0.585, "stress": 0.438}, "336": {"non-stress": 0.586, "stress": 0.439}, "337": {"non-stress": 0.587, "stress": 0.44}, "338": {"non-stress": 0.588, "stress": 0.441}, "339": {"non-stress": 0.588, "stress": 0.442}, "340": {"non-stress": 0.59, "stress": 0.443}, "341": {"non-stress": 0.591, "stress": 0.445}, "342": {"non-stress": 0.592, "stress": 0.446}, "343": {"non-stress": 0.593, "stress": 0.447}, "344": {"non-stress": 0.594, "stress": 0.448}, "345": {"non-stress": 0.595, "stress": 0.449}, "346": {"non-stress": 0.596, "stress": 0.449}, "347": {"non-stress": 0.596, "stress": 0.451}, "348": {"non-stress": 0.597, "stress": 0.452}, "349": {"non-stress": 0.599, "stress": 0.453}, "350": {"non-stress": 0.599, "stress": 0.454}, "351": {"non-stress": 0.6, "stress": 0.456}, "352": {"non-stress": 0.602, "stress": 0.457}, "353": {"non-stress": 0.603, "stress": 0.458}, "354": {"non-stress": 0.604, "stress": 0.458}, "355": {"non-stress": 0.605, "stress": 0.459}, "356": {"non-stress": 0.605, "stress": 0.46}, "357": {"non-stress": 0.607, "stress": 0.461}, "358": {"non-stress": 0.608, "stress": 0.462}, "359": {"non-stress": 0.608, "stress": 0.463}, "360": {"non-stress": 0.61, "stress": 0.464}, "361": {"non-stress": 0.61, "stress": 0.465}, "362": {"non-stress": 0.611, "stress": 0.465}, "363": {"non-stress": 0.612, "stress": 0.467}, "364": {"non-stress": 0.612, "stress": 0.468}, "365": {"non-stress": 0.613, "stress": 0.469}, "366": {"non-stress": 0.614, "stress": 0.47}, "367": {"non-stress": 0.615, "stress": 0.471}, "368": {"non-stress": 0.616, "stress": 0.472}, "369": {"non-stress": 0.617, "stress": 0.473}, "370": {"non-stress": 0.618, "stress": 0.475}, "371": {"non-stress": 0.619, "stress": 0.476}, "372": {"non-stress": 0.621, "stress": 0.477}, "373": {"non-stress": 0.622, "stress": 0.479}, "374": {"non-stress": 0.623, "stress": 0.48}, "375": {"non-stress": 0.624, "stress": 0.481}, "376": {"non-stress": 0.625, "stress": 0.482}, "377": {"non-stress": 0.626, "stress": 0.483}, "378": {"non-stress": 0.628, "stress": 0.484}, "379": {"non-stress": 0.628, "stress": 0.486}, "380": {"non-stress": 0.629, "stress": 0.487}, "381": {"non-stress": 0.63, "stress": 0.487}, "382": {"non-stress": 0.631, "stress": 0.488}, "383": {"non-stress": 0.632, "stress": 0.489}, "384": {"non-stress": 0.633, "stress": 0.49}, "385": {"non-stress": 0.634, "stress": 0.492}, "386": {"non-stress": 0.635, "stress": 0.493}, "387": {"non-stress": 0.635, "stress": 0.493}, "388": {"non-stress": 0.636, "stress": 0.493}, "389": {"non-stress": 0.637, "stress": 0.495}, "390": {"non-stress": 0.638, "stress": 0.495}, "391": {"non-stress": 0.639, "stress": 0.497}, "392": {"non-stress": 0.64, "stress": 0.498}, "393": {"non-stress": 0.64, "stress": 0.499}, "394": {"non-stress": 0.641, "stress": 0.499}, "395": {"non-stress": 0.642, "stress": 0.501}, "396": {"non-stress": 0.643, "stress": 0.502}, "397": {"non-stress": 0.644, "stress": 0.503}, "398": {"non-stress": 0.645, "stress": 0.503}, "399": {"non-stress": 0.646, "stress": 0.504}, "400": {"non-stress": 0.646, "stress": 0.505}, "401": {"non-stress": 0.647, "stress": 0.506}, "402": {"non-stress": 0.648, "stress": 0.506}, "403": {"non-stress": 0.649, "stress": 0.508}, "404": {"non-stress": 0.65, "stress": 0.509}, "405": {"non-stress": 0.65, "stress": 0.51}, "406": {"non-stress": 0.651, "stress": 0.511}, "407": {"non-stress": 0.652, "stress": 0.512}, "408": {"non-stress": 0.653, "stress": 0.513}, "409": {"non-stress": 0.654, "stress": 0.514}, "410": {"non-stress": 0.655, "stress": 0.516}, "411": {"non-stress": 0.656, "stress": 0.516}, "412": {"non-stress": 0.657, "stress": 0.517}, "413": {"non-stress": 0.658, "stress": 0.518}, "414": {"non-stress": 0.659, "stress": 0.519}, "415": {"non-stress": 0.659, "stress": 0.52}, "416": {"non-stress": 0.66, "stress": 0.521}, "417": {"non-stress": 0.661, "stress": 0.522}, "418": {"non-stress": 0.662, "stress": 0.523}, "419": {"non-stress": 0.663, "stress": 0.524}, "420": {"non-stress": 0.664, "stress": 0.525}, "421": {"non-stress": 0.665, "stress": 0.526}, "422": {"non-stress": 0.666, "stress": 0.527}, "423": {"non-stress": 0.667, "stress": 0.528}, "424": {"non-stress": 0.668, "stress": 0.528}, "425": {"non-stress": 0.668, "stress": 0.529}, "426": {"non-stress": 0.669, "stress": 0.531}, "427": {"non-stress": 0.67, "stress": 0.532}, "428": {"non-stress": 0.672, "stress": 0.533}, "429": {"non-stress": 0.672, "stress": 0.533}, "430": {"non-stress": 0.673, "stress": 0.535}, "431": {"non-stress": 0.675, "stress": 0.536}, "432": {"non-stress": 0.675, "stress": 0.537}, "433": {"non-stress": 0.676, "stress": 0.538}, "434": {"non-stress": 0.677, "stress": 0.539}, "435": {"non-stress": 0.678, "stress": 0.54}, "436": {"non-stress": 0.679, "stress": 0.541}, "437": {"non-stress": 0.68, "stress": 0.542}, "438": {"non-stress": 0.681, "stress": 0.543}, "439": {"non-stress": 0.681, "stress": 0.544}, "440": {"non-stress": 0.682, "stress": 0.545}, "441": {"non-stress": 0.683, "stress": 0.546}, "442": {"non-stress": 0.683, "stress": 0.547}, "443": {"non-stress": 0.684, "stress": 0.548}, "444": {"non-stress": 0.685, "stress": 0.55}, "445": {"non-stress": 0.686, "stress": 0.55}, "446": {"non-stress": 0.687, "stress": 0.551}, "447": {"non-stress": 0.687, "stress": 0.552}, "448": {"non-stress": 0.688, "stress": 0.552}, "449": {"non-stress": 0.689, "stress": 0.553}, "450": {"non-stress": 0.689, "stress": 0.554}, "451": {"non-stress": 0.69, "stress": 0.555}, "452": {"non-stress": 0.691, "stress": 0.556}, "453": {"non-stress": 0.691, "stress": 0.557}, "454": {"non-stress": 0.692, "stress": 0.557}, "455": {"non-stress": 0.693, "stress": 0.558}, "456": {"non-stress": 0.694, "stress": 0.559}, "457": {"non-stress": 0.695, "stress": 0.56}, "458": {"non-stress": 0.696, "stress": 0.561}, "459": {"non-stress": 0.696, "stress": 0.562}, "460": {"non-stress": 0.697, "stress": 0.563}, "461": {"non-stress": 0.698, "stress": 0.564}, "462": {"non-stress": 0.699, "stress": 0.565}, "463": {"non-stress": 0.7, "stress": 0.566}, "464": {"non-stress": 0.701, "stress": 0.567}, "465": {"non-stress": 0.701, "stress": 0.568}, "466": {"non-stress": 0.702, "stress": 0.568}, "467": {"non-stress": 0.702, "stress": 0.569}, "468": {"non-stress": 0.704, "stress": 0.571}, "469": {"non-stress": 0.704, "stress": 0.571}, "470": {"non-stress": 0.705, "stress": 0.572}, "471": {"non-stress": 0.706, "stress": 0.573}, "472": {"non-stress": 0.706, "stress": 0.575}, "473": {"non-stress": 0.707, "stress": 0.576}, "474": {"non-stress": 0.708, "stress": 0.577}, "475": {"non-stress": 0.709, "stress": 0.579}, "476": {"non-stress": 0.71, "stress": 0.58}, "477": {"non-stress": 0.71, "stress": 0.58}, "478": {"non-stress": 0.711, "stress": 0.581}, "479": {"non-stress": 0.712, "stress": 0.583}, "480": {"non-stress": 0.713, "stress": 0.583}, "481": {"non-stress": 0.714, "stress": 0.585}, "482": {"non-stress": 0.715, "stress": 0.585}, "483": {"non-stress": 0.716, "stress": 0.587}, "484": {"non-stress": 0.716, "stress": 0.587}, "485": {"non-stress": 0.717, "stress": 0.588}, "486": {"non-stress": 0.718, "stress": 0.589}, "487": {"non-stress": 0.719, "stress": 0.59}, "488": {"non-stress": 0.721, "stress": 0.59}, "489": {"non-stress": 0.721, "stress": 0.592}, "490": {"non-stress": 0.722, "stress": 0.593}, "491": {"non-stress": 0.723, "stress": 0.594}, "492": {"non-stress": 0.724, "stress": 0.595}, "493": {"non-stress": 0.725, "stress": 0.596}, "494": {"non-stress": 0.726, "stress": 0.596}, "495": {"non-stress": 0.726, "stress": 0.597}, "496": {"non-stress": 0.727, "stress": 0.598}, "497": {"non-stress": 0.728, "stress": 0.599}, "498": {"non-stress": 0.729, "stress": 0.6}, "499": {"non-stress": 0.73, "stress": 0.601}, "500": {"non-stress": 0.73, "stress": 0.602}, "501": {"non-stress": 0.731, "stress": 0.603}, "502": {"non-stress": 0.731, "stress": 0.604}, "503": {"non-stress": 0.732, "stress": 0.605}, "504": {"non-stress": 0.733, "stress": 0.607}, "505": {"non-stress": 0.734, "stress": 0.608}, "506": {"non-stress": 0.735, "stress": 0.608}, "507": {"non-stress": 0.736, "stress": 0.609}, "508": {"non-stress": 0.736, "stress": 0.61}, "509": {"non-stress": 0.737, "stress": 0.611}, "510": {"non-stress": 0.738, "stress": 0.611}, "511": {"non-stress": 0.739, "stress": 0.612}, "512": {"non-stress": 0.74, "stress": 0.613}, "513": {"non-stress": 0.741, "stress": 0.614}, "514": {"non-stress": 0.742, "stress": 0.616}, "515": {"non-stress": 0.742, "stress": 0.616}, "516": {"non-stress": 0.743, "stress": 0.617}, "517": {"non-stress": 0.744, "stress": 0.618}, "518": {"non-stress": 0.745, "stress": 0.619}, "519": {"non-stress": 0.747, "stress": 0.62}, "520": {"non-stress": 0.747, "stress": 0.62}, "521": {"non-stress": 0.748, "stress": 0.621}, "522": {"non-stress": 0.748, "stress": 0.621}, "523": {"non-stress": 0.749, "stress": 0.622}, "524": {"non-stress": 0.749, "stress": 0.623}, "525": {"non-stress": 0.75, "stress": 0.624}, "526": {"non-stress": 0.751, "stress": 0.626}, "527": {"non-stress": 0.752, "stress": 0.626}, "528": {"non-stress": 0.752, "stress": 0.627}, "529": {"non-stress": 0.753, "stress": 0.628}, "530": {"non-stress": 0.754, "stress": 0.629}, "531": {"non-stress": 0.755, "stress": 0.63}, "532": {"non-stress": 0.755, "stress": 0.631}, "533": {"non-stress": 0.756, "stress": 0.632}, "534": {"non-stress": 0.756, "stress": 0.633}, "535": {"non-stress": 0.757, "stress": 0.634}, "536": {"non-stress": 0.758, "stress": 0.635}, "537": {"non-stress": 0.759, "stress": 0.636}, "538": {"non-stress": 0.759, "stress": 0.637}, "539": {"non-stress": 0.76, "stress": 0.638}, "540": {"non-stress": 0.761, "stress": 0.639}, "541": {"non-stress": 0.761, "stress": 0.64}, "542": {"non-stress": 0.762, "stress": 0.641}, "543": {"non-stress": 0.763, "stress": 0.642}, "544": {"non-stress": 0.764, "stress": 0.643}, "545": {"non-stress": 0.764, "stress": 0.644}, "546": {"non-stress": 0.765, "stress": 0.644}, "547": {"non-stress": 0.766, "stress": 0.645}, "548": {"non-stress": 0.767, "stress": 0.646}, "549": {"non-stress": 0.767, "stress": 0.647}, "550": {"non-stress": 0.768, "stress": 0.648}, "551": {"non-stress": 0.769, "stress": 0.649}, "552": {"non-stress": 0.77, "stress": 0.65}, "553": {"non-stress": 0.771, "stress": 0.651}, "554": {"non-stress": 0.772, "stress": 0.652}, "555": {"non-stress": 0.772, "stress": 0.653}, "556": {"non-stress": 0.773, "stress": 0.654}, "557": {"non-stress": 0.774, "stress": 0.654}, "558": {"non-stress": 0.775, "stress": 0.655}, "559": {"non-stress": 0.775, "stress": 0.656}, "560": {"non-stress": 0.776, "stress": 0.657}, "561": {"non-stress": 0.776, "stress": 0.658}, "562": {"non-stress": 0.777, "stress": 0.659}, "563": {"non-stress": 0.778, "stress": 0.661}, "564": {"non-stress": 0.778, "stress": 0.661}, "565": {"non-stress": 0.779, "stress": 0.662}, "566": {"non-stress": 0.78, "stress": 0.663}, "567": {"non-stress": 0.781, "stress": 0.664}, "568": {"non-stress": 0.782, "stress": 0.665}, "569": {"non-stress": 0.783, "stress": 0.666}, "570": {"non-stress": 0.783, "stress": 0.667}, "571": {"non-stress": 0.784, "stress": 0.668}, "572": {"non-stress": 0.785, "stress": 0.668}, "573": {"non-stress": 0.785, "stress": 0.669}, "574": {"non-stress": 0.786, "stress": 0.67}, "575": {"non-stress": 0.787, "stress": 0.671}, "576": {"non-stress": 0.788, "stress": 0.672}, "577": {"non-stress": 0.789, "stress": 0.673}, "578": {"non-stress": 0.789, "stress": 0.674}, "579": {"non-stress": 0.79, "stress": 0.675}, "580": {"non-stress": 0.79, "stress": 0.675}, "581": {"non-stress": 0.791, "stress": 0.676}, "582": {"non-stress": 0.791, "stress": 0.677}, "583": {"non-stress": 0.792, "stress": 0.677}, "584": {"non-stress": 0.792, "stress": 0.678}, "585": {"non-stress": 0.793, "stress": 0.679}, "586": {"non-stress": 0.794, "stress": 0.68}, "587": {"non-stress": 0.794, "stress": 0.681}, "588": {"non-stress": 0.795, "stress": 0.682}, "589": {"non-stress": 0.795, "stress": 0.683}, "590": {"non-stress": 0.796, "stress": 0.684}, "591": {"non-stress": 0.797, "stress": 0.685}, "592": {"non-stress": 0.797, "stress": 0.686}, "593": {"non-stress": 0.798, "stress": 0.686}, "594": {"non-stress": 0.799, "stress": 0.687}, "595": {"non-stress": 0.799, "stress": 0.689}, "596": {"non-stress": 0.8, "stress": 0.689}, "597": {"non-stress": 0.801, "stress": 0.69}, "598": {"non-stress": 0.802, "stress": 0.691}, "599": {"non-stress": 0.802, "stress": 0.691}, "600": {"non-stress": 0.802, "stress": 0.693}, "601": {"non-stress": 0.803, "stress": 0.693}, "602": {"non-stress": 0.804, "stress": 0.694}, "603": {"non-stress": 0.805, "stress": 0.695}, "604": {"non-stress": 0.806, "stress": 0.696}, "605": {"non-stress": 0.808, "stress": 0.697}, "606": {"non-stress": 0.808, "stress": 0.698}, "607": {"non-stress": 0.809, "stress": 0.698}, "608": {"non-stress": 0.809, "stress": 0.699}, "609": {"non-stress": 0.81, "stress": 0.7}, "610": {"non-stress": 0.81, "stress": 0.701}, "611": {"non-stress": 0.811, "stress": 0.702}, "612": {"non-stress": 0.812, "stress": 0.703}, "613": {"non-stress": 0.812, "stress": 0.704}, "614": {"non-stress": 0.813, "stress": 0.705}, "615": {"non-stress": 0.814, "stress": 0.706}, "616": {"non-stress": 0.814, "stress": 0.706}, "617": {"non-stress": 0.815, "stress": 0.707}, "618": {"non-stress": 0.816, "stress": 0.707}, "619": {"non-stress": 0.817, "stress": 0.708}, "620": {"non-stress": 0.817, "stress": 0.709}, "621": {"non-stress": 0.818, "stress": 0.71}, "622": {"non-stress": 0.819, "stress": 0.711}, "623": {"non-stress": 0.819, "stress": 0.712}, "624": {"non-stress": 0.82, "stress": 0.713}, "625": {"non-stress": 0.821, "stress": 0.714}, "626": {"non-stress": 0.822, "stress": 0.715}, "627": {"non-stress": 0.822, "stress": 0.716}, "628": {"non-stress": 0.823, "stress": 0.717}, "629": {"non-stress": 0.823, "stress": 0.718}, "630": {"non-stress": 0.824, "stress": 0.719}, "631": {"non-stress": 0.824, "stress": 0.72}, "632": {"non-stress": 0.825, "stress": 0.72}, "633": {"non-stress": 0.826, "stress": 0.721}, "634": {"non-stress": 0.827, "stress": 0.722}, "635": {"non-stress": 0.827, "stress": 0.723}, "636": {"non-stress": 0.828, "stress": 0.724}, "637": {"non-stress": 0.828, "stress": 0.725}, "638": {"non-stress": 0.829, "stress": 0.726}, "639": {"non-stress": 0.829, "stress": 0.726}, "640": {"non-stress": 0.83, "stress": 0.727}, "641": {"non-stress": 0.831, "stress": 0.728}, "642": {"non-stress": 0.832, "stress": 0.729}, "643": {"non-stress": 0.833, "stress": 0.73}, "644": {"non-stress": 0.833, "stress": 0.73}, "645": {"non-stress": 0.834, "stress": 0.731}, "646": {"non-stress": 0.835, "stress": 0.732}, "647": {"non-stress": 0.835, "stress": 0.733}, "648": {"non-stress": 0.836, "stress": 0.734}, "649": {"non-stress": 0.837, "stress": 0.734}, "650": {"non-stress": 0.837, "stress": 0.736}, "651": {"non-stress": 0.838, "stress": 0.736}, "652": {"non-stress": 0.839, "stress": 0.737}, "653": {"non-stress": 0.839, "stress": 0.738}, "654": {"non-stress": 0.84, "stress": 0.739}, "655": {"non-stress": 0.84, "stress": 0.739}, "656": {"non-stress": 0.841, "stress": 0.74}, "657": {"non-stress": 0.841, "stress": 0.741}, "658": {"non-stress": 0.842, "stress": 0.743}, "659": {"non-stress": 0.842, "stress": 0.743}, "660": {"non-stress": 0.843, "stress": 0.744}, "661": {"non-stress": 0.844, "stress": 0.745}, "662": {"non-stress": 0.844, "stress": 0.746}, "663": {"non-stress": 0.845, "stress": 0.746}, "664": {"non-stress": 0.845, "stress": 0.747}, "665": {"non-stress": 0.846, "stress": 0.748}, "666": {"non-stress": 0.846, "stress": 0.749}, "667": {"non-stress": 0.847, "stress": 0.751}, "668": {"non-stress": 0.847, "stress": 0.751}, "669": {"non-stress": 0.848, "stress": 0.752}, "670": {"non-stress": 0.849, "stress": 0.753}, "671": {"non-stress": 0.849, "stress": 0.754}, "672": {"non-stress": 0.849, "stress": 0.754}, "673": {"non-stress": 0.85, "stress": 0.755}, "674": {"non-stress": 0.851, "stress": 0.756}, "675": {"non-stress": 0.851, "stress": 0.757}, "676": {"non-stress": 0.852, "stress": 0.757}, "677": {"non-stress": 0.852, "stress": 0.758}, "678": {"non-stress": 0.853, "stress": 0.759}, "679": {"non-stress": 0.854, "stress": 0.76}, "680": {"non-stress": 0.854, "stress": 0.76}, "681": {"non-stress": 0.855, "stress": 0.761}, "682": {"non-stress": 0.855, "stress": 0.762}, "683": {"non-stress": 0.856, "stress": 0.763}, "684": {"non-stress": 0.856, "stress": 0.763}, "685": {"non-stress": 0.857, "stress": 0.764}, "686": {"non-stress": 0.857, "stress": 0.765}, "687": {"non-stress": 0.858, "stress": 0.766}, "688": {"non-stress": 0.858, "stress": 0.767}, "689": {"non-stress": 0.859, "stress": 0.768}, "690": {"non-stress": 0.86, "stress": 0.769}, "691": {"non-stress": 0.86, "stress": 0.77}, "692": {"non-stress": 0.861, "stress": 0.771}, "693": {"non-stress": 0.861, "stress": 0.773}, "694": {"non-stress": 0.862, "stress": 0.774}, "695": {"non-stress": 0.862, "stress": 0.775}, "696": {"non-stress": 0.863, "stress": 0.776}, "697": {"non-stress": 0.864, "stress": 0.777}, "698": {"non-stress": 0.864, "stress": 0.778}, "699": {"non-stress": 0.865, "stress": 0.779}, "700": {"non-stress": 0.866, "stress": 0.779}, "701": {"non-stress": 0.867, "stress": 0.78}, "702": {"non-stress": 0.867, "stress": 0.781}, "703": {"non-stress": 0.868, "stress": 0.782}, "704": {"non-stress": 0.869, "stress": 0.783}, "705": {"non-stress": 0.869, "stress": 0.784}, "706": {"non-stress": 0.87, "stress": 0.785}, "707": {"non-stress": 0.87, "stress": 0.786}, "708": {"non-stress": 0.871, "stress": 0.787}, "709": {"non-stress": 0.871, "stress": 0.788}, "710": {"non-stress": 0.872, "stress": 0.789}, "711": {"non-stress": 0.873, "stress": 0.79}, "712": {"non-stress": 0.874, "stress": 0.791}, "713": {"non-stress": 0.874, "stress": 0.792}, "714": {"non-stress": 0.874, "stress": 0.793}, "715": {"non-stress": 0.875, "stress": 0.793}, "716": {"non-stress": 0.876, "stress": 0.794}, "717": {"non-stress": 0.876, "stress": 0.795}, "718": {"non-stress": 0.877, "stress": 0.796}, "719": {"non-stress": 0.878, "stress": 0.796}, "720": {"non-stress": 0.879, "stress": 0.797}, "721": {"non-stress": 0.879, "stress": 0.797}, "722": {"non-stress": 0.88, "stress": 0.798}, "723": {"non-stress": 0.88, "stress": 0.798}, "724": {"non-stress": 0.88, "stress": 0.799}, "725": {"non-stress": 0.881, "stress": 0.8}, "726": {"non-stress": 0.882, "stress": 0.801}, "727": {"non-stress": 0.882, "stress": 0.802}, "728": {"non-stress": 0.883, "stress": 0.803}, "729": {"non-stress": 0.883, "stress": 0.804}, "730": {"non-stress": 0.883, "stress": 0.804}, "731": {"non-stress": 0.884, "stress": 0.805}, "732": {"non-stress": 0.884, "stress": 0.806}, "733": {"non-stress": 0.885, "stress": 0.806}, "734": {"non-stress": 0.885, "stress": 0.807}, "735": {"non-stress": 0.886, "stress": 0.808}, "736": {"non-stress": 0.886, "stress": 0.809}, "737": {"non-stress": 0.887, "stress": 0.81}, "738": {"non-stress": 0.887, "stress": 0.811}, "739": {"non-stress": 0.888, "stress": 0.812}, "740": {"non-stress": 0.888, "stress": 0.813}, "741": {"non-stress": 0.889, "stress": 0.814}, "742": {"non-stress": 0.889, "stress": 0.815}, "743": {"non-stress": 0.89, "stress": 0.817}, "744": {"non-stress": 0.89, "stress": 0.817}, "745": {"non-stress": 0.891, "stress": 0.818}, "746": {"non-stress": 0.891, "stress": 0.819}, "747": {"non-stress": 0.893, "stress": 0.82}, "748": {"non-stress": 0.893, "stress": 0.821}, "749": {"non-stress": 0.894, "stress": 0.821}, "750": {"non-stress": 0.895, "stress": 0.823}, "751": {"non-stress": 0.895, "stress": 0.823}, "752": {"non-stress": 0.896, "stress": 0.824}, "753": {"non-stress": 0.896, "stress": 0.825}, "754": {"non-stress": 0.897, "stress": 0.826}, "755": {"non-stress": 0.897, "stress": 0.827}, "756": {"non-stress": 0.897, "stress": 0.828}, "757": {"non-stress": 0.899, "stress": 0.829}, "758": {"non-stress": 0.899, "stress": 0.829}, "759": {"non-stress": 0.9, "stress": 0.83}, "760": {"non-stress": 0.9, "stress": 0.831}, "761": {"non-stress": 0.901, "stress": 0.832}, "762": {"non-stress": 0.901, "stress": 0.833}, "763": {"non-stress": 0.902, "stress": 0.834}, "764": {"non-stress": 0.902, "stress": 0.835}, "765": {"non-stress": 0.903, "stress": 0.836}, "766": {"non-stress": 0.903, "stress": 0.837}, "767": {"non-stress": 0.904, "stress": 0.838}, "768": {"non-stress": 0.905, "stress": 0.839}, "769": {"non-stress": 0.905, "stress": 0.84}, "770": {"non-stress": 0.906, "stress": 0.84}, "771": {"non-stress": 0.906, "stress": 0.841}, "772": {"non-stress": 0.907, "stress": 0.843}, "773": {"non-stress": 0.907, "stress": 0.843}, "774": {"non-stress": 0.907, "stress": 0.844}, "775": {"non-stress": 0.908, "stress": 0.845}, "776": {"non-stress": 0.909, "stress": 0.846}, "777": {"non-stress": 0.909, "stress": 0.846}, "778": {"non-stress": 0.91, "stress": 0.848}, "779": {"non-stress": 0.91, "stress": 0.849}, "780": {"non-stress": 0.911, "stress": 0.849}, "781": {"non-stress": 0.911, "stress": 0.85}, "782": {"non-stress": 0.912, "stress": 0.851}, "783": {"non-stress": 0.912, "stress": 0.852}, "784": {"non-stress": 0.913, "stress": 0.853}, "785": {"non-stress": 0.913, "stress": 0.854}, "786": {"non-stress": 0.914, "stress": 0.855}, "787": {"non-stress": 0.914, "stress": 0.856}, "788": {"non-stress": 0.915, "stress": 0.856}, "789": {"non-stress": 0.916, "stress": 0.857}, "790": {"non-stress": 0.916, "stress": 0.858}, "791": {"non-stress": 0.917, "stress": 0.858}, "792": {"non-stress": 0.917, "stress": 0.859}, "793": {"non-stress": 0.918, "stress": 0.86}, "794": {"non-stress": 0.918, "stress": 0.861}, "795": {"non-stress": 0.918, "stress": 0.862}, "796": {"non-stress": 0.919, "stress": 0.863}, "797": {"non-stress": 0.92, "stress": 0.864}, "798": {"non-stress": 0.92, "stress": 0.865}, "799": {"non-stress": 0.921, "stress": 0.866}, "800": {"non-stress": 0.921, "stress": 0.866}, "801": {"non-stress": 0.922, "stress": 0.867}, "802": {"non-stress": 0.922, "stress": 0.868}, "803": {"non-stress": 0.923, "stress": 0.868}, "804": {"non-stress": 0.923, "stress": 0.869}, "805": {"non-stress": 0.924, "stress": 0.87}, "806": {"non-stress": 0.924, "stress": 0.871}, "807": {"non-stress": 0.925, "stress": 0.871}, "808": {"non-stress": 0.925, "stress": 0.873}, "809": {"non-stress": 0.926, "stress": 0.873}, "810": {"non-stress": 0.926, "stress": 0.874}, "811": {"non-stress": 0.926, "stress": 0.874}, "812": {"non-stress": 0.927, "stress": 0.875}, "813": {"non-stress": 0.927, "stress": 0.876}, "814": {"non-stress": 0.928, "stress": 0.876}, "815": {"non-stress": 0.928, "stress": 0.877}, "816": {"non-stress": 0.929, "stress": 0.878}, "817": {"non-stress": 0.929, "stress": 0.878}, "818": {"non-stress": 0.93, "stress": 0.879}, "819": {"non-stress": 0.93, "stress": 0.88}, "820": {"non-stress": 0.93, "stress": 0.88}, "821": {"non-stress": 0.931, "stress": 0.881}, "822": {"non-stress": 0.932, "stress": 0.881}, "823": {"non-stress": 0.932, "stress": 0.883}, "824": {"non-stress": 0.933, "stress": 0.884}, "825": {"non-stress": 0.933, "stress": 0.884}, "826": {"non-stress": 0.934, "stress": 0.885}, "827": {"non-stress": 0.935, "stress": 0.886}, "828": {"non-stress": 0.935, "stress": 0.886}, "829": {"non-stress": 0.935, "stress": 0.887}, "830": {"non-stress": 0.936, "stress": 0.888}, "831": {"non-stress": 0.937, "stress": 0.888}, "832": {"non-stress": 0.937, "stress": 0.889}, "833": {"non-stress": 0.937, "stress": 0.89}, "834": {"non-stress": 0.938, "stress": 0.89}, "835": {"non-stress": 0.938, "stress": 0.891}, "836": {"non-stress": 0.938, "stress": 0.891}, "837": {"non-stress": 0.939, "stress": 0.892}, "838": {"non-stress": 0.939, "stress": 0.893}, "839": {"non-stress": 0.939, "stress": 0.894}, "840": {"non-stress": 0.94, "stress": 0.894}, "841": {"non-stress": 0.94, "stress": 0.895}, "842": {"non-stress": 0.941, "stress": 0.896}, "843": {"non-stress": 0.942, "stress": 0.897}, "844": {"non-stress": 0.943, "stress": 0.898}, "845": {"non-stress": 0.943, "stress": 0.899}, "846": {"non-stress": 0.944, "stress": 0.9}, "847": {"non-stress": 0.944, "stress": 0.901}, "848": {"non-stress": 0.945, "stress": 0.901}, "849": {"non-stress": 0.945, "stress": 0.902}, "850": {"non-stress": 0.946, "stress": 0.903}, "851": {"non-stress": 0.946, "stress": 0.903}, "852": {"non-stress": 0.946, "stress": 0.904}, "853": {"non-stress": 0.947, "stress": 0.904}, "854": {"non-stress": 0.947, "stress": 0.905}, "855": {"non-stress": 0.948, "stress": 0.906}, "856": {"non-stress": 0.948, "stress": 0.906}, "857": {"non-stress": 0.949, "stress": 0.907}, "858": {"non-stress": 0.949, "stress": 0.908}, "859": {"non-stress": 0.949, "stress": 0.909}, "860": {"non-stress": 0.95, "stress": 0.91}, "861": {"non-stress": 0.95, "stress": 0.911}, "862": {"non-stress": 0.95, "stress": 0.911}, "863": {"non-stress": 0.95, "stress": 0.912}, "864": {"non-stress": 0.951, "stress": 0.913}, "865": {"non-stress": 0.952, "stress": 0.913}, "866": {"non-stress": 0.952, "stress": 0.914}, "867": {"non-stress": 0.952, "stress": 0.915}, "868": {"non-stress": 0.953, "stress": 0.915}, "869": {"non-stress": 0.953, "stress": 0.916}, "870": {"non-stress": 0.954, "stress": 0.917}, "871": {"non-stress": 0.954, "stress": 0.918}, "872": {"non-stress": 0.955, "stress": 0.918}, "873": {"non-stress": 0.955, "stress": 0.919}, "874": {"non-stress": 0.955, "stress": 0.92}, "875": {"non-stress": 0.956, "stress": 0.921}, "876": {"non-stress": 0.956, "stress": 0.921}, "877": {"non-stress": 0.957, "stress": 0.922}, "878": {"non-stress": 0.958, "stress": 0.923}, "879": {"non-stress": 0.958, "stress": 0.923}, "880": {"non-stress": 0.958, "stress": 0.924}, "881": {"non-stress": 0.959, "stress": 0.925}, "882": {"non-stress": 0.959, "stress": 0.926}, "883": {"non-stress": 0.959, "stress": 0.927}, "884": {"non-stress": 0.959, "stress": 0.927}, "885": {"non-stress": 0.96, "stress": 0.928}, "886": {"non-stress": 0.96, "stress": 0.928}, "887": {"non-stress": 0.961, "stress": 0.93}, "888": {"non-stress": 0.961, "stress": 0.93}, "889": {"non-stress": 0.961, "stress": 0.931}, "890": {"non-stress": 0.962, "stress": 0.932}, "891": {"non-stress": 0.962, "stress": 0.933}, "892": {"non-stress": 0.963, "stress": 0.933}, "893": {"non-stress": 0.963, "stress": 0.934}, "894": {"non-stress": 0.964, "stress": 0.934}, "895": {"non-stress": 0.964, "stress": 0.935}, "896": {"non-stress": 0.964, "stress": 0.936}, "897": {"non-stress": 0.964, "stress": 0.937}, "898": {"non-stress": 0.965, "stress": 0.938}, "899": {"non-stress": 0.965, "stress": 0.939}, "900": {"non-stress": 0.966, "stress": 0.939}, "901": {"non-stress": 0.966, "stress": 0.94}, "902": {"non-stress": 0.966, "stress": 0.941}, "903": {"non-stress": 0.967, "stress": 0.941}, "904": {"non-stress": 0.967, "stress": 0.942}, "905": {"non-stress": 0.968, "stress": 0.943}, "906": {"non-stress": 0.968, "stress": 0.944}, "907": {"non-stress": 0.968, "stress": 0.945}, "908": {"non-stress": 0.969, "stress": 0.946}, "909": {"non-stress": 0.97, "stress": 0.946}, "910": {"non-stress": 0.97, "stress": 0.947}, "911": {"non-stress": 0.971, "stress": 0.948}, "912": {"non-stress": 0.971, "stress": 0.948}, "913": {"non-stress": 0.972, "stress": 0.949}, "914": {"non-stress": 0.972, "stress": 0.95}, "915": {"non-stress": 0.973, "stress": 0.95}, "916": {"non-stress": 0.973, "stress": 0.951}, "917": {"non-stress": 0.973, "stress": 0.951}, "918": {"non-stress": 0.974, "stress": 0.952}, "919": {"non-stress": 0.974, "stress": 0.953}, "920": {"non-stress": 0.974, "stress": 0.954}, "921": {"non-stress": 0.975, "stress": 0.954}, "922": {"non-stress": 0.976, "stress": 0.955}, "923": {"non-stress": 0.976, "stress": 0.956}, "924": {"non-stress": 0.977, "stress": 0.957}, "925": {"non-stress": 0.977, "stress": 0.957}, "926": {"non-stress": 0.977, "stress": 0.958}, "927": {"non-stress": 0.978, "stress": 0.959}, "928": {"non-stress": 0.978, "stress": 0.96}, "929": {"non-stress": 0.979, "stress": 0.96}, "930": {"non-stress": 0.979, "stress": 0.961}, "931": {"non-stress": 0.979, "stress": 0.961}, "932": {"non-stress": 0.98, "stress": 0.962}, "933": {"non-stress": 0.98, "stress": 0.962}, "934": {"non-stress": 0.981, "stress": 0.963}, "935": {"non-stress": 0.981, "stress": 0.963}, "936": {"non-stress": 0.982, "stress": 0.964}, "937": {"non-stress": 0.982, "stress": 0.965}, "938": {"non-stress": 0.982, "stress": 0.965}, "939": {"non-stress": 0.983, "stress": 0.966}, "940": {"non-stress": 0.983, "stress": 0.967}, "941": {"non-stress": 0.983, "stress": 0.967}, "942": {"non-stress": 0.984, "stress": 0.968}, "943": {"non-stress": 0.984, "stress": 0.969}, "944": {"non-stress": 0.984, "stress": 0.969}, "945": {"non-stress": 0.985, "stress": 0.97}, "946": {"non-stress": 0.985, "stress": 0.971}, "947": {"non-stress": 0.985, "stress": 0.971}, "948": {"non-stress": 0.986, "stress": 0.972}, "949": {"non-stress": 0.986, "stress": 0.972}, "950": {"non-stress": 0.986, "stress": 0.973}, "951": {"non-stress": 0.986, "stress": 0.973}, "952": {"non-stress": 0.987, "stress": 0.974}, "953": {"non-stress": 0.987, "stress": 0.975}, "954": {"non-stress": 0.987, "stress": 0.976}, "955": {"non-stress": 0.988, "stress": 0.976}, "956": {"non-stress": 0.988, "stress": 0.977}, "957": {"non-stress": 0.989, "stress": 0.977}, "958": {"non-stress": 0.989, "stress": 0.978}, "959": {"non-stress": 0.989, "stress": 0.979}, "960": {"non-stress": 0.99, "stress": 0.979}, "961": {"non-stress": 0.99, "stress": 0.98}, "962": {"non-stress": 0.99, "stress": 0.98}, "963": {"non-stress": 0.991, "stress": 0.981}, "964": {"non-stress": 0.991, "stress": 0.981}, "965": {"non-stress": 0.991, "stress": 0.982}, "966": {"non-stress": 0.992, "stress": 0.982}, "967": {"non-stress": 0.992, "stress": 0.982}, "968": {"non-stress": 0.992, "stress": 0.983}, "969": {"non-stress": 0.992, "stress": 0.983}, "970": {"non-stress": 0.993, "stress": 0.984}, "971": {"non-stress": 0.993, "stress": 0.985}, "972": {"non-stress": 0.993, "stress": 0.985}, "973": {"non-stress": 0.994, "stress": 0.986}, "974": {"non-stress": 0.994, "stress": 0.987}, "975": {"non-stress": 0.994, "stress": 0.987}, "976": {"non-stress": 0.994, "stress": 0.988}, "977": {"non-stress": 0.994, "stress": 0.988}, "978": {"non-stress": 0.995, "stress": 0.989}, "979": {"non-stress": 0.995, "stress": 0.989}, "980": {"non-stress": 0.995, "stress": 0.99}, "981": {"non-stress": 0.995, "stress": 0.99}, "982": {"non-stress": 0.996, "stress": 0.99}, "983": {"non-stress": 0.996, "stress": 0.991}, "984": {"non-stress": 0.996, "stress": 0.991}, "985": {"non-stress": 0.997, "stress": 0.992}, "986": {"non-stress": 0.997, "stress": 0.992}, "987": {"non-stress": 0.997, "stress": 0.993}, "988": {"non-stress": 0.997, "stress": 0.994}, "989": {"non-stress": 0.998, "stress": 0.994}, "990": {"non-stress": 0.998, "stress": 0.995}, "991": {"non-stress": 0.998, "stress": 0.995}, "992": {"non-stress": 0.998, "stress": 0.996}, "993": {"non-stress": 0.998, "stress": 0.996}, "994": {"non-stress": 0.999, "stress": 0.997}, "995": {"non-stress": 0.999, "stress": 0.998}, "996": {"non-stress": 0.999, "stress": 0.998}, "997": {"non-stress": 0.999, "stress": 0.999}, "998": {"non-stress": 1.0, "stress": 0.999}, "999": {"non-stress": 1.0, "stress": 1.0}, "1000": {"non-stress": 1.0, "stress": 1.0}}