{"rank": {"bvp": [0, 0, 0, 0, 0, 0, 0, 0, 0, 0, 0, 0, 0, 0, 0], "eda": [3, 3, 13, 6, 14, 0, 3, 9, 11, 4, 1, 0, 4, 8, 1], "temp": [10, 9, 11, 1, 3, 2, 13, 7, 3, 11, 14, 0, 0, 6, 10], "acc": [0, 3, 6, 14, 4, 0, 9, 0, 6, 3, 0, 13, 0, 10, 8], "bvp+eda": [1, 1, 5, 2, 10, 0, 1, 3, 5, 1, 0, 0, 0, 2, 0], "bvp+temp": [4, 2, 7, 0, 1, 0, 6, 2, 1, 6, 8, 0, 0, 2, 4], "bvp+acc": [0, 0, 1, 8, 1, 0, 2, 0, 3, 1, 0, 6, 0, 3, 3], "eda+temp": [6, 6, 14, 2, 9, 0, 10, 9, 7, 9, 9, 0, 0, 7, 4], "eda+acc": [1, 1, 11, 11, 11, 0, 6, 2, 8, 3, 0, 6, 2, 11, 1], "temp+acc": [3, 4, 10, 9, 3, 0, 13, 2, 2, 6, 6, 6, 0, 9, 10], "bvp+eda+temp": [2, 1, 9, 0, 4, 0, 3, 3, 3, 3, 4, 0, 0, 3, 1], "bvp+eda+acc": [0, 0, 6, 7, 4, 0, 1, 1, 5, 0, 0, 2, 0, 5, 0], "bvp+temp+acc": [0, 2, 3, 3, 1, 0, 7, 0, 1, 3, 3, 1, 0, 2, 5], "eda+temp+acc": [1, 3, 14, 7, 8, 0, 11, 4, 6, 5, 4, 1, 0, 9, 4], "bvp+eda+temp+acc": [0, 1, 10, 4, 1, 0, 4, 1, 3, 0, 1, 0, 0, 5, 1]}, "score": {"bvp": [0, 0, 0, 0, 0, 0, 0, 0, 0, 0, 0, 0, 0, 0, 0], "eda": [3, 3, 13, 6, 14, 0, 3, 9, 11, 4, 1, 0, 4, 8, 1], "temp": [10, 9, 11, 1, 3, 2, 13, 7, 3, 11, 14, 0, 0, 6, 10], "acc": [0, 3, 6, 14, 4, 0, 9, 0, 6, 3, 0, 13, 0, 10, 8], "bvp+eda": [1, 0, 8, 2, 10, 0, 1, 2, 2, 1, 0, 0, 1, 3, 0], "bvp+temp": [4, 2, 8, 0, 1, 0, 10, 1, 1, 8, 10, 0, 0, 3, 5], "bvp+acc": [0, 0, 2, 7, 1, 0, 1, 0, 1, 0, 0, 2, 0, 4, 3], "eda+temp": [7, 5, 14, 1, 8, 0, 11, 9, 7, 10, 9, 0, 1, 10, 1], "eda+acc": [1, 2, 11, 8, 11, 0, 5, 4, 10, 2, 0, 0, 3, 9, 0], "temp+acc": [3, 6, 10, 3, 2, 0, 12, 4, 3, 9, 12, 0, 0, 9, 8], "bvp+eda+temp": [2, 1, 10, 0, 4, 0, 7, 2, 2, 5, 5, 0, 0, 5, 0], "bvp+eda+acc": [0, 0, 8, 6, 6, 0, 2, 1, 4, 0, 0, 0, 1, 5, 0], "bvp+temp+acc": [0, 1, 6, 0, 1, 0, 9, 1, 1, 6, 7, 0, 0, 6, 6], "eda+temp+acc": [2, 4, 14, 2, 4, 0, 12, 5, 6, 6, 4, 0, 1, 8, 2], "bvp+eda+temp+acc": [1, 1, 11, 2, 2, 0, 8, 1, 1, 5, 1, 0, 0, 6, 0]}}