{"rank": {"bvp": [0, 0, 0, 0, 0, 0, 0, 0, 0, 0, 0, 0, 0, 0, 0], "eda": [1, 2, 11, 7, 6, 2, 8, 5, 11, 0, 2, 0, 7, 9, 0], "temp": [7, 4, 7, 1, 2, 1, 13, 3, 5, 11, 13, 13, 3, 13, 8], "acc": [1, 1, 7, 12, 0, 0, 2, 5, 8, 0, 0, 4, 0, 7, 3], "bvp+eda": [0, 0, 5, 2, 1, 0, 1, 1, 4, 0, 0, 0, 3, 2, 0], "bvp+temp": [3, 1, 2, 0, 0, 0, 7, 1, 1, 6, 6, 4, 1, 6, 1], "bvp+acc": [1, 0, 3, 5, 0, 0, 0, 0, 3, 0, 0, 1, 0, 2, 1], "eda+temp": [2, 2, 10, 2, 2, 0, 12, 2, 9, 7, 8, 6, 4, 14, 3], "eda+acc": [1, 0, 10, 12, 2, 0, 5, 5, 12, 0, 1, 1, 3, 8, 0], "temp+acc": [2, 2, 8, 4, 0, 0, 8, 2, 5, 5, 6, 9, 0, 12, 4], "bvp+eda+temp": [1, 1, 5, 0, 0, 0, 6, 1, 3, 1, 3, 2, 1, 8, 1], "bvp+eda+acc": [0, 0, 5, 5, 0, 0, 2, 1, 3, 0, 0, 0, 0, 3, 0], "bvp+temp+acc": [1, 0, 3, 1, 0, 0, 3, 1, 2, 2, 1, 4, 0, 7, 1], "eda+temp+acc": [1, 1, 9, 8, 1, 0, 9, 2, 10, 2, 5, 4, 1, 12, 1], "bvp+eda+temp+acc": [0, 0, 5, 3, 0, 0, 4, 0, 4, 0, 1, 1, 0, 7, 0]}, "score": {"bvp": [0, 0, 0, 0, 0, 0, 0, 0, 0, 0, 0, 0, 0, 0, 0], "eda": [1, 2, 11, 7, 6, 2, 8, 5, 11, 0, 2, 0, 7, 9, 0], "temp": [7, 4, 7, 1, 2, 1, 13, 3, 5, 11, 13, 13, 3, 13, 8], "acc": [1, 1, 7, 12, 0, 0, 2, 5, 8, 0, 0, 4, 0, 7, 3], "bvp+eda": [0, 0, 9, 1, 2, 0, 2, 0, 4, 0, 0, 0, 4, 5, 0], "bvp+temp": [2, 1, 2, 0, 0, 0, 8, 1, 0, 6, 8, 3, 0, 10, 3], "bvp+acc": [1, 0, 4, 6, 0, 0, 0, 0, 1, 0, 0, 0, 0, 1, 0], "eda+temp": [2, 4, 11, 1, 3, 0, 13, 4, 11, 1, 8, 0, 6, 14, 2], "eda+acc": [1, 2, 12, 9, 5, 1, 7, 5, 12, 0, 0, 0, 3, 9, 0], "temp+acc": [5, 4, 7, 2, 0, 0, 11, 2, 8, 7, 9, 12, 0, 13, 8], "bvp+eda+temp": [0, 1, 6, 0, 1, 0, 9, 0, 3, 0, 3, 0, 2, 11, 1], "bvp+eda+acc": [0, 0, 9, 6, 1, 0, 1, 0, 4, 0, 0, 0, 1, 6, 0], "bvp+temp+acc": [1, 0, 2, 0, 0, 0, 6, 0, 1, 4, 2, 3, 0, 8, 2], "eda+temp+acc": [2, 3, 9, 1, 2, 0, 10, 4, 10, 1, 4, 0, 2, 14, 2], "bvp+eda+temp+acc": [0, 1, 7, 1, 0, 0, 6, 0, 3, 0, 1, 0, 0, 11, 0]}}