{"1": {"non-stress": 0.136, "stress": 0.106}, "2": {"non-stress": 0.238, "stress": 0.163}, "3": {"non-stress": 0.324, "stress": 0.231}, "4": {"non-stress": 0.388, "stress": 0.318}, "5": {"non-stress": 0.493, "stress": 0.373}, "6": {"non-stress": 0.581, "stress": 0.421}, "7": {"non-stress": 0.645, "stress": 0.465}, "8": {"non-stress": 0.726, "stress": 0.514}, "9": {"non-stress": 0.774, "stress": 0.567}, "10": {"non-stress": 0.813, "stress": 0.609}, "11": {"non-stress": 0.863, "stress": 0.671}, "12": {"non-stress": 0.891, "stress": 0.726}, "13": {"non-stress": 0.921, "stress": 0.81}, "14": {"non-stress": 0.97, "stress": 0.906}, "15": {"non-stress": 1.0, "stress": 1.0}}