{"1": {"bvp": 0.177, "eda": 0.081, "temp": 0.064, "acc": 0.198, "bvp+eda": 0.091, "bvp+temp": 0.116, "bvp+acc": 0.268, "eda+temp": 0.075, "eda+acc": 0.083, "temp+acc": 0.107, "bvp+eda+temp": 0.137, "bvp+eda+acc": 0.101, "bvp+temp+acc": 0.123, "eda+temp+acc": 0.124, "bvp+eda+temp+acc": 0.162}, "2": {"bvp": 0.339, "eda": 0.14, "temp": 0.163, "acc": 0.272, "bvp+eda": 0.16, "bvp+temp": 0.22, "bvp+acc": 0.355, "eda+temp": 0.141, "eda+acc": 0.144, "temp+acc": 0.224, "bvp+eda+temp": 0.172, "bvp+eda+acc": 0.169, "bvp+temp+acc": 0.254, "eda+temp+acc": 0.213, "bvp+eda+temp+acc": 0.263}, "3": {"bvp": 0.456, "eda": 0.211, "temp": 0.258, "acc": 0.328, "bvp+eda": 0.227, "bvp+temp": 0.348, "bvp+acc": 0.419, "eda+temp": 0.19, "eda+acc": 0.258, "temp+acc": 0.285, "bvp+eda+temp": 0.221, "bvp+eda+acc": 0.292, "bvp+temp+acc": 0.402, "eda+temp+acc": 0.259, "bvp+eda+temp+acc": 0.284}, "4": {"bvp": 0.563, "eda": 0.279, "temp": 0.366, "acc": 0.385, "bvp+eda": 0.301, "bvp+temp": 0.402, "bvp+acc": 0.464, "eda+temp": 0.27, "eda+acc": 0.309, "temp+acc": 0.359, "bvp+eda+temp": 0.318, "bvp+eda+acc": 0.352, "bvp+temp+acc": 0.474, "eda+temp+acc": 0.317, "bvp+eda+temp+acc": 0.345}, "5": {"bvp": 0.66, "eda": 0.371, "temp": 0.431, "acc": 0.444, "bvp+eda": 0.409, "bvp+temp": 0.519, "bvp+acc": 0.514, "eda+temp": 0.37, "eda+acc": 0.411, "temp+acc": 0.462, "bvp+eda+temp": 0.402, "bvp+eda+acc": 0.467, "bvp+temp+acc": 0.567, "eda+temp+acc": 0.404, "bvp+eda+temp+acc": 0.42}, "6": {"bvp": 0.713, "eda": 0.467, "temp": 0.529, "acc": 0.511, "bvp+eda": 0.545, "bvp+temp": 0.566, "bvp+acc": 0.585, "eda+temp": 0.464, "eda+acc": 0.5, "temp+acc": 0.506, "bvp+eda+temp": 0.473, "bvp+eda+acc": 0.561, "bvp+temp+acc": 0.598, "eda+temp+acc": 0.486, "bvp+eda+temp+acc": 0.491}, "7": {"bvp": 0.764, "eda": 0.539, "temp": 0.549, "acc": 0.597, "bvp+eda": 0.583, "bvp+temp": 0.588, "bvp+acc": 0.681, "eda+temp": 0.495, "eda+acc": 0.612, "temp+acc": 0.573, "bvp+eda+temp": 0.507, "bvp+eda+acc": 0.67, "bvp+temp+acc": 0.686, "eda+temp+acc": 0.503, "bvp+eda+temp+acc": 0.514}, "8": {"bvp": 0.791, "eda": 0.599, "temp": 0.646, "acc": 0.679, "bvp+eda": 0.6, "bvp+temp": 0.7, "bvp+acc": 0.763, "eda+temp": 0.569, "eda+acc": 0.687, "temp+acc": 0.656, "bvp+eda+temp": 0.574, "bvp+eda+acc": 0.703, "bvp+temp+acc": 0.777, "eda+temp+acc": 0.591, "bvp+eda+temp+acc": 0.601}, "9": {"bvp": 0.841, "eda": 0.645, "temp": 0.684, "acc": 0.767, "bvp+eda": 0.627, "bvp+temp": 0.754, "bvp+acc": 0.844, "eda+temp": 0.596, "eda+acc": 0.728, "temp+acc": 0.75, "bvp+eda+temp": 0.612, "bvp+eda+acc": 0.748, "bvp+temp+acc": 0.798, "eda+temp+acc": 0.63, "bvp+eda+temp+acc": 0.651}, "10": {"bvp": 0.906, "eda": 0.669, "temp": 0.748, "acc": 0.859, "bvp+eda": 0.703, "bvp+temp": 0.772, "bvp+acc": 0.903, "eda+temp": 0.64, "eda+acc": 0.752, "temp+acc": 0.763, "bvp+eda+temp": 0.626, "bvp+eda+acc": 0.767, "bvp+temp+acc": 0.809, "eda+temp+acc": 0.667, "bvp+eda+temp+acc": 0.695}, "11": {"bvp": 0.922, "eda": 0.761, "temp": 0.78, "acc": 0.896, "bvp+eda": 0.831, "bvp+temp": 0.796, "bvp+acc": 0.938, "eda+temp": 0.691, "eda+acc": 0.785, "temp+acc": 0.813, "bvp+eda+temp": 0.727, "bvp+eda+acc": 0.818, "bvp+temp+acc": 0.837, "eda+temp+acc": 0.722, "bvp+eda+temp+acc": 0.763}, "12": {"bvp": 0.934, "eda": 0.827, "temp": 0.803, "acc": 0.908, "bvp+eda": 0.84, "bvp+temp": 0.855, "bvp+acc": 0.98, "eda+temp": 0.736, "eda+acc": 0.8, "temp+acc": 0.854, "bvp+eda+temp": 0.798, "bvp+eda+acc": 0.834, "bvp+temp+acc": 0.86, "eda+temp+acc": 0.765, "bvp+eda+temp+acc": 0.832}, "13": {"bvp": 0.943, "eda": 0.869, "temp": 0.842, "acc": 0.951, "bvp+eda": 0.877, "bvp+temp": 0.889, "bvp+acc": 0.989, "eda+temp": 0.824, "eda+acc": 0.864, "temp+acc": 0.88, "bvp+eda+temp": 0.875, "bvp+eda+acc": 0.882, "bvp+temp+acc": 0.884, "eda+temp+acc": 0.866, "bvp+eda+temp+acc": 0.886}, "14": {"bvp": 0.963, "eda": 0.936, "temp": 0.917, "acc": 0.971, "bvp+eda": 0.947, "bvp+temp": 0.931, "bvp+acc": 0.997, "eda+temp": 0.948, "eda+acc": 0.912, "temp+acc": 0.957, "bvp+eda+temp": 0.972, "bvp+eda+acc": 0.936, "bvp+temp+acc": 0.959, "eda+temp+acc": 0.956, "bvp+eda+temp+acc": 0.965}, "15": {"bvp": 1.0, "eda": 1.0, "temp": 1.0, "acc": 1.0, "bvp+eda": 1.0, "bvp+temp": 1.0, "bvp+acc": 1.0, "eda+temp": 1.0, "eda+acc": 1.0, "temp+acc": 1.0, "bvp+eda+temp": 1.0, "bvp+eda+acc": 1.0, "bvp+temp+acc": 1.0, "eda+temp+acc": 1.0, "bvp+eda+temp+acc": 1.0}}