{"1": {"rank": 0.131, "score": 0.121, "mean": 0.126}, "2": {"rank": 0.248, "score": 0.2, "mean": 0.224}, "3": {"rank": 0.323, "score": 0.277, "mean": 0.3}, "4": {"rank": 0.405, "score": 0.353, "mean": 0.379}, "5": {"rank": 0.471, "score": 0.433, "mean": 0.452}, "6": {"rank": 0.544, "score": 0.501, "mean": 0.522}, "7": {"rank": 0.615, "score": 0.555, "mean": 0.585}, "8": {"rank": 0.662, "score": 0.62, "mean": 0.641}, "9": {"rank": 0.713, "score": 0.67, "mean": 0.692}, "10": {"rank": 0.77, "score": 0.711, "mean": 0.741}, "11": {"rank": 0.824, "score": 0.767, "mean": 0.796}, "12": {"rank": 0.86, "score": 0.809, "mean": 0.834}, "13": {"rank": 0.901, "score": 0.866, "mean": 0.884}, "14": {"rank": 0.947, "score": 0.938, "mean": 0.943}, "15": {"rank": 1.0, "score": 1.0, "mean": 1.0}}