{"1": {"rank": 0.082, "score": 0.105, "mean": 0.093}, "2": {"rank": 0.167, "score": 0.19, "mean": 0.178}, "3": {"rank": 0.257, "score": 0.267, "mean": 0.262}, "4": {"rank": 0.331, "score": 0.345, "mean": 0.338}, "5": {"rank": 0.397, "score": 0.424, "mean": 0.411}, "6": {"rank": 0.472, "score": 0.492, "mean": 0.482}, "7": {"rank": 0.547, "score": 0.557, "mean": 0.552}, "8": {"rank": 0.601, "score": 0.621, "mean": 0.611}, "9": {"rank": 0.652, "score": 0.682, "mean": 0.667}, "10": {"rank": 0.712, "score": 0.739, "mean": 0.725}, "11": {"rank": 0.776, "score": 0.797, "mean": 0.786}, "12": {"rank": 0.828, "score": 0.854, "mean": 0.841}, "13": {"rank": 0.887, "score": 0.911, "mean": 0.899}, "14": {"rank": 0.942, "score": 0.957, "mean": 0.95}, "15": {"rank": 1.0, "score": 1.0, "mean": 1.0}}