{"1": {"non-stress": 0.088, "stress": 0.121}, "2": {"non-stress": 0.169, "stress": 0.21}, "3": {"non-stress": 0.241, "stress": 0.292}, "4": {"non-stress": 0.313, "stress": 0.377}, "5": {"non-stress": 0.398, "stress": 0.451}, "6": {"non-stress": 0.463, "stress": 0.521}, "7": {"non-stress": 0.53, "stress": 0.583}, "8": {"non-stress": 0.593, "stress": 0.648}, "9": {"non-stress": 0.658, "stress": 0.706}, "10": {"non-stress": 0.717, "stress": 0.761}, "11": {"non-stress": 0.778, "stress": 0.816}, "12": {"non-stress": 0.835, "stress": 0.873}, "13": {"non-stress": 0.896, "stress": 0.926}, "14": {"non-stress": 0.949, "stress": 0.965}, "15": {"non-stress": 1.0, "stress": 1.0}}