{"1": {"bvp": 0.127, "eda": 0.068, "temp": 0.108, "acc": 0.071, "bvp+eda": 0.072, "bvp+temp": 0.122, "bvp+acc": 0.106, "eda+temp": 0.102, "eda+acc": 0.071, "temp+acc": 0.058, "bvp+eda+temp": 0.128, "bvp+eda+acc": 0.082, "bvp+temp+acc": 0.131, "eda+temp+acc": 0.108, "bvp+eda+temp+acc": 0.112}, "2": {"bvp": 0.188, "eda": 0.158, "temp": 0.178, "acc": 0.137, "bvp+eda": 0.188, "bvp+temp": 0.207, "bvp+acc": 0.215, "eda+temp": 0.176, "eda+acc": 0.152, "temp+acc": 0.146, "bvp+eda+temp": 0.196, "bvp+eda+acc": 0.188, "bvp+temp+acc": 0.205, "eda+temp+acc": 0.182, "bvp+eda+temp+acc": 0.2}, "3": {"bvp": 0.284, "eda": 0.228, "temp": 0.231, "acc": 0.258, "bvp+eda": 0.264, "bvp+temp": 0.268, "bvp+acc": 0.287, "eda+temp": 0.223, "eda+acc": 0.229, "temp+acc": 0.243, "bvp+eda+temp": 0.276, "bvp+eda+acc": 0.262, "bvp+temp+acc": 0.268, "eda+temp+acc": 0.237, "bvp+eda+temp+acc": 0.278}, "4": {"bvp": 0.383, "eda": 0.294, "temp": 0.303, "acc": 0.323, "bvp+eda": 0.314, "bvp+temp": 0.351, "bvp+acc": 0.342, "eda+temp": 0.287, "eda+acc": 0.31, "temp+acc": 0.315, "bvp+eda+temp": 0.387, "bvp+eda+acc": 0.359, "bvp+temp+acc": 0.339, "eda+temp+acc": 0.309, "bvp+eda+temp+acc": 0.354}, "5": {"bvp": 0.482, "eda": 0.35, "temp": 0.354, "acc": 0.387, "bvp+eda": 0.384, "bvp+temp": 0.429, "bvp+acc": 0.407, "eda+temp": 0.421, "eda+acc": 0.386, "temp+acc": 0.374, "bvp+eda+temp": 0.446, "bvp+eda+acc": 0.451, "bvp+temp+acc": 0.419, "eda+temp+acc": 0.426, "bvp+eda+temp+acc": 0.481}, "6": {"bvp": 0.522, "eda": 0.409, "temp": 0.395, "acc": 0.451, "bvp+eda": 0.431, "bvp+temp": 0.545, "bvp+acc": 0.472, "eda+temp": 0.496, "eda+acc": 0.45, "temp+acc": 0.438, "bvp+eda+temp": 0.51, "bvp+eda+acc": 0.511, "bvp+temp+acc": 0.528, "eda+temp+acc": 0.512, "bvp+eda+temp+acc": 0.527}, "7": {"bvp": 0.564, "eda": 0.489, "temp": 0.492, "acc": 0.532, "bvp+eda": 0.506, "bvp+temp": 0.62, "bvp+acc": 0.513, "eda+temp": 0.553, "eda+acc": 0.535, "temp+acc": 0.521, "bvp+eda+temp": 0.551, "bvp+eda+acc": 0.551, "bvp+temp+acc": 0.578, "eda+temp+acc": 0.581, "bvp+eda+temp+acc": 0.598}, "8": {"bvp": 0.618, "eda": 0.535, "temp": 0.583, "acc": 0.575, "bvp+eda": 0.554, "bvp+temp": 0.701, "bvp+acc": 0.624, "eda+temp": 0.614, "eda+acc": 0.582, "temp+acc": 0.581, "bvp+eda+temp": 0.629, "bvp+eda+acc": 0.596, "bvp+temp+acc": 0.635, "eda+temp+acc": 0.652, "bvp+eda+temp+acc": 0.654}, "9": {"bvp": 0.66, "eda": 0.599, "temp": 0.638, "acc": 0.627, "bvp+eda": 0.675, "bvp+temp": 0.757, "bvp+acc": 0.71, "eda+temp": 0.671, "eda+acc": 0.655, "temp+acc": 0.657, "bvp+eda+temp": 0.683, "bvp+eda+acc": 0.662, "bvp+temp+acc": 0.706, "eda+temp+acc": 0.699, "bvp+eda+temp+acc": 0.685}, "10": {"bvp": 0.711, "eda": 0.648, "temp": 0.711, "acc": 0.672, "bvp+eda": 0.773, "bvp+temp": 0.806, "bvp+acc": 0.768, "eda+temp": 0.703, "eda+acc": 0.71, "temp+acc": 0.73, "bvp+eda+temp": 0.738, "bvp+eda+acc": 0.745, "bvp+temp+acc": 0.773, "eda+temp+acc": 0.723, "bvp+eda+temp+acc": 0.735}, "11": {"bvp": 0.785, "eda": 0.721, "temp": 0.789, "acc": 0.724, "bvp+eda": 0.787, "bvp+temp": 0.821, "bvp+acc": 0.867, "eda+temp": 0.751, "eda+acc": 0.796, "temp+acc": 0.779, "bvp+eda+temp": 0.789, "bvp+eda+acc": 0.817, "bvp+temp+acc": 0.823, "eda+temp+acc": 0.782, "bvp+eda+temp+acc": 0.807}, "12": {"bvp": 0.861, "eda": 0.826, "temp": 0.834, "acc": 0.792, "bvp+eda": 0.83, "bvp+temp": 0.86, "bvp+acc": 0.903, "eda+temp": 0.804, "eda+acc": 0.824, "temp+acc": 0.845, "bvp+eda+temp": 0.83, "bvp+eda+acc": 0.886, "bvp+temp+acc": 0.893, "eda+temp+acc": 0.844, "bvp+eda+temp+acc": 0.86}, "13": {"bvp": 0.915, "eda": 0.92, "temp": 0.882, "acc": 0.887, "bvp+eda": 0.913, "bvp+temp": 0.914, "bvp+acc": 0.948, "eda+temp": 0.871, "eda+acc": 0.887, "temp+acc": 0.905, "bvp+eda+temp": 0.91, "bvp+eda+acc": 0.917, "bvp+temp+acc": 0.913, "eda+temp+acc": 0.869, "bvp+eda+temp+acc": 0.924}, "14": {"bvp": 0.962, "eda": 0.968, "temp": 0.938, "acc": 0.975, "bvp+eda": 0.959, "bvp+temp": 0.948, "bvp+acc": 0.989, "eda+temp": 0.911, "eda+acc": 0.947, "temp+acc": 0.953, "bvp+eda+temp": 0.96, "bvp+eda+acc": 0.955, "bvp+temp+acc": 0.959, "eda+temp+acc": 0.921, "bvp+eda+temp+acc": 0.965}, "15": {"bvp": 1.0, "eda": 1.0, "temp": 1.0, "acc": 1.0, "bvp+eda": 1.0, "bvp+temp": 1.0, "bvp+acc": 1.0, "eda+temp": 1.0, "eda+acc": 1.0, "temp+acc": 1.0, "bvp+eda+temp": 1.0, "bvp+eda+acc": 1.0, "bvp+temp+acc": 1.0, "eda+temp+acc": 1.0, "bvp+eda+temp+acc": 1.0}}