{"rank": {"bvp": [0, 0, 0, 0, 0, 0, 0, 0, 0, 0, 0, 0, 0, 0, 0], "eda": [1, 4, 1, 2, 6, 0, 5, 6, 0, 0, 1, 1, 6, 12, 9], "temp": [9, 8, 2, 4, 6, 2, 2, 3, 7, 11, 0, 14, 12, 13, 7], "acc": [1, 2, 13, 0, 0, 0, 2, 8, 11, 1, 0, 0, 1, 11, 9], "bvp+eda": [0, 1, 0, 0, 1, 0, 1, 1, 0, 0, 0, 0, 0, 5, 4], "bvp+temp": [2, 3, 0, 0, 2, 0, 0, 1, 3, 5, 0, 5, 6, 6, 2], "bvp+acc": [1, 0, 5, 0, 0, 0, 0, 2, 5, 0, 0, 0, 1, 6, 2], "eda+temp": [3, 5, 1, 2, 5, 1, 2, 1, 3, 5, 0, 9, 11, 14, 9], "eda+acc": [1, 2, 6, 0, 2, 0, 2, 8, 5, 0, 0, 0, 3, 14, 11], "temp+acc": [3, 3, 9, 0, 2, 1, 1, 4, 9, 5, 0, 6, 6, 14, 10], "bvp+eda+temp": [0, 2, 0, 0, 1, 0, 0, 0, 0, 1, 0, 2, 6, 10, 4], "bvp+eda+acc": [1, 0, 3, 0, 1, 0, 0, 4, 2, 0, 0, 0, 0, 11, 5], "bvp+temp+acc": [1, 1, 4, 0, 1, 0, 0, 2, 6, 1, 0, 3, 2, 9, 1], "eda+temp+acc": [1, 3, 4, 0, 2, 0, 0, 5, 4, 2, 0, 4, 6, 14, 9], "bvp+eda+temp+acc": [0, 1, 2, 0, 0, 0, 0, 1, 3, 0, 0, 2, 4, 12, 4]}, "score": {"bvp": [0, 0, 0, 0, 0, 0, 0, 0, 0, 0, 0, 0, 0, 0, 0], "eda": [1, 4, 1, 2, 6, 0, 5, 6, 0, 0, 1, 1, 6, 12, 9], "temp": [9, 8, 2, 4, 6, 2, 2, 3, 7, 11, 0, 14, 12, 13, 7], "acc": [1, 2, 13, 0, 0, 0, 2, 8, 11, 1, 0, 0, 1, 11, 9], "bvp+eda": [0, 0, 0, 0, 2, 0, 1, 0, 0, 0, 0, 0, 0, 6, 5], "bvp+temp": [6, 2, 0, 1, 2, 0, 0, 1, 3, 6, 0, 2, 8, 10, 0], "bvp+acc": [1, 0, 7, 0, 0, 0, 0, 0, 4, 0, 0, 0, 0, 6, 2], "eda+temp": [6, 5, 1, 3, 8, 2, 1, 5, 3, 2, 0, 8, 11, 13, 9], "eda+acc": [1, 2, 7, 0, 4, 0, 1, 7, 4, 0, 0, 1, 3, 11, 11], "temp+acc": [9, 4, 7, 0, 2, 2, 0, 3, 9, 7, 0, 10, 10, 13, 6], "bvp+eda+temp": [2, 2, 0, 0, 5, 0, 1, 1, 2, 0, 0, 0, 8, 11, 5], "bvp+eda+acc": [0, 0, 2, 0, 1, 0, 0, 2, 0, 0, 0, 0, 0, 8, 6], "bvp+temp+acc": [5, 2, 3, 0, 1, 0, 0, 1, 6, 3, 0, 2, 7, 10, 0], "eda+temp+acc": [4, 3, 3, 0, 3, 1, 0, 5, 5, 1, 0, 5, 6, 14, 10], "bvp+eda+temp+acc": [2, 2, 1, 0, 3, 0, 0, 1, 3, 0, 0, 0, 5, 11, 4]}}