{"rank": {"bvp": [0, 0, 0, 0, 0, 0, 0, 0, 0, 0, 0, 0, 0, 0, 0], "eda": [8, 13, 12, 5, 11, 1, 7, 10, 13, 14, 2, 0, 8, 12, 7], "temp": [11, 11, 4, 4, 9, 3, 13, 12, 8, 14, 12, 14, 2, 13, 10], "acc": [13, 10, 9, 14, 3, 0, 2, 7, 10, 12, 0, 6, 1, 11, 5], "bvp+eda": [2, 5, 6, 1, 6, 0, 2, 4, 5, 7, 0, 0, 2, 6, 3], "bvp+temp": [5, 5, 0, 1, 2, 1, 7, 6, 4, 8, 5, 8, 0, 7, 3], "bvp+acc": [5, 4, 2, 7, 1, 0, 0, 3, 6, 6, 0, 2, 0, 5, 1], "eda+temp": [13, 13, 9, 3, 11, 1, 13, 13, 12, 14, 6, 7, 3, 14, 8], "eda+acc": [10, 13, 12, 11, 8, 0, 2, 10, 14, 14, 0, 3, 4, 13, 5], "temp+acc": [14, 12, 6, 11, 6, 1, 9, 11, 9, 14, 5, 12, 1, 13, 9], "bvp+eda+temp": [5, 10, 2, 0, 10, 0, 7, 8, 7, 11, 3, 3, 0, 10, 7], "bvp+eda+acc": [7, 10, 9, 6, 4, 0, 1, 7, 8, 10, 0, 0, 1, 10, 2], "bvp+temp+acc": [8, 9, 1, 5, 3, 0, 3, 5, 5, 11, 1, 8, 0, 10, 3], "eda+temp+acc": [13, 13, 9, 9, 10, 0, 6, 12, 11, 14, 3, 6, 2, 14, 8], "bvp+eda+temp+acc": [9, 11, 4, 4, 6, 0, 4, 8, 9, 12, 1, 3, 0, 11, 5]}, "score": {"bvp": [0, 0, 0, 0, 0, 0, 0, 0, 0, 0, 0, 0, 0, 0, 0], "eda": [8, 13, 12, 5, 11, 1, 7, 10, 13, 14, 2, 0, 8, 12, 7], "temp": [11, 11, 4, 4, 9, 3, 13, 12, 8, 14, 12, 14, 2, 13, 10], "acc": [13, 10, 9, 14, 3, 0, 2, 7, 10, 12, 0, 6, 1, 11, 5], "bvp+eda": [1, 4, 8, 1, 5, 0, 3, 2, 4, 5, 0, 0, 2, 8, 3], "bvp+temp": [6, 2, 1, 3, 4, 0, 9, 1, 1, 9, 3, 6, 0, 10, 8], "bvp+acc": [3, 2, 3, 8, 1, 0, 0, 0, 2, 5, 0, 0, 0, 4, 1], "eda+temp": [12, 13, 13, 3, 11, 1, 13, 12, 13, 14, 3, 7, 4, 13, 10], "eda+acc": [10, 13, 12, 11, 7, 0, 5, 10, 13, 14, 1, 0, 3, 13, 7], "temp+acc": [14, 13, 10, 8, 7, 1, 11, 11, 8, 14, 4, 14, 0, 13, 10], "bvp+eda+temp": [5, 6, 8, 3, 8, 0, 8, 2, 4, 12, 0, 0, 0, 12, 8], "bvp+eda+acc": [5, 5, 9, 8, 4, 0, 3, 2, 5, 7, 0, 0, 1, 9, 3], "bvp+temp+acc": [8, 3, 3, 6, 4, 0, 8, 1, 4, 10, 0, 6, 0, 12, 7], "eda+temp+acc": [14, 13, 12, 6, 9, 1, 13, 12, 12, 14, 1, 7, 3, 14, 10], "bvp+eda+temp+acc": [8, 6, 9, 4, 6, 0, 8, 2, 6, 12, 0, 0, 0, 12, 8]}}