{"rank": {"bvp": [0, 0, 0, 0, 0, 0, 0, 0, 0, 0, 0, 0, 0, 0, 0], "eda": [7, 10, 0, 3, 7, 0, 5, 5, 5, 0, 2, 0, 4, 11, 9], "temp": [5, 0, 1, 4, 6, 2, 5, 5, 7, 8, 0, 0, 12, 8, 6], "acc": [1, 1, 0, 3, 1, 0, 2, 4, 10, 1, 0, 6, 0, 11, 9], "bvp+eda": [3, 6, 0, 0, 2, 0, 0, 1, 1, 0, 0, 0, 0, 4, 4], "bvp+temp": [0, 0, 0, 0, 2, 0, 1, 1, 3, 2, 0, 0, 6, 2, 0], "bvp+acc": [1, 0, 0, 1, 0, 0, 0, 1, 5, 0, 0, 1, 0, 5, 1], "eda+temp": [5, 3, 0, 3, 6, 0, 2, 3, 5, 2, 0, 0, 9, 11, 8], "eda+acc": [2, 5, 0, 2, 3, 0, 3, 3, 8, 0, 0, 1, 1, 13, 12], "temp+acc": [1, 0, 0, 2, 3, 0, 2, 2, 8, 3, 0, 2, 6, 12, 9], "bvp+eda+temp": [0, 0, 0, 0, 0, 0, 1, 1, 1, 0, 0, 0, 2, 5, 4], "bvp+eda+acc": [1, 1, 0, 0, 1, 0, 0, 1, 3, 0, 0, 0, 0, 7, 5], "bvp+temp+acc": [0, 0, 0, 0, 1, 0, 0, 1, 6, 1, 0, 0, 1, 6, 2], "eda+temp+acc": [1, 1, 0, 2, 3, 0, 2, 3, 8, 1, 0, 1, 5, 12, 10], "bvp+eda+temp+acc": [0, 0, 0, 0, 2, 0, 1, 1, 4, 0, 0, 0, 1, 9, 4]}, "score": {"bvp": [0, 0, 0, 0, 0, 0, 0, 0, 0, 0, 0, 0, 0, 0, 0], "eda": [7, 10, 0, 3, 7, 0, 5, 5, 5, 0, 2, 0, 4, 11, 9], "temp": [5, 0, 1, 4, 6, 2, 5, 5, 7, 8, 0, 0, 12, 8, 6], "acc": [1, 1, 0, 3, 1, 0, 2, 4, 10, 1, 0, 6, 0, 11, 9], "bvp+eda": [1, 4, 0, 0, 2, 0, 0, 0, 0, 0, 0, 0, 0, 3, 5], "bvp+temp": [0, 0, 0, 1, 4, 0, 1, 1, 3, 6, 0, 0, 6, 2, 2], "bvp+acc": [1, 0, 0, 1, 0, 0, 0, 0, 3, 0, 0, 0, 0, 6, 1], "eda+temp": [5, 3, 0, 3, 5, 2, 2, 4, 6, 3, 0, 0, 7, 8, 7], "eda+acc": [1, 5, 0, 2, 2, 0, 2, 4, 9, 0, 0, 1, 3, 10, 10], "temp+acc": [1, 0, 0, 2, 3, 2, 2, 3, 8, 7, 0, 1, 5, 11, 8], "bvp+eda+temp": [0, 0, 0, 1, 2, 0, 1, 1, 1, 0, 0, 0, 4, 5, 4], "bvp+eda+acc": [1, 0, 0, 0, 1, 0, 0, 0, 2, 0, 0, 0, 0, 7, 5], "bvp+temp+acc": [0, 0, 0, 1, 1, 0, 0, 1, 4, 6, 0, 0, 0, 6, 2], "eda+temp+acc": [2, 1, 0, 3, 3, 1, 2, 4, 8, 3, 0, 1, 6, 11, 7], "bvp+eda+temp+acc": [1, 0, 0, 1, 1, 0, 0, 1, 4, 0, 0, 0, 1, 8, 4]}}