{"1": {"rank": 0.074, "score": 0.079, "mean": 0.077}, "2": {"rank": 0.165, "score": 0.17, "mean": 0.167}, "3": {"rank": 0.25, "score": 0.256, "mean": 0.253}, "4": {"rank": 0.337, "score": 0.346, "mean": 0.341}, "5": {"rank": 0.406, "score": 0.428, "mean": 0.417}, "6": {"rank": 0.492, "score": 0.504, "mean": 0.498}, "7": {"rank": 0.567, "score": 0.575, "mean": 0.571}, "8": {"rank": 0.622, "score": 0.645, "mean": 0.634}, "9": {"rank": 0.68, "score": 0.709, "mean": 0.695}, "10": {"rank": 0.752, "score": 0.767, "mean": 0.76}, "11": {"rank": 0.808, "score": 0.82, "mean": 0.814}, "12": {"rank": 0.858, "score": 0.862, "mean": 0.86}, "13": {"rank": 0.905, "score": 0.906, "mean": 0.906}, "14": {"rank": 0.948, "score": 0.947, "mean": 0.947}, "15": {"rank": 1.0, "score": 1.0, "mean": 1.0}}