{"1": {"bvp": 0.118, "eda": 0.051, "temp": 0.072, "acc": 0.045, "bvp+eda": 0.058, "bvp+temp": 0.084, "bvp+acc": 0.087, "eda+temp": 0.072, "eda+acc": 0.076, "temp+acc": 0.031, "bvp+eda+temp": 0.089, "bvp+eda+acc": 0.097, "bvp+temp+acc": 0.074, "eda+temp+acc": 0.06, "bvp+eda+temp+acc": 0.1}, "2": {"bvp": 0.18, "eda": 0.124, "temp": 0.145, "acc": 0.135, "bvp+eda": 0.189, "bvp+temp": 0.13, "bvp+acc": 0.171, "eda+temp": 0.161, "eda+acc": 0.144, "temp+acc": 0.096, "bvp+eda+temp": 0.161, "bvp+eda+acc": 0.178, "bvp+temp+acc": 0.17, "eda+temp+acc": 0.148, "bvp+eda+temp+acc": 0.201}, "3": {"bvp": 0.285, "eda": 0.219, "temp": 0.186, "acc": 0.214, "bvp+eda": 0.271, "bvp+temp": 0.204, "bvp+acc": 0.284, "eda+temp": 0.231, "eda+acc": 0.201, "temp+acc": 0.185, "bvp+eda+temp": 0.24, "bvp+eda+acc": 0.271, "bvp+temp+acc": 0.242, "eda+temp+acc": 0.238, "bvp+eda+temp+acc": 0.258}, "4": {"bvp": 0.401, "eda": 0.327, "temp": 0.243, "acc": 0.284, "bvp+eda": 0.345, "bvp+temp": 0.302, "bvp+acc": 0.34, "eda+temp": 0.287, "eda+acc": 0.321, "temp+acc": 0.262, "bvp+eda+temp": 0.36, "bvp+eda+acc": 0.364, "bvp+temp+acc": 0.326, "eda+temp+acc": 0.32, "bvp+eda+temp+acc": 0.364}, "5": {"bvp": 0.474, "eda": 0.414, "temp": 0.306, "acc": 0.366, "bvp+eda": 0.42, "bvp+temp": 0.416, "bvp+acc": 0.415, "eda+temp": 0.381, "eda+acc": 0.416, "temp+acc": 0.338, "bvp+eda+temp": 0.446, "bvp+eda+acc": 0.427, "bvp+temp+acc": 0.416, "eda+temp+acc": 0.409, "bvp+eda+temp+acc": 0.45}, "6": {"bvp": 0.524, "eda": 0.492, "temp": 0.393, "acc": 0.441, "bvp+eda": 0.454, "bvp+temp": 0.491, "bvp+acc": 0.479, "eda+temp": 0.503, "eda+acc": 0.52, "temp+acc": 0.447, "bvp+eda+temp": 0.509, "bvp+eda+acc": 0.498, "bvp+temp+acc": 0.496, "eda+temp+acc": 0.488, "bvp+eda+temp+acc": 0.514}, "7": {"bvp": 0.594, "eda": 0.589, "temp": 0.487, "acc": 0.501, "bvp+eda": 0.524, "bvp+temp": 0.568, "bvp+acc": 0.551, "eda+temp": 0.586, "eda+acc": 0.583, "temp+acc": 0.511, "bvp+eda+temp": 0.566, "bvp+eda+acc": 0.574, "bvp+temp+acc": 0.576, "eda+temp+acc": 0.56, "bvp+eda+temp+acc": 0.592}, "8": {"bvp": 0.645, "eda": 0.635, "temp": 0.596, "acc": 0.564, "bvp+eda": 0.606, "bvp+temp": 0.65, "bvp+acc": 0.638, "eda+temp": 0.644, "eda+acc": 0.631, "temp+acc": 0.609, "bvp+eda+temp": 0.657, "bvp+eda+acc": 0.644, "bvp+temp+acc": 0.637, "eda+temp+acc": 0.672, "bvp+eda+temp+acc": 0.663}, "9": {"bvp": 0.685, "eda": 0.67, "temp": 0.657, "acc": 0.607, "bvp+eda": 0.702, "bvp+temp": 0.728, "bvp+acc": 0.733, "eda+temp": 0.711, "eda+acc": 0.695, "temp+acc": 0.679, "bvp+eda+temp": 0.734, "bvp+eda+acc": 0.727, "bvp+temp+acc": 0.703, "eda+temp+acc": 0.724, "bvp+eda+temp+acc": 0.742}, "10": {"bvp": 0.731, "eda": 0.706, "temp": 0.738, "acc": 0.681, "bvp+eda": 0.789, "bvp+temp": 0.768, "bvp+acc": 0.805, "eda+temp": 0.751, "eda+acc": 0.763, "temp+acc": 0.721, "bvp+eda+temp": 0.785, "bvp+eda+acc": 0.816, "bvp+temp+acc": 0.789, "eda+temp+acc": 0.761, "bvp+eda+temp+acc": 0.795}, "11": {"bvp": 0.8, "eda": 0.802, "temp": 0.787, "acc": 0.742, "bvp+eda": 0.855, "bvp+temp": 0.811, "bvp+acc": 0.852, "eda+temp": 0.801, "eda+acc": 0.84, "temp+acc": 0.771, "bvp+eda+temp": 0.831, "bvp+eda+acc": 0.891, "bvp+temp+acc": 0.832, "eda+temp+acc": 0.798, "bvp+eda+temp+acc": 0.834}, "12": {"bvp": 0.897, "eda": 0.851, "temp": 0.832, "acc": 0.822, "bvp+eda": 0.922, "bvp+temp": 0.857, "bvp+acc": 0.881, "eda+temp": 0.82, "eda+acc": 0.855, "temp+acc": 0.829, "bvp+eda+temp": 0.868, "bvp+eda+acc": 0.909, "bvp+temp+acc": 0.879, "eda+temp+acc": 0.823, "bvp+eda+temp+acc": 0.87}, "13": {"bvp": 0.942, "eda": 0.914, "temp": 0.863, "acc": 0.903, "bvp+eda": 0.969, "bvp+temp": 0.936, "bvp+acc": 0.938, "eda+temp": 0.84, "eda+acc": 0.899, "temp+acc": 0.876, "bvp+eda+temp": 0.908, "bvp+eda+acc": 0.935, "bvp+temp+acc": 0.944, "eda+temp+acc": 0.842, "bvp+eda+temp+acc": 0.913}, "14": {"bvp": 0.983, "eda": 0.952, "temp": 0.937, "acc": 0.947, "bvp+eda": 0.987, "bvp+temp": 0.966, "bvp+acc": 0.98, "eda+temp": 0.902, "eda+acc": 0.94, "temp+acc": 0.942, "bvp+eda+temp": 0.939, "bvp+eda+acc": 0.98, "bvp+temp+acc": 0.973, "eda+temp+acc": 0.909, "bvp+eda+temp+acc": 0.942}, "15": {"bvp": 1.0, "eda": 1.0, "temp": 1.0, "acc": 1.0, "bvp+eda": 1.0, "bvp+temp": 1.0, "bvp+acc": 1.0, "eda+temp": 1.0, "eda+acc": 1.0, "temp+acc": 1.0, "bvp+eda+temp": 1.0, "bvp+eda+acc": 1.0, "bvp+temp+acc": 1.0, "eda+temp+acc": 1.0, "bvp+eda+temp+acc": 1.0}}