{"1": {"non-stress": 0.067, "stress": 0.092}, "2": {"non-stress": 0.136, "stress": 0.204}, "3": {"non-stress": 0.206, "stress": 0.307}, "4": {"non-stress": 0.291, "stress": 0.401}, "5": {"non-stress": 0.376, "stress": 0.48}, "6": {"non-stress": 0.454, "stress": 0.555}, "7": {"non-stress": 0.533, "stress": 0.617}, "8": {"non-stress": 0.615, "stress": 0.676}, "9": {"non-stress": 0.686, "stress": 0.733}, "10": {"non-stress": 0.75, "stress": 0.785}, "11": {"non-stress": 0.811, "stress": 0.829}, "12": {"non-stress": 0.859, "stress": 0.865}, "13": {"non-stress": 0.911, "stress": 0.902}, "14": {"non-stress": 0.959, "stress": 0.935}, "15": {"non-stress": 1.0, "stress": 1.0}}