{"rank": {"bvp": [0, 0, 0, 0, 0, 0, 0, 0, 0, 0, 0, 0, 0, 0, 0], "eda": [1, 0, 9, 5, 3, 0, 7, 3, 11, 0, 0, 0, 4, 7, 1], "temp": [7, 1, 0, 0, 1, 0, 11, 0, 8, 10, 7, 13, 6, 13, 6], "acc": [4, 1, 8, 3, 0, 0, 0, 5, 4, 0, 0, 0, 0, 4, 1], "bvp+eda": [0, 0, 2, 1, 1, 0, 1, 1, 4, 0, 0, 0, 0, 2, 0], "bvp+temp": [3, 0, 0, 0, 0, 0, 6, 0, 3, 4, 2, 4, 2, 5, 1], "bvp+acc": [2, 0, 2, 1, 0, 0, 0, 0, 2, 0, 0, 0, 0, 0, 0], "eda+temp": [2, 0, 3, 1, 1, 0, 10, 1, 12, 5, 2, 5, 3, 11, 3], "eda+acc": [1, 1, 9, 3, 1, 0, 5, 3, 9, 0, 0, 0, 1, 5, 0], "temp+acc": [4, 1, 3, 0, 0, 0, 5, 1, 5, 4, 1, 4, 1, 9, 3], "bvp+eda+temp": [0, 0, 1, 0, 0, 0, 5, 1, 6, 0, 0, 2, 0, 8, 0], "bvp+eda+acc": [1, 0, 5, 1, 0, 0, 1, 1, 3, 0, 0, 0, 0, 1, 0], "bvp+temp+acc": [1, 0, 0, 0, 0, 0, 1, 0, 3, 0, 0, 2, 1, 4, 0], "eda+temp+acc": [1, 0, 6, 1, 0, 0, 7, 1, 9, 2, 0, 2, 0, 9, 0], "bvp+eda+temp+acc": [0, 0, 2, 0, 0, 0, 1, 1, 4, 0, 0, 1, 0, 4, 0]}, "score": {"bvp": [0, 0, 0, 0, 0, 0, 0, 0, 0, 0, 0, 0, 0, 0, 0], "eda": [1, 0, 9, 5, 3, 0, 7, 3, 11, 0, 0, 0, 4, 7, 1], "temp": [7, 1, 0, 0, 1, 0, 11, 0, 8, 10, 7, 13, 6, 13, 6], "acc": [4, 1, 8, 3, 0, 0, 0, 5, 4, 0, 0, 0, 0, 4, 1], "bvp+eda": [0, 0, 4, 1, 1, 0, 1, 0, 1, 0, 0, 0, 0, 3, 0], "bvp+temp": [3, 0, 0, 0, 0, 0, 4, 0, 2, 4, 1, 3, 2, 10, 1], "bvp+acc": [1, 0, 1, 0, 0, 0, 0, 0, 1, 0, 0, 0, 0, 0, 0], "eda+temp": [1, 0, 3, 1, 2, 0, 7, 2, 10, 2, 2, 5, 2, 10, 2], "eda+acc": [1, 0, 9, 4, 1, 0, 4, 4, 8, 0, 0, 0, 0, 4, 0], "temp+acc": [5, 0, 2, 0, 0, 0, 2, 0, 7, 4, 0, 10, 1, 13, 5], "bvp+eda+temp": [0, 0, 1, 0, 1, 0, 2, 0, 3, 0, 0, 0, 0, 8, 0], "bvp+eda+acc": [0, 0, 5, 1, 1, 0, 1, 0, 1, 0, 0, 0, 0, 2, 0], "bvp+temp+acc": [1, 0, 0, 0, 0, 0, 0, 0, 2, 0, 0, 2, 0, 8, 0], "eda+temp+acc": [1, 0, 3, 0, 1, 0, 6, 2, 9, 0, 0, 1, 0, 10, 0], "bvp+eda+temp+acc": [0, 0, 1, 0, 0, 0, 1, 0, 4, 0, 0, 0, 0, 8, 0]}}