{"1": {"non-stress": 0.65, "stress": 0.311}, "2": {"non-stress": 0.833, "stress": 0.417}, "3": {"non-stress": 0.872, "stress": 0.506}, "4": {"non-stress": 0.933, "stress": 0.6}, "5": {"non-stress": 0.978, "stress": 0.667}, "6": {"non-stress": 1.0, "stress": 0.728}, "7": {"non-stress": 1.0, "stress": 0.756}, "8": {"non-stress": 1.0, "stress": 0.822}, "9": {"non-stress": 1.0, "stress": 0.844}, "10": {"non-stress": 1.0, "stress": 0.889}, "11": {"non-stress": 1.0, "stress": 0.905}, "12": {"non-stress": 1.0, "stress": 0.933}, "13": {"non-stress": 1.0, "stress": 0.939}, "14": {"non-stress": 1.0, "stress": 1.0}, "15": {"non-stress": 1.0, "stress": 1.0}}