{"1": {"rank": 0.481, "score": 0.481, "mean": 0.481}, "2": {"rank": 0.625, "score": 0.625, "mean": 0.625}, "3": {"rank": 0.689, "score": 0.689, "mean": 0.689}, "4": {"rank": 0.767, "score": 0.767, "mean": 0.767}, "5": {"rank": 0.822, "score": 0.822, "mean": 0.822}, "6": {"rank": 0.864, "score": 0.864, "mean": 0.864}, "7": {"rank": 0.878, "score": 0.878, "mean": 0.878}, "8": {"rank": 0.911, "score": 0.911, "mean": 0.911}, "9": {"rank": 0.922, "score": 0.922, "mean": 0.922}, "10": {"rank": 0.944, "score": 0.944, "mean": 0.944}, "11": {"rank": 0.953, "score": 0.953, "mean": 0.953}, "12": {"rank": 0.967, "score": 0.967, "mean": 0.967}, "13": {"rank": 0.969, "score": 0.969, "mean": 0.969}, "14": {"rank": 1.0, "score": 1.0, "mean": 1.0}, "15": {"rank": 1.0, "score": 1.0, "mean": 1.0}}