{"rank": {"bvp": [0, 0, 0, 0, 0, 0, 0, 0, 0, 0, 0, 0, 0, 0, 0], "eda": [2, 2, 12, 5, 4, 2, 9, 4, 8, 0, 0, 0, 5, 7, 0], "temp": [9, 4, 8, 0, 0, 1, 13, 2, 3, 11, 12, 14, 4, 13, 7], "acc": [4, 1, 8, 9, 0, 0, 2, 6, 3, 0, 0, 4, 0, 7, 2], "bvp+eda": [0, 0, 5, 1, 1, 0, 1, 1, 2, 0, 0, 0, 1, 2, 0], "bvp+temp": [3, 1, 2, 0, 0, 0, 6, 0, 1, 5, 4, 7, 1, 6, 1], "bvp+acc": [2, 0, 3, 3, 0, 0, 0, 1, 1, 0, 0, 1, 0, 2, 0], "eda+temp": [6, 2, 12, 1, 1, 0, 13, 2, 5, 6, 6, 8, 3, 11, 3], "eda+acc": [4, 1, 11, 8, 1, 0, 6, 5, 5, 0, 0, 1, 1, 6, 0], "temp+acc": [4, 1, 10, 2, 0, 0, 9, 2, 2, 6, 6, 9, 0, 11, 2], "bvp+eda+temp": [2, 1, 6, 0, 0, 0, 5, 1, 1, 1, 2, 3, 1, 8, 1], "bvp+eda+acc": [1, 0, 6, 3, 0, 0, 2, 0, 2, 0, 0, 0, 0, 3, 0], "bvp+temp+acc": [1, 0, 3, 1, 0, 0, 3, 0, 1, 1, 1, 5, 0, 7, 0], "eda+temp+acc": [3, 0, 10, 3, 0, 0, 10, 2, 3, 1, 2, 5, 1, 12, 1], "bvp+eda+temp+acc": [1, 0, 6, 1, 0, 0, 4, 0, 1, 0, 0, 1, 0, 6, 0]}, "score": {"bvp": [0, 0, 0, 0, 0, 0, 0, 0, 0, 0, 0, 0, 0, 0, 0], "eda": [2, 2, 12, 5, 4, 2, 9, 4, 8, 0, 0, 0, 5, 7, 0], "temp": [9, 4, 8, 0, 0, 1, 13, 2, 3, 11, 12, 14, 4, 13, 7], "acc": [4, 1, 8, 9, 0, 0, 2, 6, 3, 0, 0, 4, 0, 7, 2], "bvp+eda": [0, 0, 9, 1, 1, 0, 1, 0, 2, 0, 0, 0, 1, 3, 0], "bvp+temp": [3, 0, 1, 0, 0, 0, 8, 0, 1, 7, 2, 3, 1, 8, 3], "bvp+acc": [1, 0, 4, 1, 0, 0, 0, 0, 0, 0, 0, 0, 0, 1, 0], "eda+temp": [3, 1, 11, 1, 3, 0, 13, 3, 6, 2, 4, 4, 5, 13, 2], "eda+acc": [2, 0, 12, 6, 1, 0, 6, 4, 5, 0, 0, 0, 3, 7, 0], "temp+acc": [7, 1, 7, 0, 0, 0, 11, 1, 2, 9, 1, 10, 0, 12, 6], "bvp+eda+temp": [1, 0, 6, 0, 1, 0, 8, 0, 1, 0, 0, 0, 1, 10, 1], "bvp+eda+acc": [0, 0, 10, 2, 1, 0, 1, 0, 2, 0, 0, 0, 1, 4, 0], "bvp+temp+acc": [2, 0, 2, 0, 0, 0, 7, 0, 1, 4, 0, 3, 0, 8, 2], "eda+temp+acc": [2, 1, 10, 1, 1, 0, 10, 3, 4, 1, 0, 5, 2, 13, 1], "bvp+eda+temp+acc": [0, 0, 6, 0, 0, 0, 6, 0, 1, 0, 0, 1, 0, 9, 0]}}