{"1": {"rank": 0.148, "score": 0.175, "mean": 0.161}, "2": {"rank": 0.283, "score": 0.285, "mean": 0.284}, "3": {"rank": 0.383, "score": 0.378, "mean": 0.38}, "4": {"rank": 0.469, "score": 0.466, "mean": 0.467}, "5": {"rank": 0.537, "score": 0.54, "mean": 0.539}, "6": {"rank": 0.61, "score": 0.59, "mean": 0.6}, "7": {"rank": 0.666, "score": 0.646, "mean": 0.656}, "8": {"rank": 0.721, "score": 0.698, "mean": 0.71}, "9": {"rank": 0.766, "score": 0.743, "mean": 0.755}, "10": {"rank": 0.817, "score": 0.796, "mean": 0.806}, "11": {"rank": 0.858, "score": 0.839, "mean": 0.849}, "12": {"rank": 0.898, "score": 0.885, "mean": 0.891}, "13": {"rank": 0.938, "score": 0.928, "mean": 0.933}, "14": {"rank": 0.972, "score": 0.967, "mean": 0.97}, "15": {"rank": 1.0, "score": 1.0, "mean": 1.0}}