{"1": {"bvp": 0.25, "eda": 0.125, "temp": 0.059, "acc": 0.147, "bvp+eda": 0.267, "bvp+temp": 0.205, "bvp+acc": 0.303, "eda+temp": 0.094, "eda+acc": 0.17, "temp+acc": 0.136, "bvp+eda+temp": 0.192, "bvp+eda+acc": 0.291, "bvp+temp+acc": 0.249, "eda+temp+acc": 0.151, "bvp+eda+temp+acc": 0.233}, "2": {"bvp": 0.42, "eda": 0.256, "temp": 0.132, "acc": 0.23, "bvp+eda": 0.408, "bvp+temp": 0.343, "bvp+acc": 0.444, "eda+temp": 0.211, "eda+acc": 0.268, "temp+acc": 0.188, "bvp+eda+temp": 0.358, "bvp+eda+acc": 0.412, "bvp+temp+acc": 0.36, "eda+temp+acc": 0.219, "bvp+eda+temp+acc": 0.341}, "3": {"bvp": 0.563, "eda": 0.314, "temp": 0.245, "acc": 0.298, "bvp+eda": 0.53, "bvp+temp": 0.419, "bvp+acc": 0.566, "eda+temp": 0.3, "eda+acc": 0.344, "temp+acc": 0.258, "bvp+eda+temp": 0.441, "bvp+eda+acc": 0.502, "bvp+temp+acc": 0.447, "eda+temp+acc": 0.285, "bvp+eda+temp+acc": 0.443}, "4": {"bvp": 0.673, "eda": 0.398, "temp": 0.329, "acc": 0.37, "bvp+eda": 0.609, "bvp+temp": 0.523, "bvp+acc": 0.648, "eda+temp": 0.377, "eda+acc": 0.44, "temp+acc": 0.322, "bvp+eda+temp": 0.533, "bvp+eda+acc": 0.567, "bvp+temp+acc": 0.553, "eda+temp+acc": 0.384, "bvp+eda+temp+acc": 0.519}, "5": {"bvp": 0.78, "eda": 0.484, "temp": 0.403, "acc": 0.446, "bvp+eda": 0.687, "bvp+temp": 0.599, "bvp+acc": 0.703, "eda+temp": 0.454, "eda+acc": 0.502, "temp+acc": 0.424, "bvp+eda+temp": 0.585, "bvp+eda+acc": 0.64, "bvp+temp+acc": 0.6, "eda+temp+acc": 0.446, "bvp+eda+temp+acc": 0.577}, "6": {"bvp": 0.805, "eda": 0.571, "temp": 0.473, "acc": 0.493, "bvp+eda": 0.731, "bvp+temp": 0.649, "bvp+acc": 0.74, "eda+temp": 0.483, "eda+acc": 0.561, "temp+acc": 0.483, "bvp+eda+temp": 0.624, "bvp+eda+acc": 0.695, "bvp+temp+acc": 0.631, "eda+temp+acc": 0.499, "bvp+eda+temp+acc": 0.622}, "7": {"bvp": 0.86, "eda": 0.62, "temp": 0.525, "acc": 0.553, "bvp+eda": 0.775, "bvp+temp": 0.693, "bvp+acc": 0.795, "eda+temp": 0.538, "eda+acc": 0.622, "temp+acc": 0.547, "bvp+eda+temp": 0.676, "bvp+eda+acc": 0.75, "bvp+temp+acc": 0.682, "eda+temp+acc": 0.566, "bvp+eda+temp+acc": 0.674}, "8": {"bvp": 0.908, "eda": 0.662, "temp": 0.583, "acc": 0.63, "bvp+eda": 0.814, "bvp+temp": 0.74, "bvp+acc": 0.837, "eda+temp": 0.59, "eda+acc": 0.659, "temp+acc": 0.616, "bvp+eda+temp": 0.716, "bvp+eda+acc": 0.803, "bvp+temp+acc": 0.719, "eda+temp+acc": 0.627, "bvp+eda+temp+acc": 0.724}, "9": {"bvp": 0.935, "eda": 0.734, "temp": 0.648, "acc": 0.679, "bvp+eda": 0.847, "bvp+temp": 0.775, "bvp+acc": 0.856, "eda+temp": 0.657, "eda+acc": 0.703, "temp+acc": 0.658, "bvp+eda+temp": 0.761, "bvp+eda+acc": 0.845, "bvp+temp+acc": 0.781, "eda+temp+acc": 0.667, "bvp+eda+temp+acc": 0.779}, "10": {"bvp": 0.951, "eda": 0.778, "temp": 0.725, "acc": 0.744, "bvp+eda": 0.896, "bvp+temp": 0.848, "bvp+acc": 0.897, "eda+temp": 0.7, "eda+acc": 0.76, "temp+acc": 0.71, "bvp+eda+temp": 0.819, "bvp+eda+acc": 0.886, "bvp+temp+acc": 0.85, "eda+temp+acc": 0.72, "bvp+eda+temp+acc": 0.827}, "11": {"bvp": 0.96, "eda": 0.821, "temp": 0.757, "acc": 0.773, "bvp+eda": 0.925, "bvp+temp": 0.881, "bvp+acc": 0.935, "eda+temp": 0.77, "eda+acc": 0.815, "temp+acc": 0.773, "bvp+eda+temp": 0.866, "bvp+eda+acc": 0.913, "bvp+temp+acc": 0.89, "eda+temp+acc": 0.782, "bvp+eda+temp+acc": 0.877}, "12": {"bvp": 0.99, "eda": 0.872, "temp": 0.819, "acc": 0.816, "bvp+eda": 0.947, "bvp+temp": 0.905, "bvp+acc": 0.953, "eda+temp": 0.82, "eda+acc": 0.889, "temp+acc": 0.848, "bvp+eda+temp": 0.904, "bvp+eda+acc": 0.939, "bvp+temp+acc": 0.929, "eda+temp+acc": 0.829, "bvp+eda+temp+acc": 0.923}, "13": {"bvp": 0.998, "eda": 0.903, "temp": 0.884, "acc": 0.879, "bvp+eda": 0.966, "bvp+temp": 0.937, "bvp+acc": 0.981, "eda+temp": 0.875, "eda+acc": 0.915, "temp+acc": 0.901, "bvp+eda+temp": 0.954, "bvp+eda+acc": 0.959, "bvp+temp+acc": 0.965, "eda+temp+acc": 0.887, "bvp+eda+temp+acc": 0.965}, "14": {"bvp": 1.0, "eda": 0.953, "temp": 0.922, "acc": 0.948, "bvp+eda": 0.982, "bvp+temp": 0.972, "bvp+acc": 0.99, "eda+temp": 0.936, "eda+acc": 0.952, "temp+acc": 0.953, "bvp+eda+temp": 0.982, "bvp+eda+acc": 0.987, "bvp+temp+acc": 0.986, "eda+temp+acc": 0.961, "bvp+eda+temp+acc": 0.994}, "15": {"bvp": 1.0, "eda": 1.0, "temp": 1.0, "acc": 1.0, "bvp+eda": 1.0, "bvp+temp": 1.0, "bvp+acc": 1.0, "eda+temp": 1.0, "eda+acc": 1.0, "temp+acc": 1.0, "bvp+eda+temp": 1.0, "bvp+eda+acc": 1.0, "bvp+temp+acc": 1.0, "eda+temp+acc": 1.0, "bvp+eda+temp+acc": 1.0}}