{"1": {"non-stress": 0.214, "stress": 0.136}, "2": {"non-stress": 0.334, "stress": 0.236}, "3": {"non-stress": 0.423, "stress": 0.333}, "4": {"non-stress": 0.506, "stress": 0.426}, "5": {"non-stress": 0.576, "stress": 0.504}, "6": {"non-stress": 0.624, "stress": 0.556}, "7": {"non-stress": 0.674, "stress": 0.619}, "8": {"non-stress": 0.723, "stress": 0.673}, "9": {"non-stress": 0.771, "stress": 0.716}, "10": {"non-stress": 0.824, "stress": 0.767}, "11": {"non-stress": 0.863, "stress": 0.815}, "12": {"non-stress": 0.903, "stress": 0.866}, "13": {"non-stress": 0.936, "stress": 0.92}, "14": {"non-stress": 0.969, "stress": 0.966}, "15": {"non-stress": 1.0, "stress": 1.0}}