{"rank": {"bvp": [0, 0, 0, 0, 0, 0, 0, 0, 0, 0, 0, 0, 0, 0, 0], "eda": [4, 7, 13, 4, 8, 1, 4, 7, 14, 2, 2, 0, 6, 12, 1], "temp": [11, 5, 9, 3, 2, 2, 13, 7, 3, 14, 14, 14, 0, 11, 10], "acc": [12, 4, 8, 14, 1, 0, 2, 8, 10, 11, 0, 5, 1, 9, 2], "bvp+eda": [1, 3, 6, 1, 2, 0, 1, 2, 7, 0, 0, 0, 2, 6, 0], "bvp+temp": [6, 1, 1, 0, 0, 0, 6, 3, 1, 9, 8, 8, 0, 5, 3], "bvp+acc": [5, 0, 2, 8, 0, 0, 0, 3, 3, 7, 0, 1, 0, 2, 0], "eda+temp": [8, 4, 14, 2, 2, 0, 9, 5, 9, 9, 9, 8, 0, 14, 5], "eda+acc": [9, 6, 11, 11, 4, 0, 2, 9, 14, 6, 0, 0, 4, 12, 0], "temp+acc": [14, 3, 9, 8, 1, 0, 8, 9, 4, 14, 5, 13, 0, 13, 4], "bvp+eda+temp": [3, 1, 6, 0, 1, 0, 4, 2, 4, 2, 3, 3, 0, 9, 1], "bvp+eda+acc": [5, 2, 8, 5, 0, 0, 0, 3, 8, 2, 0, 0, 0, 7, 0], "bvp+temp+acc": [9, 1, 4, 5, 0, 0, 3, 4, 2, 9, 2, 6, 0, 7, 1], "eda+temp+acc": [11, 2, 13, 6, 2, 0, 3, 6, 12, 13, 3, 5, 0, 14, 1], "bvp+eda+temp+acc": [5, 1, 10, 2, 1, 0, 3, 5, 6, 7, 1, 3, 0, 10, 0]}, "score": {"bvp": [0, 0, 0, 0, 0, 0, 0, 0, 0, 0, 0, 0, 0, 0, 0], "eda": [4, 7, 13, 4, 8, 1, 4, 7, 14, 2, 2, 0, 6, 12, 1], "temp": [11, 5, 9, 3, 2, 2, 13, 7, 3, 14, 14, 14, 0, 11, 10], "acc": [12, 4, 8, 14, 1, 0, 2, 8, 10, 11, 0, 5, 1, 9, 2], "bvp+eda": [1, 3, 7, 1, 2, 0, 2, 0, 3, 1, 0, 0, 2, 7, 0], "bvp+temp": [6, 1, 5, 1, 1, 0, 10, 1, 1, 9, 8, 5, 0, 7, 7], "bvp+acc": [3, 0, 2, 8, 0, 0, 0, 0, 2, 4, 0, 1, 0, 4, 0], "eda+temp": [10, 6, 12, 3, 4, 0, 13, 5, 8, 7, 8, 7, 2, 13, 2], "eda+acc": [8, 6, 12, 12, 3, 0, 4, 7, 13, 4, 1, 0, 3, 12, 1], "temp+acc": [13, 5, 9, 3, 1, 1, 10, 5, 4, 14, 10, 13, 0, 12, 9], "bvp+eda+temp": [5, 2, 7, 1, 2, 0, 7, 0, 3, 2, 3, 0, 0, 10, 1], "bvp+eda+acc": [3, 1, 9, 7, 2, 0, 2, 1, 4, 1, 0, 0, 1, 7, 0], "bvp+temp+acc": [7, 1, 4, 3, 1, 0, 7, 0, 2, 9, 4, 5, 0, 8, 7], "eda+temp+acc": [12, 4, 13, 4, 3, 0, 11, 6, 10, 11, 6, 5, 1, 12, 2], "bvp+eda+temp+acc": [4, 2, 6, 3, 1, 0, 5, 0, 3, 4, 1, 0, 0, 10, 1]}}