{"rank": {"bvp": [0, 0, 0, 0, 0, 0, 0, 0, 0, 0, 0, 0, 0, 0, 0], "eda": [1, 5, 12, 3, 8, 0, 6, 6, 11, 0, 2, 0, 4, 10, 7], "temp": [11, 7, 7, 3, 5, 2, 11, 5, 7, 9, 0, 2, 6, 10, 9], "acc": [0, 0, 14, 9, 0, 0, 2, 3, 10, 2, 0, 12, 0, 10, 10], "bvp+eda": [0, 0, 5, 0, 1, 0, 1, 1, 6, 0, 0, 0, 1, 3, 4], "bvp+temp": [4, 3, 2, 0, 1, 0, 6, 1, 3, 2, 0, 0, 1, 4, 1], "bvp+acc": [0, 0, 9, 2, 0, 0, 0, 1, 4, 0, 0, 6, 0, 3, 2], "eda+temp": [6, 6, 12, 3, 6, 0, 8, 6, 11, 2, 0, 1, 2, 12, 9], "eda+acc": [0, 1, 14, 7, 2, 0, 4, 3, 12, 0, 0, 4, 1, 10, 9], "temp+acc": [5, 3, 13, 4, 2, 0, 5, 2, 8, 5, 0, 7, 1, 12, 12], "bvp+eda+temp": [2, 2, 4, 0, 0, 0, 6, 2, 6, 0, 0, 0, 0, 7, 4], "bvp+eda+acc": [0, 0, 11, 2, 1, 0, 2, 1, 7, 0, 0, 1, 0, 8, 5], "bvp+temp+acc": [1, 0, 6, 2, 1, 0, 2, 1, 6, 2, 0, 3, 0, 9, 5], "eda+temp+acc": [1, 2, 14, 3, 2, 0, 4, 3, 11, 2, 0, 3, 1, 14, 12], "bvp+eda+temp+acc": [0, 1, 9, 1, 0, 0, 3, 1, 6, 0, 0, 1, 0, 10, 4]}, "score": {"bvp": [0, 0, 0, 0, 0, 0, 0, 0, 0, 0, 0, 0, 0, 0, 0], "eda": [1, 5, 12, 3, 8, 0, 6, 6, 11, 0, 2, 0, 4, 10, 7], "temp": [11, 7, 7, 3, 5, 2, 11, 5, 7, 9, 0, 2, 6, 10, 9], "acc": [0, 0, 14, 9, 0, 0, 2, 3, 10, 2, 0, 12, 0, 10, 10], "bvp+eda": [0, 0, 5, 0, 1, 0, 1, 0, 1, 0, 0, 0, 1, 3, 5], "bvp+temp": [5, 2, 1, 0, 2, 0, 4, 1, 2, 7, 0, 0, 1, 4, 3], "bvp+acc": [0, 0, 6, 3, 0, 0, 0, 0, 2, 0, 0, 1, 0, 5, 0], "eda+temp": [9, 6, 6, 3, 4, 1, 9, 3, 8, 3, 0, 0, 4, 9, 7], "eda+acc": [0, 0, 14, 4, 2, 0, 3, 4, 10, 0, 0, 1, 3, 10, 9], "temp+acc": [7, 3, 9, 3, 3, 2, 3, 3, 8, 9, 0, 3, 0, 11, 8], "bvp+eda+temp": [4, 2, 3, 0, 1, 0, 5, 1, 3, 0, 0, 0, 0, 4, 4], "bvp+eda+acc": [0, 0, 9, 1, 1, 0, 1, 0, 3, 0, 0, 0, 1, 6, 4], "bvp+temp+acc": [1, 2, 4, 1, 1, 0, 2, 1, 5, 6, 0, 1, 0, 8, 5], "eda+temp+acc": [4, 2, 12, 2, 3, 1, 3, 3, 8, 3, 0, 1, 2, 10, 8], "bvp+eda+temp+acc": [0, 1, 6, 1, 1, 0, 3, 1, 5, 0, 0, 0, 0, 8, 3]}}