{"1": {"bvp": 1.0, "eda": 0.067, "temp": 0.104, "acc": 0.268, "bvp+eda": 0.176, "bvp+temp": 0.335, "bvp+acc": 0.637, "eda+temp": 0.065, "eda+acc": 0.094, "temp+acc": 0.189, "bvp+eda+temp": 0.233, "bvp+eda+acc": 0.213, "bvp+temp+acc": 0.44, "eda+temp+acc": 0.083, "bvp+eda+temp+acc": 0.29}, "2": {"bvp": 1.0, "eda": 0.146, "temp": 0.184, "acc": 0.348, "bvp+eda": 0.41, "bvp+temp": 0.547, "bvp+acc": 0.755, "eda+temp": 0.13, "eda+acc": 0.167, "temp+acc": 0.326, "bvp+eda+temp": 0.41, "bvp+eda+acc": 0.479, "bvp+temp+acc": 0.598, "eda+temp+acc": 0.191, "bvp+eda+temp+acc": 0.489}, "3": {"bvp": 1.0, "eda": 0.215, "temp": 0.233, "acc": 0.485, "bvp+eda": 0.555, "bvp+temp": 0.656, "bvp+acc": 0.878, "eda+temp": 0.194, "eda+acc": 0.26, "temp+acc": 0.424, "bvp+eda+temp": 0.528, "bvp+eda+acc": 0.614, "bvp+temp+acc": 0.655, "eda+temp+acc": 0.28, "bvp+eda+temp+acc": 0.574}, "4": {"bvp": 1.0, "eda": 0.267, "temp": 0.33, "acc": 0.576, "bvp+eda": 0.68, "bvp+temp": 0.708, "bvp+acc": 0.932, "eda+temp": 0.244, "eda+acc": 0.347, "temp+acc": 0.493, "bvp+eda+temp": 0.608, "bvp+eda+acc": 0.722, "bvp+temp+acc": 0.716, "eda+temp+acc": 0.352, "bvp+eda+temp+acc": 0.68}, "5": {"bvp": 1.0, "eda": 0.387, "temp": 0.383, "acc": 0.634, "bvp+eda": 0.757, "bvp+temp": 0.762, "bvp+acc": 0.958, "eda+temp": 0.359, "eda+acc": 0.482, "temp+acc": 0.538, "bvp+eda+temp": 0.698, "bvp+eda+acc": 0.81, "bvp+temp+acc": 0.77, "eda+temp+acc": 0.412, "bvp+eda+temp+acc": 0.737}, "6": {"bvp": 1.0, "eda": 0.444, "temp": 0.438, "acc": 0.662, "bvp+eda": 0.795, "bvp+temp": 0.806, "bvp+acc": 0.977, "eda+temp": 0.461, "eda+acc": 0.618, "temp+acc": 0.563, "bvp+eda+temp": 0.724, "bvp+eda+acc": 0.878, "bvp+temp+acc": 0.829, "eda+temp+acc": 0.474, "bvp+eda+temp+acc": 0.771}, "7": {"bvp": 1.0, "eda": 0.529, "temp": 0.513, "acc": 0.683, "bvp+eda": 0.85, "bvp+temp": 0.838, "bvp+acc": 0.987, "eda+temp": 0.47, "eda+acc": 0.686, "temp+acc": 0.587, "bvp+eda+temp": 0.742, "bvp+eda+acc": 0.895, "bvp+temp+acc": 0.848, "eda+temp+acc": 0.568, "bvp+eda+temp+acc": 0.798}, "8": {"bvp": 1.0, "eda": 0.59, "temp": 0.579, "acc": 0.742, "bvp+eda": 0.861, "bvp+temp": 0.85, "bvp+acc": 0.988, "eda+temp": 0.538, "eda+acc": 0.742, "temp+acc": 0.631, "bvp+eda+temp": 0.822, "bvp+eda+acc": 0.91, "bvp+temp+acc": 0.875, "eda+temp+acc": 0.648, "bvp+eda+temp+acc": 0.847}, "9": {"bvp": 1.0, "eda": 0.655, "temp": 0.635, "acc": 0.804, "bvp+eda": 0.923, "bvp+temp": 0.9, "bvp+acc": 0.998, "eda+temp": 0.596, "eda+acc": 0.775, "temp+acc": 0.69, "bvp+eda+temp": 0.854, "bvp+eda+acc": 0.925, "bvp+temp+acc": 0.92, "eda+temp+acc": 0.697, "bvp+eda+temp+acc": 0.905}, "10": {"bvp": 1.0, "eda": 0.682, "temp": 0.696, "acc": 0.899, "bvp+eda": 0.953, "bvp+temp": 0.926, "bvp+acc": 1.0, "eda+temp": 0.655, "eda+acc": 0.799, "temp+acc": 0.737, "bvp+eda+temp": 0.935, "bvp+eda+acc": 0.961, "bvp+temp+acc": 0.955, "eda+temp+acc": 0.756, "bvp+eda+temp+acc": 0.914}, "11": {"bvp": 1.0, "eda": 0.764, "temp": 0.772, "acc": 0.928, "bvp+eda": 0.977, "bvp+temp": 0.951, "bvp+acc": 1.0, "eda+temp": 0.697, "eda+acc": 0.819, "temp+acc": 0.773, "bvp+eda+temp": 0.938, "bvp+eda+acc": 1.0, "bvp+temp+acc": 0.992, "eda+temp+acc": 0.795, "bvp+eda+temp+acc": 0.946}, "12": {"bvp": 1.0, "eda": 0.838, "temp": 0.809, "acc": 0.945, "bvp+eda": 1.0, "bvp+temp": 1.0, "bvp+acc": 1.0, "eda+temp": 0.765, "eda+acc": 0.856, "temp+acc": 0.847, "bvp+eda+temp": 0.993, "bvp+eda+acc": 1.0, "bvp+temp+acc": 0.993, "eda+temp+acc": 0.833, "bvp+eda+temp+acc": 0.985}, "13": {"bvp": 1.0, "eda": 0.865, "temp": 0.839, "acc": 0.977, "bvp+eda": 1.0, "bvp+temp": 1.0, "bvp+acc": 1.0, "eda+temp": 0.84, "eda+acc": 0.885, "temp+acc": 0.902, "bvp+eda+temp": 1.0, "bvp+eda+acc": 1.0, "bvp+temp+acc": 1.0, "eda+temp+acc": 0.872, "bvp+eda+temp+acc": 1.0}, "14": {"bvp": 1.0, "eda": 0.933, "temp": 0.901, "acc": 0.988, "bvp+eda": 1.0, "bvp+temp": 1.0, "bvp+acc": 1.0, "eda+temp": 0.944, "eda+acc": 0.964, "temp+acc": 0.959, "bvp+eda+temp": 1.0, "bvp+eda+acc": 1.0, "bvp+temp+acc": 1.0, "eda+temp+acc": 0.967, "bvp+eda+temp+acc": 1.0}, "15": {"bvp": 1.0, "eda": 1.0, "temp": 1.0, "acc": 1.0, "bvp+eda": 1.0, "bvp+temp": 1.0, "bvp+acc": 1.0, "eda+temp": 1.0, "eda+acc": 1.0, "temp+acc": 1.0, "bvp+eda+temp": 1.0, "bvp+eda+acc": 1.0, "bvp+temp+acc": 1.0, "eda+temp+acc": 1.0, "bvp+eda+temp+acc": 1.0}}