{"1": {"non-stress": 0.304, "stress": 0.224}, "2": {"non-stress": 0.453, "stress": 0.316}, "3": {"non-stress": 0.553, "stress": 0.387}, "4": {"non-stress": 0.624, "stress": 0.467}, "5": {"non-stress": 0.7, "stress": 0.519}, "6": {"non-stress": 0.752, "stress": 0.565}, "7": {"non-stress": 0.789, "stress": 0.602}, "8": {"non-stress": 0.827, "stress": 0.653}, "9": {"non-stress": 0.861, "stress": 0.719}, "10": {"non-stress": 0.892, "stress": 0.777}, "11": {"non-stress": 0.92, "stress": 0.821}, "12": {"non-stress": 0.949, "stress": 0.866}, "13": {"non-stress": 0.961, "stress": 0.909}, "14": {"non-stress": 0.985, "stress": 0.958}, "15": {"non-stress": 1.0, "stress": 1.0}}