{"1": {"rank": 0.264, "score": 0.264, "mean": 0.264}, "2": {"rank": 0.393, "score": 0.384, "mean": 0.389}, "3": {"rank": 0.485, "score": 0.47, "mean": 0.478}, "4": {"rank": 0.567, "score": 0.546, "mean": 0.556}, "5": {"rank": 0.619, "score": 0.609, "mean": 0.614}, "6": {"rank": 0.671, "score": 0.658, "mean": 0.665}, "7": {"rank": 0.726, "score": 0.696, "mean": 0.711}, "8": {"rank": 0.769, "score": 0.74, "mean": 0.754}, "9": {"rank": 0.809, "score": 0.79, "mean": 0.799}, "10": {"rank": 0.854, "score": 0.835, "mean": 0.845}, "11": {"rank": 0.889, "score": 0.87, "mean": 0.879}, "12": {"rank": 0.917, "score": 0.908, "mean": 0.912}, "13": {"rank": 0.942, "score": 0.935, "mean": 0.938}, "14": {"rank": 0.968, "score": 0.972, "mean": 0.97}, "15": {"rank": 1.0, "score": 1.0, "mean": 1.0}}