{"1": {"non-stress": 0.158, "stress": 0.085}, "2": {"non-stress": 0.263, "stress": 0.163}, "3": {"non-stress": 0.341, "stress": 0.225}, "4": {"non-stress": 0.411, "stress": 0.293}, "5": {"non-stress": 0.493, "stress": 0.363}, "6": {"non-stress": 0.603, "stress": 0.414}, "7": {"non-stress": 0.655, "stress": 0.454}, "8": {"non-stress": 0.723, "stress": 0.518}, "9": {"non-stress": 0.773, "stress": 0.576}, "10": {"non-stress": 0.823, "stress": 0.62}, "11": {"non-stress": 0.879, "stress": 0.685}, "12": {"non-stress": 0.906, "stress": 0.738}, "13": {"non-stress": 0.923, "stress": 0.81}, "14": {"non-stress": 0.968, "stress": 0.905}, "15": {"non-stress": 1.0, "stress": 1.0}}