{"1": {"bvp": 0.173, "eda": 0.067, "temp": 0.094, "acc": 0.202, "bvp+eda": 0.076, "bvp+temp": 0.144, "bvp+acc": 0.328, "eda+temp": 0.06, "eda+acc": 0.087, "temp+acc": 0.168, "bvp+eda+temp": 0.105, "bvp+eda+acc": 0.098, "bvp+temp+acc": 0.229, "eda+temp+acc": 0.072, "bvp+eda+temp+acc": 0.141}, "2": {"bvp": 0.344, "eda": 0.143, "temp": 0.18, "acc": 0.306, "bvp+eda": 0.15, "bvp+temp": 0.229, "bvp+acc": 0.428, "eda+temp": 0.134, "eda+acc": 0.148, "temp+acc": 0.276, "bvp+eda+temp": 0.158, "bvp+eda+acc": 0.172, "bvp+temp+acc": 0.345, "eda+temp+acc": 0.214, "bvp+eda+temp+acc": 0.273}, "3": {"bvp": 0.422, "eda": 0.213, "temp": 0.232, "acc": 0.416, "bvp+eda": 0.223, "bvp+temp": 0.32, "bvp+acc": 0.483, "eda+temp": 0.195, "eda+acc": 0.259, "temp+acc": 0.331, "bvp+eda+temp": 0.215, "bvp+eda+acc": 0.288, "bvp+temp+acc": 0.423, "eda+temp+acc": 0.254, "bvp+eda+temp+acc": 0.317}, "4": {"bvp": 0.502, "eda": 0.267, "temp": 0.326, "acc": 0.517, "bvp+eda": 0.297, "bvp+temp": 0.389, "bvp+acc": 0.504, "eda+temp": 0.246, "eda+acc": 0.317, "temp+acc": 0.387, "bvp+eda+temp": 0.309, "bvp+eda+acc": 0.394, "bvp+temp+acc": 0.499, "eda+temp+acc": 0.304, "bvp+eda+temp+acc": 0.375}, "5": {"bvp": 0.578, "eda": 0.373, "temp": 0.378, "acc": 0.571, "bvp+eda": 0.432, "bvp+temp": 0.457, "bvp+acc": 0.584, "eda+temp": 0.334, "eda+acc": 0.404, "temp+acc": 0.469, "bvp+eda+temp": 0.379, "bvp+eda+acc": 0.475, "bvp+temp+acc": 0.567, "eda+temp+acc": 0.399, "bvp+eda+temp+acc": 0.415}, "6": {"bvp": 0.682, "eda": 0.437, "temp": 0.442, "acc": 0.646, "bvp+eda": 0.546, "bvp+temp": 0.552, "bvp+acc": 0.699, "eda+temp": 0.429, "eda+acc": 0.58, "temp+acc": 0.514, "bvp+eda+temp": 0.45, "bvp+eda+acc": 0.665, "bvp+temp+acc": 0.612, "eda+temp+acc": 0.46, "bvp+eda+temp+acc": 0.476}, "7": {"bvp": 0.735, "eda": 0.518, "temp": 0.507, "acc": 0.68, "bvp+eda": 0.603, "bvp+temp": 0.573, "bvp+acc": 0.777, "eda+temp": 0.468, "eda+acc": 0.63, "temp+acc": 0.554, "bvp+eda+temp": 0.485, "bvp+eda+acc": 0.709, "bvp+temp+acc": 0.674, "eda+temp+acc": 0.491, "bvp+eda+temp+acc": 0.512}, "8": {"bvp": 0.772, "eda": 0.587, "temp": 0.58, "acc": 0.769, "bvp+eda": 0.627, "bvp+temp": 0.685, "bvp+acc": 0.839, "eda+temp": 0.535, "eda+acc": 0.69, "temp+acc": 0.62, "bvp+eda+temp": 0.556, "bvp+eda+acc": 0.744, "bvp+temp+acc": 0.729, "eda+temp+acc": 0.586, "bvp+eda+temp+acc": 0.605}, "9": {"bvp": 0.823, "eda": 0.652, "temp": 0.633, "acc": 0.83, "bvp+eda": 0.643, "bvp+temp": 0.757, "bvp+acc": 0.889, "eda+temp": 0.593, "eda+acc": 0.732, "temp+acc": 0.715, "bvp+eda+temp": 0.62, "bvp+eda+acc": 0.766, "bvp+temp+acc": 0.782, "eda+temp+acc": 0.623, "bvp+eda+temp+acc": 0.655}, "10": {"bvp": 0.882, "eda": 0.682, "temp": 0.697, "acc": 0.888, "bvp+eda": 0.741, "bvp+temp": 0.797, "bvp+acc": 0.915, "eda+temp": 0.641, "eda+acc": 0.781, "temp+acc": 0.741, "bvp+eda+temp": 0.673, "bvp+eda+acc": 0.801, "bvp+temp+acc": 0.801, "eda+temp+acc": 0.681, "bvp+eda+temp+acc": 0.714}, "11": {"bvp": 0.902, "eda": 0.767, "temp": 0.778, "acc": 0.908, "bvp+eda": 0.85, "bvp+temp": 0.824, "bvp+acc": 0.946, "eda+temp": 0.695, "eda+acc": 0.819, "temp+acc": 0.806, "bvp+eda+temp": 0.758, "bvp+eda+acc": 0.83, "bvp+temp+acc": 0.831, "eda+temp+acc": 0.769, "bvp+eda+temp+acc": 0.825}, "12": {"bvp": 0.941, "eda": 0.836, "temp": 0.807, "acc": 0.923, "bvp+eda": 0.872, "bvp+temp": 0.861, "bvp+acc": 0.959, "eda+temp": 0.758, "eda+acc": 0.84, "temp+acc": 0.824, "bvp+eda+temp": 0.837, "bvp+eda+acc": 0.864, "bvp+temp+acc": 0.851, "eda+temp+acc": 0.8, "bvp+eda+temp+acc": 0.858}, "13": {"bvp": 0.95, "eda": 0.864, "temp": 0.837, "acc": 0.967, "bvp+eda": 0.9, "bvp+temp": 0.878, "bvp+acc": 0.98, "eda+temp": 0.829, "eda+acc": 0.864, "temp+acc": 0.873, "bvp+eda+temp": 0.883, "bvp+eda+acc": 0.895, "bvp+temp+acc": 0.868, "eda+temp+acc": 0.865, "bvp+eda+temp+acc": 0.888}, "14": {"bvp": 0.95, "eda": 0.931, "temp": 0.901, "acc": 0.985, "bvp+eda": 0.948, "bvp+temp": 0.922, "bvp+acc": 0.988, "eda+temp": 0.944, "eda+acc": 0.93, "temp+acc": 0.943, "bvp+eda+temp": 0.98, "bvp+eda+acc": 0.944, "bvp+temp+acc": 0.946, "eda+temp+acc": 0.963, "bvp+eda+temp+acc": 0.968}, "15": {"bvp": 1.0, "eda": 1.0, "temp": 1.0, "acc": 1.0, "bvp+eda": 1.0, "bvp+temp": 1.0, "bvp+acc": 1.0, "eda+temp": 1.0, "eda+acc": 1.0, "temp+acc": 1.0, "bvp+eda+temp": 1.0, "bvp+eda+acc": 1.0, "bvp+temp+acc": 1.0, "eda+temp+acc": 1.0, "bvp+eda+temp+acc": 1.0}}