{"1": {"rank": 0.132, "score": 0.122, "mean": 0.127}, "2": {"rank": 0.246, "score": 0.213, "mean": 0.23}, "3": {"rank": 0.317, "score": 0.283, "mean": 0.3}, "4": {"rank": 0.399, "score": 0.352, "mean": 0.376}, "5": {"rank": 0.46, "score": 0.428, "mean": 0.444}, "6": {"rank": 0.534, "score": 0.508, "mean": 0.521}, "7": {"rank": 0.605, "score": 0.554, "mean": 0.58}, "8": {"rank": 0.652, "score": 0.621, "mean": 0.636}, "9": {"rank": 0.701, "score": 0.675, "mean": 0.688}, "10": {"rank": 0.763, "score": 0.722, "mean": 0.742}, "11": {"rank": 0.818, "score": 0.782, "mean": 0.8}, "12": {"rank": 0.856, "score": 0.822, "mean": 0.839}, "13": {"rank": 0.902, "score": 0.867, "mean": 0.884}, "14": {"rank": 0.945, "score": 0.937, "mean": 0.941}, "15": {"rank": 1.0, "score": 1.0, "mean": 1.0}}