{"1": {"rank": 0.963, "score": 0.978, "mean": 0.97}, "2": {"rank": 0.99, "score": 0.993, "mean": 0.991}, "3": {"rank": 0.995, "score": 0.997, "mean": 0.996}, "4": {"rank": 0.998, "score": 0.998, "mean": 0.998}, "5": {"rank": 0.999, "score": 0.999, "mean": 0.999}, "6": {"rank": 0.999, "score": 0.999, "mean": 0.999}, "7": {"rank": 0.999, "score": 0.999, "mean": 0.999}, "8": {"rank": 1.0, "score": 1.0, "mean": 1.0}, "9": {"rank": 1.0, "score": 1.0, "mean": 1.0}, "10": {"rank": 1.0, "score": 1.0, "mean": 1.0}, "11": {"rank": 1.0, "score": 1.0, "mean": 1.0}, "12": {"rank": 1.0, "score": 1.0, "mean": 1.0}, "13": {"rank": 1.0, "score": 1.0, "mean": 1.0}, "14": {"rank": 1.0, "score": 1.0, "mean": 1.0}, "15": {"rank": 1.0, "score": 1.0, "mean": 1.0}}