{"rank": {"bvp": [0, 0, 0, 0, 0, 0, 0, 0, 0, 0, 0, 0, 0, 0, 0], "eda": [7, 5, 13, 3, 8, 1, 6, 8, 13, 5, 2, 0, 6, 12, 1], "temp": [11, 7, 9, 4, 5, 2, 13, 9, 3, 14, 14, 14, 0, 13, 10], "acc": [13, 6, 9, 14, 1, 0, 2, 7, 10, 12, 0, 5, 1, 9, 2], "bvp+eda": [2, 1, 6, 1, 2, 0, 1, 2, 6, 1, 0, 0, 1, 6, 0], "bvp+temp": [5, 2, 2, 1, 1, 0, 7, 3, 1, 9, 7, 8, 0, 7, 3], "bvp+acc": [5, 0, 2, 7, 0, 0, 0, 3, 4, 6, 0, 1, 0, 2, 1], "eda+temp": [11, 5, 14, 3, 3, 0, 13, 10, 9, 11, 9, 8, 1, 14, 6], "eda+acc": [10, 6, 12, 8, 4, 0, 3, 9, 14, 8, 0, 2, 3, 11, 1], "temp+acc": [14, 5, 12, 12, 2, 0, 8, 9, 6, 14, 6, 11, 0, 13, 4], "bvp+eda+temp": [4, 1, 6, 0, 1, 0, 5, 4, 1, 5, 3, 3, 0, 10, 1], "bvp+eda+acc": [8, 1, 9, 5, 0, 0, 1, 3, 9, 5, 0, 1, 0, 6, 0], "bvp+temp+acc": [8, 1, 4, 5, 1, 0, 2, 2, 2, 11, 3, 6, 0, 8, 1], "eda+temp+acc": [13, 5, 13, 6, 4, 0, 6, 10, 12, 13, 3, 5, 1, 14, 2], "bvp+eda+temp+acc": [9, 1, 11, 3, 1, 0, 2, 5, 5, 10, 1, 2, 0, 10, 0]}, "score": {"bvp": [0, 0, 0, 0, 0, 0, 0, 0, 0, 0, 0, 0, 0, 0, 0], "eda": [7, 5, 13, 3, 8, 1, 6, 8, 13, 5, 2, 0, 6, 12, 1], "temp": [11, 7, 9, 4, 5, 2, 13, 9, 3, 14, 14, 14, 0, 13, 10], "acc": [13, 6, 9, 14, 1, 0, 2, 7, 10, 12, 0, 5, 1, 9, 2], "bvp+eda": [1, 0, 8, 1, 3, 0, 2, 1, 4, 1, 0, 0, 2, 8, 0], "bvp+temp": [6, 0, 4, 3, 2, 0, 10, 1, 0, 9, 7, 6, 0, 9, 8], "bvp+acc": [3, 0, 3, 8, 0, 0, 0, 0, 2, 4, 0, 0, 0, 4, 1], "eda+temp": [12, 6, 14, 3, 4, 1, 13, 9, 12, 11, 7, 1, 3, 13, 7], "eda+acc": [8, 4, 12, 11, 4, 0, 4, 9, 13, 8, 1, 0, 3, 12, 1], "temp+acc": [13, 8, 9, 8, 1, 1, 10, 9, 7, 14, 10, 14, 0, 12, 10], "bvp+eda+temp": [4, 0, 8, 3, 3, 0, 8, 1, 2, 7, 2, 0, 0, 11, 5], "bvp+eda+acc": [4, 0, 9, 8, 2, 0, 2, 1, 5, 3, 0, 0, 1, 8, 0], "bvp+temp+acc": [7, 1, 4, 5, 1, 0, 8, 0, 1, 9, 2, 5, 0, 10, 6], "eda+temp+acc": [14, 4, 14, 4, 4, 0, 12, 10, 13, 13, 3, 2, 1, 14, 6], "bvp+eda+temp+acc": [6, 0, 8, 4, 3, 0, 7, 1, 5, 8, 0, 0, 0, 11, 3]}}