{"rank": {"bvp": [0, 0, 0, 0, 0, 0, 0, 0, 0, 0, 0, 0, 0, 0, 0], "eda": [1, 2, 12, 8, 7, 1, 8, 4, 13, 0, 3, 0, 7, 12, 0], "temp": [9, 7, 9, 2, 2, 0, 13, 5, 3, 12, 14, 11, 3, 14, 7], "acc": [1, 3, 6, 12, 1, 0, 2, 2, 6, 2, 0, 8, 0, 8, 7], "bvp+eda": [0, 0, 5, 2, 2, 0, 1, 1, 4, 0, 0, 0, 3, 5, 0], "bvp+temp": [3, 2, 2, 0, 0, 0, 6, 1, 1, 5, 8, 5, 1, 8, 1], "bvp+acc": [1, 1, 1, 5, 0, 0, 0, 0, 3, 0, 0, 3, 0, 1, 3], "eda+temp": [4, 4, 13, 1, 2, 0, 13, 2, 9, 6, 10, 5, 4, 14, 3], "eda+acc": [0, 1, 10, 12, 3, 0, 5, 3, 12, 0, 2, 3, 4, 11, 2], "temp+acc": [3, 3, 10, 7, 1, 0, 10, 2, 3, 7, 7, 12, 0, 12, 5], "bvp+eda+temp": [2, 1, 7, 0, 0, 0, 6, 1, 2, 1, 5, 1, 1, 13, 0], "bvp+eda+acc": [0, 0, 5, 7, 1, 0, 2, 0, 4, 0, 0, 0, 0, 8, 0], "bvp+temp+acc": [1, 1, 2, 2, 0, 0, 3, 0, 1, 4, 3, 4, 0, 8, 3], "eda+temp+acc": [0, 3, 12, 5, 1, 0, 9, 1, 7, 3, 5, 6, 1, 14, 3], "bvp+eda+temp+acc": [0, 1, 7, 3, 0, 0, 3, 0, 3, 1, 2, 3, 0, 11, 1]}, "score": {"bvp": [0, 0, 0, 0, 0, 0, 0, 0, 0, 0, 0, 0, 0, 0, 0], "eda": [1, 2, 12, 8, 7, 1, 8, 4, 13, 0, 3, 0, 7, 12, 0], "temp": [9, 7, 9, 2, 2, 0, 13, 5, 3, 12, 14, 11, 3, 14, 7], "acc": [1, 3, 6, 12, 1, 0, 2, 2, 6, 2, 0, 8, 0, 8, 7], "bvp+eda": [0, 0, 8, 3, 2, 0, 1, 0, 2, 0, 0, 0, 4, 7, 0], "bvp+temp": [2, 1, 4, 0, 0, 0, 9, 1, 1, 7, 10, 1, 0, 8, 4], "bvp+acc": [1, 0, 2, 6, 0, 0, 0, 0, 1, 0, 0, 1, 0, 1, 2], "eda+temp": [2, 4, 12, 1, 4, 0, 12, 6, 6, 4, 11, 0, 4, 14, 2], "eda+acc": [0, 2, 12, 10, 4, 0, 6, 4, 8, 0, 0, 0, 5, 11, 0], "temp+acc": [4, 4, 9, 2, 1, 0, 11, 2, 2, 9, 12, 8, 0, 12, 6], "bvp+eda+temp": [1, 1, 7, 0, 0, 0, 9, 1, 1, 0, 5, 0, 2, 11, 0], "bvp+eda+acc": [0, 0, 8, 6, 1, 0, 1, 0, 2, 0, 0, 0, 2, 7, 0], "bvp+temp+acc": [0, 0, 4, 0, 0, 0, 7, 0, 1, 5, 5, 2, 0, 8, 4], "eda+temp+acc": [0, 4, 12, 1, 2, 0, 11, 3, 4, 1, 6, 0, 3, 14, 1], "bvp+eda+temp+acc": [0, 1, 7, 1, 0, 0, 6, 0, 1, 0, 1, 0, 0, 11, 0]}}