{"rank": {"bvp": [0, 0, 0, 0, 0, 0, 0, 0, 0, 0, 0, 0, 0, 0, 0], "eda": [0, 0, 3, 2, 6, 0, 5, 6, 0, 0, 1, 1, 6, 12, 9], "temp": [10, 6, 2, 4, 4, 2, 4, 3, 8, 9, 0, 1, 12, 13, 5], "acc": [0, 0, 13, 2, 0, 0, 2, 5, 11, 0, 0, 2, 0, 10, 9], "bvp+eda": [0, 0, 1, 0, 1, 0, 1, 1, 0, 0, 0, 0, 0, 5, 4], "bvp+temp": [4, 2, 0, 0, 1, 0, 2, 1, 3, 1, 0, 0, 5, 5, 0], "bvp+acc": [0, 0, 6, 0, 0, 0, 0, 1, 5, 0, 0, 0, 0, 3, 2], "eda+temp": [2, 2, 1, 3, 1, 1, 2, 2, 2, 2, 0, 1, 11, 14, 7], "eda+acc": [0, 0, 8, 1, 2, 0, 2, 6, 6, 0, 0, 2, 2, 13, 11], "temp+acc": [2, 2, 8, 1, 1, 0, 1, 2, 11, 3, 0, 1, 6, 14, 8], "bvp+eda+temp": [0, 1, 0, 0, 0, 0, 1, 0, 1, 0, 0, 0, 6, 9, 5], "bvp+eda+acc": [0, 0, 3, 0, 1, 0, 0, 2, 3, 0, 0, 0, 0, 6, 5], "bvp+temp+acc": [1, 0, 5, 0, 0, 0, 0, 1, 6, 1, 0, 0, 1, 9, 2], "eda+temp+acc": [0, 0, 4, 0, 1, 0, 2, 3, 5, 1, 0, 1, 5, 14, 9], "bvp+eda+temp+acc": [0, 0, 1, 0, 0, 0, 0, 1, 4, 0, 0, 0, 2, 12, 4]}, "score": {"bvp": [0, 0, 0, 0, 0, 0, 0, 0, 0, 0, 0, 0, 0, 0, 0], "eda": [0, 0, 3, 2, 6, 0, 5, 6, 0, 0, 1, 1, 6, 12, 9], "temp": [10, 6, 2, 4, 4, 2, 4, 3, 8, 9, 0, 1, 12, 13, 5], "acc": [0, 0, 13, 2, 0, 0, 2, 5, 11, 0, 0, 2, 0, 10, 9], "bvp+eda": [0, 0, 0, 0, 2, 0, 0, 0, 0, 0, 0, 0, 0, 5, 5], "bvp+temp": [4, 2, 0, 1, 2, 0, 1, 1, 3, 6, 0, 0, 9, 7, 0], "bvp+acc": [0, 0, 5, 1, 0, 0, 0, 0, 3, 0, 0, 0, 0, 5, 0], "eda+temp": [6, 4, 1, 3, 6, 2, 1, 3, 4, 2, 0, 1, 10, 12, 7], "eda+acc": [0, 0, 7, 1, 2, 0, 1, 5, 7, 0, 0, 1, 2, 12, 11], "temp+acc": [8, 3, 4, 1, 2, 2, 1, 3, 8, 6, 0, 1, 10, 14, 6], "bvp+eda+temp": [2, 1, 0, 0, 3, 0, 0, 1, 1, 0, 0, 0, 7, 10, 4], "bvp+eda+acc": [0, 0, 2, 0, 1, 0, 0, 0, 1, 0, 0, 0, 0, 8, 5], "bvp+temp+acc": [2, 2, 2, 0, 1, 0, 0, 1, 6, 3, 0, 0, 6, 9, 0], "eda+temp+acc": [4, 3, 3, 0, 3, 1, 0, 4, 5, 2, 0, 1, 6, 14, 8], "bvp+eda+temp+acc": [2, 1, 1, 0, 2, 0, 0, 1, 3, 0, 0, 0, 4, 10, 3]}}