{"0.0": {"mean": 0.606, "standard-deviation": 0.0}, "0.1": {"1": 0.563, "2": 0.55, "3": 0.549, "4": 0.545, "5": 0.561, "6": 0.528, "7": 0.56, "8": 0.539, "9": 0.528, "10": 0.547, "mean": 0.547, "standard-deviation": 0.012}, "0.2": {"1": 0.484, "2": 0.51, "3": 0.543, "4": 0.469, "5": 0.489, "6": 0.518, "7": 0.491, "8": 0.528, "9": 0.488, "10": 0.539, "mean": 0.506, "standard-deviation": 0.024}, "0.3": {"1": 0.502, "2": 0.428, "3": 0.429, "4": 0.446, "5": 0.503, "6": 0.47, "7": 0.477, "8": 0.451, "9": 0.452, "10": 0.468, "mean": 0.463, "standard-deviation": 0.025}, "0.4": {"1": 0.398, "2": 0.406, "3": 0.451, "4": 0.389, "5": 0.448, "6": 0.508, "7": 0.426, "8": 0.382, "9": 0.439, "10": 0.42, "mean": 0.427, "standard-deviation": 0.035}, "0.5": {"1": 0.409, "2": 0.376, "3": 0.427, "4": 0.455, "5": 0.375, "6": 0.448, "7": 0.365, "8": 0.449, "9": 0.44, "10": 0.384, "mean": 0.413, "standard-deviation": 0.033}, "0.6": {"1": 0.421, "2": 0.426, "3": 0.428, "4": 0.311, "5": 0.394, "6": 0.384, "7": 0.359, "8": 0.438, "9": 0.46, "10": 0.383, "mean": 0.4, "standard-deviation": 0.041}, "0.7": {"1": 0.412, "2": 0.455, "3": 0.428, "4": 0.373, "5": 0.427, "6": 0.337, "7": 0.361, "8": 0.44, "9": 0.354, "10": 0.399, "mean": 0.399, "standard-deviation": 0.038}, "0.8": {"1": 0.375, "2": 0.411, "3": 0.369, "4": 0.342, "5": 0.404, "6": 0.346, "7": 0.381, "8": 0.37, "9": 0.37, "10": 0.41, "mean": 0.378, "standard-deviation": 0.023}, "0.9": {"1": 0.352, "2": 0.363, "3": 0.352, "4": 0.373, "5": 0.346, "6": 0.365, "7": 0.414, "8": 0.328, "9": 0.379, "10": 0.431, "mean": 0.37, "standard-deviation": 0.03}, "1.0": {"1": 0.344, "2": 0.395, "3": 0.319, "4": 0.343, "5": 0.364, "6": 0.343, "7": 0.345, "8": 0.345, "9": 0.346, "10": 0.393, "mean": 0.354, "standard-deviation": 0.023}, "2.0": {"1": 0.216, "2": 0.126, "3": 0.17, "4": 0.253, "5": 0.276, "6": 0.197, "7": 0.259, "8": 0.235, "9": 0.192, "10": 0.278, "mean": 0.22, "standard-deviation": 0.047}, "3.0": {"1": 0.209, "2": 0.164, "3": 0.155, "4": 0.153, "5": 0.142, "6": 0.096, "7": 0.21, "8": 0.171, "9": 0.214, "10": 0.144, "mean": 0.166, "standard-deviation": 0.035}, "4.0": {"1": 0.123, "2": 0.119, "3": 0.131, "4": 0.184, "5": 0.164, "6": 0.147, "7": 0.16, "8": 0.148, "9": 0.139, "10": 0.121, "mean": 0.144, "standard-deviation": 0.02}, "5.0": {"1": 0.057, "2": 0.11, "3": 0.129, "4": 0.084, "5": 0.135, "6": 0.124, "7": 0.126, "8": 0.127, "9": 0.08, "10": 0.14, "mean": 0.111, "standard-deviation": 0.026}, "6.0": {"1": 0.091, "2": 0.092, "3": 0.102, "4": 0.1, "5": 0.052, "6": 0.088, "7": 0.082, "8": 0.14, "9": 0.127, "10": 0.061, "mean": 0.093, "standard-deviation": 0.025}, "7.0": {"1": 0.108, "2": 0.093, "3": 0.095, "4": 0.07, "5": 0.079, "6": 0.076, "7": 0.127, "8": 0.058, "9": 0.093, "10": 0.075, "mean": 0.087, "standard-deviation": 0.019}, "8.0": {"1": 0.089, "2": 0.072, "3": 0.128, "4": 0.069, "5": 0.055, "6": 0.068, "7": 0.087, "8": 0.061, "9": 0.056, "10": 0.041, "mean": 0.073, "standard-deviation": 0.023}, "9.0": {"1": 0.071, "2": 0.096, "3": 0.112, "4": 0.057, "5": 0.041, "6": 0.055, "7": 0.1, "8": 0.172, "9": 0.061, "10": 0.112, "mean": 0.088, "standard-deviation": 0.037}, "10.0": {"1": 0.11, "2": 0.078, "3": 0.056, "4": 0.072, "5": 0.066, "6": 0.071, "7": 0.07, "8": 0.074, "9": 0.044, "10": 0.112, "mean": 0.075, "standard-deviation": 0.02}, "11.0": {"1": 0.061, "2": 0.07, "3": 0.114, "4": 0.065, "5": 0.112, "6": 0.05, "7": 0.096, "8": 0.051, "9": 0.077, "10": 0.091, "mean": 0.079, "standard-deviation": 0.022}, "12.0": {"1": 0.078, "2": 0.084, "3": 0.062, "4": 0.058, "5": 0.081, "6": 0.036, "7": 0.058, "8": 0.114, "9": 0.069, "10": 0.064, "mean": 0.07, "standard-deviation": 0.02}, "13.0": {"1": 0.123, "2": 0.115, "3": 0.099, "4": 0.064, "5": 0.062, "6": 0.104, "7": 0.054, "8": 0.103, "9": 0.084, "10": 0.078, "mean": 0.089, "standard-deviation": 0.023}, "14.0": {"1": 0.102, "2": 0.082, "3": 0.101, "4": 0.081, "5": 0.048, "6": 0.089, "7": 0.056, "8": 0.092, "9": 0.073, "10": 0.053, "mean": 0.078, "standard-deviation": 0.019}, "15.0": {"1": 0.097, "2": 0.055, "3": 0.086, "4": 0.059, "5": 0.093, "6": 0.074, "7": 0.075, "8": 0.109, "9": 0.113, "10": 0.058, "mean": 0.082, "standard-deviation": 0.02}}