{"0.0": {"mean": 1.0, "standard-deviation": 0.0}, "0.1": {"1": 0.988, "2": 0.994, "3": 0.996, "4": 0.988, "5": 0.988, "6": 0.988, "7": 0.991, "8": 0.988, "9": 0.988, "10": 0.994, "mean": 0.99, "standard-deviation": 0.003}, "0.2": {"1": 0.981, "2": 0.979, "3": 0.982, "4": 0.966, "5": 0.978, "6": 0.976, "7": 0.975, "8": 0.973, "9": 0.976, "10": 0.98, "mean": 0.977, "standard-deviation": 0.004}, "0.3": {"1": 0.944, "2": 0.945, "3": 0.935, "4": 0.951, "5": 0.941, "6": 0.958, "7": 0.934, "8": 0.95, "9": 0.941, "10": 0.957, "mean": 0.946, "standard-deviation": 0.008}, "0.4": {"1": 0.935, "2": 0.892, "3": 0.909, "4": 0.933, "5": 0.919, "6": 0.908, "7": 0.898, "8": 0.91, "9": 0.909, "10": 0.921, "mean": 0.913, "standard-deviation": 0.013}, "0.5": {"1": 0.848, "2": 0.868, "3": 0.863, "4": 0.846, "5": 0.885, "6": 0.844, "7": 0.874, "8": 0.882, "9": 0.855, "10": 0.854, "mean": 0.862, "standard-deviation": 0.014}, "0.6": {"1": 0.828, "2": 0.796, "3": 0.827, "4": 0.828, "5": 0.833, "6": 0.859, "7": 0.803, "8": 0.822, "9": 0.84, "10": 0.831, "mean": 0.827, "standard-deviation": 0.017}, "0.7": {"1": 0.763, "2": 0.751, "3": 0.803, "4": 0.758, "5": 0.724, "6": 0.777, "7": 0.782, "8": 0.798, "9": 0.761, "10": 0.74, "mean": 0.766, "standard-deviation": 0.024}, "0.8": {"1": 0.72, "2": 0.73, "3": 0.728, "4": 0.757, "5": 0.736, "6": 0.768, "7": 0.764, "8": 0.798, "9": 0.715, "10": 0.75, "mean": 0.747, "standard-deviation": 0.024}, "0.9": {"1": 0.695, "2": 0.742, "3": 0.684, "4": 0.698, "5": 0.685, "6": 0.712, "7": 0.673, "8": 0.756, "9": 0.694, "10": 0.753, "mean": 0.709, "standard-deviation": 0.029}, "1.0": {"1": 0.666, "2": 0.666, "3": 0.74, "4": 0.671, "5": 0.7, "6": 0.686, "7": 0.655, "8": 0.633, "9": 0.627, "10": 0.688, "mean": 0.673, "standard-deviation": 0.031}, "2.0": {"1": 0.308, "2": 0.377, "3": 0.327, "4": 0.299, "5": 0.387, "6": 0.422, "7": 0.369, "8": 0.292, "9": 0.401, "10": 0.344, "mean": 0.353, "standard-deviation": 0.043}, "3.0": {"1": 0.184, "2": 0.293, "3": 0.234, "4": 0.29, "5": 0.309, "6": 0.215, "7": 0.264, "8": 0.356, "9": 0.266, "10": 0.287, "mean": 0.27, "standard-deviation": 0.047}, "4.0": {"1": 0.173, "2": 0.248, "3": 0.12, "4": 0.137, "5": 0.203, "6": 0.203, "7": 0.159, "8": 0.136, "9": 0.204, "10": 0.113, "mean": 0.17, "standard-deviation": 0.042}, "5.0": {"1": 0.154, "2": 0.123, "3": 0.109, "4": 0.055, "5": 0.17, "6": 0.108, "7": 0.083, "8": 0.236, "9": 0.148, "10": 0.105, "mean": 0.129, "standard-deviation": 0.048}, "6.0": {"1": 0.101, "2": 0.201, "3": 0.139, "4": 0.139, "5": 0.156, "6": 0.148, "7": 0.11, "8": 0.117, "9": 0.144, "10": 0.141, "mean": 0.14, "standard-deviation": 0.026}, "7.0": {"1": 0.086, "2": 0.126, "3": 0.106, "4": 0.054, "5": 0.133, "6": 0.092, "7": 0.083, "8": 0.128, "9": 0.112, "10": 0.075, "mean": 0.1, "standard-deviation": 0.025}, "8.0": {"1": 0.152, "2": 0.096, "3": 0.122, "4": 0.11, "5": 0.093, "6": 0.119, "7": 0.097, "8": 0.115, "9": 0.118, "10": 0.108, "mean": 0.113, "standard-deviation": 0.016}, "9.0": {"1": 0.092, "2": 0.067, "3": 0.127, "4": 0.056, "5": 0.115, "6": 0.078, "7": 0.144, "8": 0.063, "9": 0.099, "10": 0.129, "mean": 0.097, "standard-deviation": 0.029}, "10.0": {"1": 0.069, "2": 0.051, "3": 0.088, "4": 0.103, "5": 0.117, "6": 0.071, "7": 0.072, "8": 0.057, "9": 0.064, "10": 0.06, "mean": 0.075, "standard-deviation": 0.02}, "11.0": {"1": 0.068, "2": 0.08, "3": 0.114, "4": 0.083, "5": 0.088, "6": 0.054, "7": 0.085, "8": 0.069, "9": 0.096, "10": 0.094, "mean": 0.083, "standard-deviation": 0.016}, "12.0": {"1": 0.089, "2": 0.083, "3": 0.072, "4": 0.088, "5": 0.07, "6": 0.079, "7": 0.086, "8": 0.046, "9": 0.091, "10": 0.053, "mean": 0.076, "standard-deviation": 0.015}, "13.0": {"1": 0.111, "2": 0.077, "3": 0.086, "4": 0.093, "5": 0.06, "6": 0.081, "7": 0.082, "8": 0.12, "9": 0.064, "10": 0.079, "mean": 0.085, "standard-deviation": 0.018}, "14.0": {"1": 0.1, "2": 0.095, "3": 0.062, "4": 0.06, "5": 0.073, "6": 0.078, "7": 0.077, "8": 0.073, "9": 0.101, "10": 0.057, "mean": 0.078, "standard-deviation": 0.015}, "15.0": {"1": 0.053, "2": 0.052, "3": 0.092, "4": 0.095, "5": 0.099, "6": 0.046, "7": 0.054, "8": 0.065, "9": 0.097, "10": 0.065, "mean": 0.072, "standard-deviation": 0.02}}