{"0.0": {"mean": 0.309, "standard-deviation": 0.0}, "0.1": {"1": 0.296, "2": 0.296, "3": 0.296, "4": 0.295, "5": 0.296, "6": 0.295, "7": 0.3, "8": 0.295, "9": 0.298, "10": 0.3, "mean": 0.297, "standard-deviation": 0.002}, "0.2": {"1": 0.291, "2": 0.291, "3": 0.288, "4": 0.291, "5": 0.286, "6": 0.286, "7": 0.294, "8": 0.291, "9": 0.283, "10": 0.288, "mean": 0.289, "standard-deviation": 0.003}, "0.3": {"1": 0.286, "2": 0.292, "3": 0.282, "4": 0.283, "5": 0.282, "6": 0.286, "7": 0.286, "8": 0.292, "9": 0.283, "10": 0.284, "mean": 0.286, "standard-deviation": 0.004}, "0.4": {"1": 0.274, "2": 0.269, "3": 0.271, "4": 0.28, "5": 0.274, "6": 0.271, "7": 0.268, "8": 0.291, "9": 0.286, "10": 0.288, "mean": 0.277, "standard-deviation": 0.008}, "0.5": {"1": 0.267, "2": 0.256, "3": 0.273, "4": 0.28, "5": 0.267, "6": 0.268, "7": 0.275, "8": 0.262, "9": 0.271, "10": 0.264, "mean": 0.268, "standard-deviation": 0.007}, "0.6": {"1": 0.257, "2": 0.262, "3": 0.256, "4": 0.259, "5": 0.257, "6": 0.263, "7": 0.264, "8": 0.248, "9": 0.248, "10": 0.268, "mean": 0.258, "standard-deviation": 0.006}, "0.7": {"1": 0.262, "2": 0.265, "3": 0.255, "4": 0.258, "5": 0.248, "6": 0.261, "7": 0.254, "8": 0.255, "9": 0.252, "10": 0.256, "mean": 0.257, "standard-deviation": 0.005}, "0.8": {"1": 0.248, "2": 0.244, "3": 0.252, "4": 0.244, "5": 0.254, "6": 0.246, "7": 0.26, "8": 0.251, "9": 0.258, "10": 0.267, "mean": 0.252, "standard-deviation": 0.007}, "0.9": {"1": 0.244, "2": 0.254, "3": 0.256, "4": 0.247, "5": 0.236, "6": 0.248, "7": 0.241, "8": 0.252, "9": 0.236, "10": 0.247, "mean": 0.246, "standard-deviation": 0.007}, "1.0": {"1": 0.254, "2": 0.25, "3": 0.233, "4": 0.246, "5": 0.244, "6": 0.255, "7": 0.249, "8": 0.246, "9": 0.25, "10": 0.237, "mean": 0.246, "standard-deviation": 0.007}, "2.0": {"1": 0.22, "2": 0.216, "3": 0.222, "4": 0.219, "5": 0.237, "6": 0.228, "7": 0.237, "8": 0.243, "9": 0.222, "10": 0.222, "mean": 0.227, "standard-deviation": 0.009}, "3.0": {"1": 0.208, "2": 0.217, "3": 0.194, "4": 0.212, "5": 0.2, "6": 0.213, "7": 0.219, "8": 0.216, "9": 0.213, "10": 0.212, "mean": 0.21, "standard-deviation": 0.007}, "4.0": {"1": 0.197, "2": 0.177, "3": 0.213, "4": 0.187, "5": 0.185, "6": 0.212, "7": 0.199, "8": 0.226, "9": 0.196, "10": 0.183, "mean": 0.198, "standard-deviation": 0.015}, "5.0": {"1": 0.202, "2": 0.183, "3": 0.186, "4": 0.189, "5": 0.203, "6": 0.185, "7": 0.178, "8": 0.165, "9": 0.18, "10": 0.191, "mean": 0.186, "standard-deviation": 0.011}, "6.0": {"1": 0.173, "2": 0.211, "3": 0.195, "4": 0.148, "5": 0.188, "6": 0.166, "7": 0.183, "8": 0.17, "9": 0.176, "10": 0.186, "mean": 0.18, "standard-deviation": 0.016}, "7.0": {"1": 0.164, "2": 0.165, "3": 0.163, "4": 0.16, "5": 0.156, "6": 0.17, "7": 0.165, "8": 0.158, "9": 0.143, "10": 0.14, "mean": 0.158, "standard-deviation": 0.009}, "8.0": {"1": 0.164, "2": 0.16, "3": 0.139, "4": 0.135, "5": 0.164, "6": 0.143, "7": 0.158, "8": 0.132, "9": 0.142, "10": 0.15, "mean": 0.149, "standard-deviation": 0.011}, "9.0": {"1": 0.139, "2": 0.146, "3": 0.117, "4": 0.141, "5": 0.153, "6": 0.124, "7": 0.142, "8": 0.177, "9": 0.136, "10": 0.143, "mean": 0.142, "standard-deviation": 0.015}, "10.0": {"1": 0.136, "2": 0.126, "3": 0.136, "4": 0.118, "5": 0.114, "6": 0.161, "7": 0.152, "8": 0.136, "9": 0.134, "10": 0.131, "mean": 0.134, "standard-deviation": 0.013}, "11.0": {"1": 0.107, "2": 0.134, "3": 0.109, "4": 0.128, "5": 0.13, "6": 0.101, "7": 0.102, "8": 0.119, "9": 0.165, "10": 0.157, "mean": 0.125, "standard-deviation": 0.021}, "12.0": {"1": 0.135, "2": 0.101, "3": 0.114, "4": 0.126, "5": 0.116, "6": 0.119, "7": 0.126, "8": 0.125, "9": 0.106, "10": 0.092, "mean": 0.116, "standard-deviation": 0.012}, "13.0": {"1": 0.118, "2": 0.095, "3": 0.115, "4": 0.112, "5": 0.14, "6": 0.112, "7": 0.102, "8": 0.097, "9": 0.142, "10": 0.106, "mean": 0.114, "standard-deviation": 0.015}, "14.0": {"1": 0.11, "2": 0.121, "3": 0.107, "4": 0.124, "5": 0.107, "6": 0.111, "7": 0.118, "8": 0.099, "9": 0.137, "10": 0.097, "mean": 0.113, "standard-deviation": 0.012}, "15.0": {"1": 0.105, "2": 0.105, "3": 0.1, "4": 0.103, "5": 0.091, "6": 0.11, "7": 0.127, "8": 0.122, "9": 0.114, "10": 0.101, "mean": 0.108, "standard-deviation": 0.01}}