{"0.0": {"mean": 0.301, "standard-deviation": 0.0},"0.1": {"1": 0.279, "2": 0.282, "3": 0.281, "4": 0.285, "5": 0.282, "6": 0.279, "7": 0.279, "8": 0.279, "9": 0.285, "10": 0.282, "mean": 0.281, "standard-deviation": 0.002}, "0.2": {"1": 0.273, "2": 0.275, "3": 0.275, "4": 0.283, "5": 0.272, "6": 0.277, "7": 0.268, "8": 0.277, "9": 0.277, "10": 0.276, "mean": 0.275, "standard-deviation": 0.004}, "0.3": {"1": 0.269, "2": 0.272, "3": 0.26, "4": 0.278, "5": 0.277, "6": 0.271, "7": 0.269, "8": 0.281, "9": 0.271, "10": 0.261, "mean": 0.271, "standard-deviation": 0.006}, "0.4": {"1": 0.262, "2": 0.266, "3": 0.261, "4": 0.248, "5": 0.26, "6": 0.257, "7": 0.264, "8": 0.257, "9": 0.26, "10": 0.259, "mean": 0.259, "standard-deviation": 0.005}, "0.5": {"1": 0.254, "2": 0.26, "3": 0.264, "4": 0.26, "5": 0.263, "6": 0.257, "7": 0.251, "8": 0.264, "9": 0.26, "10": 0.259, "mean": 0.259, "standard-deviation": 0.004}, "0.6": {"1": 0.249, "2": 0.243, "3": 0.244, "4": 0.257, "5": 0.245, "6": 0.245, "7": 0.257, "8": 0.254, "9": 0.255, "10": 0.248, "mean": 0.25, "standard-deviation": 0.005}, "0.7": {"1": 0.253, "2": 0.245, "3": 0.236, "4": 0.253, "5": 0.246, "6": 0.245, "7": 0.236, "8": 0.244, "9": 0.249, "10": 0.245, "mean": 0.245, "standard-deviation": 0.006}, "0.8": {"1": 0.235, "2": 0.247, "3": 0.239, "4": 0.248, "5": 0.24, "6": 0.244, "7": 0.245, "8": 0.231, "9": 0.236, "10": 0.242, "mean": 0.241, "standard-deviation": 0.005}, "0.9": {"1": 0.244, "2": 0.249, "3": 0.232, "4": 0.237, "5": 0.237, "6": 0.235, "7": 0.239, "8": 0.233, "9": 0.233, "10": 0.235, "mean": 0.237, "standard-deviation": 0.005}, "1.0": {"1": 0.233, "2": 0.233, "3": 0.228, "4": 0.233, "5": 0.231, "6": 0.241, "7": 0.231, "8": 0.238, "9": 0.247, "10": 0.237, "mean": 0.235, "standard-deviation": 0.005}, "2.0": {"1": 0.205, "2": 0.204, "3": 0.205, "4": 0.206, "5": 0.208, "6": 0.214, "7": 0.219, "8": 0.215, "9": 0.202, "10": 0.207, "mean": 0.208, "standard-deviation": 0.005}, "3.0": {"1": 0.187, "2": 0.207, "3": 0.202, "4": 0.204, "5": 0.199, "6": 0.209, "7": 0.215, "8": 0.205, "9": 0.212, "10": 0.207, "mean": 0.205, "standard-deviation": 0.007}, "4.0": {"1": 0.172, "2": 0.181, "3": 0.204, "4": 0.19, "5": 0.179, "6": 0.186, "7": 0.2, "8": 0.195, "9": 0.185, "10": 0.198, "mean": 0.189, "standard-deviation": 0.01}, "5.0": {"1": 0.193, "2": 0.188, "3": 0.189, "4": 0.183, "5": 0.153, "6": 0.151, "7": 0.182, "8": 0.201, "9": 0.181, "10": 0.199, "mean": 0.182, "standard-deviation": 0.016}, "6.0": {"1": 0.178, "2": 0.164, "3": 0.174, "4": 0.176, "5": 0.166, "6": 0.146, "7": 0.163, "8": 0.153, "9": 0.168, "10": 0.173, "mean": 0.166, "standard-deviation": 0.01}, "7.0": {"1": 0.164, "2": 0.167, "3": 0.158, "4": 0.173, "5": 0.136, "6": 0.166, "7": 0.126, "8": 0.163, "9": 0.15, "10": 0.145, "mean": 0.155, "standard-deviation": 0.014}, "8.0": {"1": 0.156, "2": 0.133, "3": 0.166, "4": 0.145, "5": 0.138, "6": 0.112, "7": 0.158, "8": 0.162, "9": 0.151, "10": 0.166, "mean": 0.149, "standard-deviation": 0.016}, "9.0": {"1": 0.137, "2": 0.137, "3": 0.125, "4": 0.129, "5": 0.152, "6": 0.154, "7": 0.128, "8": 0.148, "9": 0.124, "10": 0.133, "mean": 0.137, "standard-deviation": 0.011}, "10.0": {"1": 0.149, "2": 0.113, "3": 0.132, "4": 0.136, "5": 0.147, "6": 0.158, "7": 0.152, "8": 0.132, "9": 0.129, "10": 0.149, "mean": 0.14, "standard-deviation": 0.013}, "11.0": {"1": 0.121, "2": 0.127, "3": 0.116, "4": 0.117, "5": 0.118, "6": 0.127, "7": 0.127, "8": 0.111, "9": 0.101, "10": 0.116, "mean": 0.118, "standard-deviation": 0.008}, "12.0": {"1": 0.129, "2": 0.109, "3": 0.111, "4": 0.099, "5": 0.097, "6": 0.101, "7": 0.125, "8": 0.119, "9": 0.082, "10": 0.137, "mean": 0.111, "standard-deviation": 0.016}, "13.0": {"1": 0.119, "2": 0.136, "3": 0.122, "4": 0.1, "5": 0.105, "6": 0.135, "7": 0.127, "8": 0.101, "9": 0.122, "10": 0.122, "mean": 0.119, "standard-deviation": 0.012}, "14.0": {"1": 0.083, "2": 0.11, "3": 0.103, "4": 0.098, "5": 0.111, "6": 0.126, "7": 0.107, "8": 0.114, "9": 0.085, "10": 0.109, "mean": 0.105, "standard-deviation": 0.012}, "15.0": {"1": 0.098, "2": 0.116, "3": 0.095, "4": 0.129, "5": 0.103, "6": 0.102, "7": 0.13, "8": 0.096, "9": 0.114, "10": 0.111, "mean": 0.109, "standard-deviation": 0.012}}