{"rank": {"bvp": [0, 0, 0, 0, 0, 0, 0, 0, 0, 0, 0, 0, 0, 0, 0], "eda": [3, 2, 10, 4, 6, 0, 6, 5, 10, 0, 2, 0, 4, 8, 7], "temp": [11, 7, 7, 3, 6, 2, 13, 4, 5, 9, 0, 0, 6, 8, 8], "acc": [0, 0, 14, 9, 0, 0, 2, 4, 10, 0, 0, 10, 0, 9, 7], "bvp+eda": [1, 0, 4, 0, 1, 0, 1, 0, 3, 0, 0, 0, 1, 2, 4], "bvp+temp": [5, 3, 1, 0, 2, 0, 6, 1, 1, 2, 0, 0, 1, 3, 1], "bvp+acc": [0, 0, 8, 3, 0, 0, 0, 1, 4, 0, 0, 4, 0, 1, 1], "eda+temp": [6, 3, 8, 3, 5, 0, 12, 2, 10, 2, 0, 0, 2, 8, 8], "eda+acc": [1, 0, 13, 6, 2, 0, 4, 3, 12, 0, 0, 3, 2, 8, 7], "temp+acc": [6, 3, 13, 4, 2, 0, 8, 2, 7, 3, 0, 4, 1, 9, 10], "bvp+eda+temp": [4, 1, 5, 0, 0, 0, 5, 1, 3, 0, 0, 0, 0, 3, 4], "bvp+eda+acc": [0, 0, 10, 2, 1, 0, 2, 0, 7, 0, 0, 1, 0, 5, 2], "bvp+temp+acc": [1, 0, 6, 2, 1, 0, 3, 1, 5, 1, 0, 2, 0, 4, 2], "eda+temp+acc": [3, 1, 14, 4, 2, 0, 7, 2, 9, 1, 0, 2, 1, 7, 8], "bvp+eda+temp+acc": [1, 0, 10, 1, 0, 0, 3, 0, 6, 0, 0, 0, 0, 5, 4]}, "score": {"bvp": [0, 0, 0, 0, 0, 0, 0, 0, 0, 0, 0, 0, 0, 0, 0], "eda": [3, 2, 10, 4, 6, 0, 6, 5, 10, 0, 2, 0, 4, 8, 7], "temp": [11, 7, 7, 3, 6, 2, 13, 4, 5, 9, 0, 0, 6, 8, 8], "acc": [0, 0, 14, 9, 0, 0, 2, 4, 10, 0, 0, 10, 0, 9, 7], "bvp+eda": [0, 0, 5, 0, 1, 0, 1, 0, 1, 0, 0, 0, 1, 3, 5], "bvp+temp": [5, 2, 1, 1, 4, 0, 5, 1, 2, 6, 0, 0, 1, 3, 2], "bvp+acc": [0, 0, 7, 2, 0, 0, 0, 0, 1, 0, 0, 1, 0, 5, 0], "eda+temp": [11, 5, 5, 3, 3, 2, 10, 3, 7, 3, 0, 0, 4, 6, 8], "eda+acc": [0, 0, 13, 4, 2, 0, 4, 2, 9, 0, 0, 1, 3, 9, 9], "temp+acc": [8, 4, 9, 4, 3, 1, 6, 3, 7, 6, 0, 0, 0, 9, 8], "bvp+eda+temp": [4, 2, 2, 1, 2, 0, 5, 1, 2, 1, 0, 0, 0, 3, 4], "bvp+eda+acc": [0, 0, 9, 1, 1, 0, 1, 0, 2, 0, 0, 0, 0, 6, 3], "bvp+temp+acc": [1, 2, 4, 2, 1, 0, 2, 1, 4, 5, 0, 0, 0, 4, 3], "eda+temp+acc": [4, 2, 13, 3, 3, 1, 4, 3, 7, 3, 0, 0, 1, 8, 8], "bvp+eda+temp+acc": [1, 2, 7, 1, 1, 0, 3, 1, 4, 0, 0, 0, 0, 5, 3]}}