{"rank": {"bvp": [0, 0, 0, 0, 0, 0, 0, 0, 0, 0, 0, 0, 0, 0, 0], "eda": [3, 2, 14, 6, 14, 0, 3, 8, 11, 4, 2, 0, 4, 8, 1], "temp": [11, 8, 10, 2, 3, 1, 13, 7, 4, 10, 14, 0, 0, 6, 10], "acc": [0, 3, 6, 14, 4, 0, 9, 0, 6, 2, 0, 13, 1, 10, 9], "bvp+eda": [1, 0, 7, 2, 9, 0, 1, 3, 5, 1, 0, 0, 1, 2, 0], "bvp+temp": [5, 2, 3, 0, 1, 0, 7, 2, 1, 3, 8, 0, 0, 2, 3], "bvp+acc": [0, 0, 1, 8, 1, 0, 1, 0, 3, 1, 0, 6, 0, 4, 3], "eda+temp": [7, 4, 14, 2, 9, 0, 10, 9, 9, 6, 9, 0, 1, 7, 5], "eda+acc": [1, 0, 11, 11, 11, 0, 6, 2, 9, 1, 0, 6, 2, 11, 1], "temp+acc": [6, 5, 10, 10, 3, 0, 13, 2, 2, 4, 5, 6, 0, 9, 12], "bvp+eda+temp": [4, 1, 9, 0, 4, 0, 4, 3, 3, 4, 4, 0, 0, 3, 1], "bvp+eda+acc": [0, 0, 7, 6, 5, 0, 1, 1, 5, 0, 0, 2, 0, 5, 0], "bvp+temp+acc": [0, 2, 2, 3, 1, 0, 5, 0, 1, 1, 3, 1, 0, 2, 5], "eda+temp+acc": [2, 2, 14, 7, 7, 0, 11, 3, 6, 4, 4, 1, 1, 9, 7], "bvp+eda+temp+acc": [1, 1, 10, 5, 1, 0, 3, 1, 3, 1, 2, 0, 0, 5, 1]}, "score": {"bvp": [0, 0, 0, 0, 0, 0, 0, 0, 0, 0, 0, 0, 0, 0, 0], "eda": [3, 2, 14, 6, 14, 0, 3, 8, 11, 4, 2, 0, 4, 8, 1], "temp": [11, 8, 10, 2, 3, 1, 13, 7, 4, 10, 14, 0, 0, 6, 10], "acc": [0, 3, 6, 14, 4, 0, 9, 0, 6, 2, 0, 13, 1, 10, 9], "bvp+eda": [1, 0, 8, 4, 8, 0, 1, 1, 3, 1, 0, 0, 1, 2, 0], "bvp+temp": [4, 3, 8, 0, 1, 0, 10, 1, 1, 8, 10, 0, 0, 3, 6], "bvp+acc": [0, 0, 2, 8, 1, 0, 1, 0, 1, 1, 0, 2, 0, 5, 4], "eda+temp": [8, 6, 14, 2, 7, 0, 12, 8, 5, 9, 9, 0, 1, 5, 3], "eda+acc": [2, 2, 11, 8, 9, 0, 5, 3, 10, 1, 0, 0, 3, 8, 0], "temp+acc": [7, 6, 11, 3, 3, 1, 12, 4, 4, 8, 12, 0, 0, 9, 10], "bvp+eda+temp": [3, 1, 10, 1, 4, 0, 8, 1, 2, 6, 5, 0, 0, 4, 0], "bvp+eda+acc": [0, 0, 9, 6, 4, 0, 2, 1, 4, 0, 0, 0, 1, 5, 0], "bvp+temp+acc": [1, 2, 8, 2, 1, 0, 9, 1, 1, 6, 7, 0, 0, 6, 6], "eda+temp+acc": [3, 6, 14, 4, 4, 0, 12, 5, 7, 6, 6, 0, 1, 8, 3], "bvp+eda+temp+acc": [1, 1, 12, 2, 2, 0, 9, 1, 2, 5, 2, 0, 0, 5, 1]}}