{"rank": {"bvp": [0, 0, 0, 0, 0, 0, 0, 0, 0, 0, 0, 0, 0, 0, 0], "eda": [4, 2, 12, 6, 13, 0, 7, 8, 11, 12, 1, 0, 3, 7, 0], "temp": [11, 8, 11, 2, 3, 1, 13, 6, 4, 10, 14, 0, 0, 6, 10], "acc": [0, 1, 6, 14, 8, 0, 9, 0, 6, 1, 0, 13, 1, 10, 9], "bvp+eda": [1, 0, 6, 2, 6, 0, 2, 3, 5, 5, 0, 0, 0, 2, 0], "bvp+temp": [5, 2, 6, 0, 1, 0, 7, 1, 1, 3, 8, 0, 0, 2, 3], "bvp+acc": [0, 0, 1, 8, 2, 0, 1, 0, 3, 0, 0, 6, 0, 4, 3], "eda+temp": [10, 4, 14, 2, 10, 0, 11, 8, 8, 13, 9, 0, 1, 5, 2], "eda+acc": [1, 1, 9, 12, 11, 0, 10, 1, 9, 5, 0, 6, 2, 8, 0], "temp+acc": [6, 3, 10, 10, 7, 0, 12, 2, 2, 5, 6, 6, 0, 9, 12], "bvp+eda+temp": [3, 1, 8, 0, 3, 0, 7, 3, 3, 8, 4, 0, 0, 2, 0], "bvp+eda+acc": [0, 0, 6, 7, 7, 0, 3, 0, 5, 2, 0, 2, 0, 6, 0], "bvp+temp+acc": [0, 1, 3, 3, 2, 0, 6, 0, 1, 1, 2, 2, 0, 2, 5], "eda+temp+acc": [2, 1, 14, 7, 11, 0, 13, 3, 6, 10, 3, 1, 0, 9, 6], "bvp+eda+temp+acc": [1, 1, 6, 5, 5, 0, 7, 1, 3, 5, 2, 0, 0, 5, 2]}, "score": {"bvp": [0, 0, 0, 0, 0, 0, 0, 0, 0, 0, 0, 0, 0, 0, 0], "eda": [4, 2, 12, 6, 13, 0, 7, 8, 11, 12, 1, 0, 3, 7, 0], "temp": [11, 8, 11, 2, 3, 1, 13, 6, 4, 10, 14, 0, 0, 6, 10], "acc": [0, 1, 6, 14, 8, 0, 9, 0, 6, 1, 0, 13, 1, 10, 9], "bvp+eda": [0, 0, 7, 3, 8, 0, 3, 1, 2, 6, 0, 0, 1, 2, 0], "bvp+temp": [4, 3, 8, 0, 1, 0, 10, 1, 1, 8, 9, 0, 0, 3, 6], "bvp+acc": [0, 0, 2, 8, 1, 0, 2, 0, 1, 0, 0, 2, 0, 3, 4], "eda+temp": [9, 5, 13, 1, 7, 0, 11, 8, 6, 13, 9, 0, 1, 6, 3], "eda+acc": [1, 1, 9, 8, 12, 0, 8, 4, 11, 5, 0, 0, 3, 7, 0], "temp+acc": [7, 6, 11, 3, 5, 1, 12, 4, 4, 8, 12, 0, 0, 9, 10], "bvp+eda+temp": [3, 1, 9, 0, 4, 0, 8, 1, 2, 11, 4, 0, 0, 4, 0], "bvp+eda+acc": [0, 0, 7, 6, 7, 0, 2, 1, 4, 3, 0, 0, 1, 4, 0], "bvp+temp+acc": [0, 1, 7, 2, 1, 0, 9, 1, 1, 5, 6, 0, 0, 5, 6], "eda+temp+acc": [4, 2, 14, 3, 10, 0, 12, 5, 7, 10, 6, 0, 1, 7, 3], "bvp+eda+temp+acc": [1, 1, 7, 2, 5, 0, 8, 1, 2, 9, 2, 0, 0, 4, 1]}}