{"1": {"non-stress": 0.394, "stress": 0.2}, "2": {"non-stress": 0.535, "stress": 0.284}, "3": {"non-stress": 0.625, "stress": 0.339}, "4": {"non-stress": 0.681, "stress": 0.402}, "5": {"non-stress": 0.733, "stress": 0.456}, "6": {"non-stress": 0.766, "stress": 0.493}, "7": {"non-stress": 0.797, "stress": 0.544}, "8": {"non-stress": 0.826, "stress": 0.606}, "9": {"non-stress": 0.857, "stress": 0.67}, "10": {"non-stress": 0.895, "stress": 0.733}, "11": {"non-stress": 0.916, "stress": 0.793}, "12": {"non-stress": 0.943, "stress": 0.849}, "13": {"non-stress": 0.971, "stress": 0.887}, "14": {"non-stress": 0.988, "stress": 0.951}, "15": {"non-stress": 1.0, "stress": 1.0}}