{"1": {"bvp": 1.0, "eda": 0.067, "temp": 0.084, "acc": 0.396, "bvp+eda": 0.243, "bvp+temp": 0.306, "bvp+acc": 0.662, "eda+temp": 0.122, "eda+acc": 0.178, "temp+acc": 0.209, "bvp+eda+temp": 0.281, "bvp+eda+acc": 0.386, "bvp+temp+acc": 0.437, "eda+temp+acc": 0.285, "bvp+eda+temp+acc": 0.382}, "2": {"bvp": 1.0, "eda": 0.138, "temp": 0.154, "acc": 0.527, "bvp+eda": 0.408, "bvp+temp": 0.471, "bvp+acc": 0.871, "eda+temp": 0.154, "eda+acc": 0.348, "temp+acc": 0.371, "bvp+eda+temp": 0.458, "bvp+eda+acc": 0.486, "bvp+temp+acc": 0.604, "eda+temp+acc": 0.377, "bvp+eda+temp+acc": 0.528}, "3": {"bvp": 1.0, "eda": 0.202, "temp": 0.263, "acc": 0.685, "bvp+eda": 0.505, "bvp+temp": 0.585, "bvp+acc": 0.905, "eda+temp": 0.279, "eda+acc": 0.377, "temp+acc": 0.46, "bvp+eda+temp": 0.536, "bvp+eda+acc": 0.583, "bvp+temp+acc": 0.652, "eda+temp+acc": 0.442, "bvp+eda+temp+acc": 0.618}, "4": {"bvp": 1.0, "eda": 0.257, "temp": 0.382, "acc": 0.761, "bvp+eda": 0.543, "bvp+temp": 0.618, "bvp+acc": 0.943, "eda+temp": 0.383, "eda+acc": 0.44, "temp+acc": 0.528, "bvp+eda+temp": 0.611, "bvp+eda+acc": 0.659, "bvp+temp+acc": 0.687, "eda+temp+acc": 0.482, "bvp+eda+temp+acc": 0.669}, "5": {"bvp": 1.0, "eda": 0.319, "temp": 0.45, "acc": 0.797, "bvp+eda": 0.584, "bvp+temp": 0.656, "bvp+acc": 0.963, "eda+temp": 0.487, "eda+acc": 0.508, "temp+acc": 0.57, "bvp+eda+temp": 0.66, "bvp+eda+acc": 0.753, "bvp+temp+acc": 0.723, "eda+temp+acc": 0.555, "bvp+eda+temp+acc": 0.721}, "6": {"bvp": 1.0, "eda": 0.37, "temp": 0.49, "acc": 0.843, "bvp+eda": 0.597, "bvp+temp": 0.699, "bvp+acc": 0.977, "eda+temp": 0.546, "eda+acc": 0.559, "temp+acc": 0.598, "bvp+eda+temp": 0.69, "bvp+eda+acc": 0.79, "bvp+temp+acc": 0.762, "eda+temp+acc": 0.592, "bvp+eda+temp+acc": 0.745}, "7": {"bvp": 1.0, "eda": 0.435, "temp": 0.559, "acc": 0.856, "bvp+eda": 0.671, "bvp+temp": 0.715, "bvp+acc": 0.993, "eda+temp": 0.579, "eda+acc": 0.602, "temp+acc": 0.613, "bvp+eda+temp": 0.746, "bvp+eda+acc": 0.862, "bvp+temp+acc": 0.774, "eda+temp+acc": 0.623, "bvp+eda+temp+acc": 0.787}, "8": {"bvp": 1.0, "eda": 0.509, "temp": 0.611, "acc": 0.873, "bvp+eda": 0.79, "bvp+temp": 0.751, "bvp+acc": 0.997, "eda+temp": 0.608, "eda+acc": 0.642, "temp+acc": 0.623, "bvp+eda+temp": 0.786, "bvp+eda+acc": 0.907, "bvp+temp+acc": 0.807, "eda+temp+acc": 0.679, "bvp+eda+temp+acc": 0.821}, "9": {"bvp": 1.0, "eda": 0.602, "temp": 0.622, "acc": 0.885, "bvp+eda": 0.909, "bvp+temp": 0.785, "bvp+acc": 0.998, "eda+temp": 0.635, "eda+acc": 0.699, "temp+acc": 0.653, "bvp+eda+temp": 0.806, "bvp+eda+acc": 0.95, "bvp+temp+acc": 0.882, "eda+temp+acc": 0.704, "bvp+eda+temp+acc": 0.88}, "10": {"bvp": 1.0, "eda": 0.691, "temp": 0.661, "acc": 0.915, "bvp+eda": 0.954, "bvp+temp": 0.867, "bvp+acc": 1.0, "eda+temp": 0.684, "eda+acc": 0.773, "temp+acc": 0.775, "bvp+eda+temp": 0.845, "bvp+eda+acc": 0.963, "bvp+temp+acc": 0.914, "eda+temp+acc": 0.742, "bvp+eda+temp+acc": 0.908}, "11": {"bvp": 1.0, "eda": 0.756, "temp": 0.718, "acc": 0.935, "bvp+eda": 0.984, "bvp+temp": 0.897, "bvp+acc": 1.0, "eda+temp": 0.705, "eda+acc": 0.827, "temp+acc": 0.831, "bvp+eda+temp": 0.887, "bvp+eda+acc": 0.978, "bvp+temp+acc": 0.947, "eda+temp+acc": 0.783, "bvp+eda+temp+acc": 0.939}, "12": {"bvp": 1.0, "eda": 0.81, "temp": 0.785, "acc": 0.953, "bvp+eda": 1.0, "bvp+temp": 0.93, "bvp+acc": 1.0, "eda+temp": 0.736, "eda+acc": 0.923, "temp+acc": 0.892, "bvp+eda+temp": 0.914, "bvp+eda+acc": 1.0, "bvp+temp+acc": 0.968, "eda+temp+acc": 0.845, "bvp+eda+temp+acc": 0.96}, "13": {"bvp": 1.0, "eda": 0.885, "temp": 0.834, "acc": 0.963, "bvp+eda": 1.0, "bvp+temp": 0.993, "bvp+acc": 1.0, "eda+temp": 0.82, "eda+acc": 0.945, "temp+acc": 0.929, "bvp+eda+temp": 0.954, "bvp+eda+acc": 1.0, "bvp+temp+acc": 0.988, "eda+temp+acc": 0.904, "bvp+eda+temp+acc": 0.97}, "14": {"bvp": 1.0, "eda": 0.938, "temp": 0.892, "acc": 0.988, "bvp+eda": 1.0, "bvp+temp": 1.0, "bvp+acc": 1.0, "eda+temp": 0.948, "eda+acc": 0.978, "temp+acc": 0.966, "bvp+eda+temp": 1.0, "bvp+eda+acc": 1.0, "bvp+temp+acc": 0.998, "eda+temp+acc": 0.947, "bvp+eda+temp+acc": 0.995}, "15": {"bvp": 1.0, "eda": 1.0, "temp": 1.0, "acc": 1.0, "bvp+eda": 1.0, "bvp+temp": 1.0, "bvp+acc": 1.0, "eda+temp": 1.0, "eda+acc": 1.0, "temp+acc": 1.0, "bvp+eda+temp": 1.0, "bvp+eda+acc": 1.0, "bvp+temp+acc": 1.0, "eda+temp+acc": 1.0, "bvp+eda+temp+acc": 1.0}}