{"1": {"rank": 0.292, "score": 0.297, "mean": 0.294}, "2": {"rank": 0.437, "score": 0.41, "mean": 0.423}, "3": {"rank": 0.531, "score": 0.482, "mean": 0.506}, "4": {"rank": 0.596, "score": 0.542, "mean": 0.569}, "5": {"rank": 0.642, "score": 0.594, "mean": 0.618}, "6": {"rank": 0.701, "score": 0.629, "mean": 0.665}, "7": {"rank": 0.752, "score": 0.671, "mean": 0.711}, "8": {"rank": 0.797, "score": 0.716, "mean": 0.757}, "9": {"rank": 0.831, "score": 0.763, "mean": 0.797}, "10": {"rank": 0.865, "score": 0.814, "mean": 0.84}, "11": {"rank": 0.894, "score": 0.855, "mean": 0.874}, "12": {"rank": 0.922, "score": 0.896, "mean": 0.909}, "13": {"rank": 0.949, "score": 0.929, "mean": 0.939}, "14": {"rank": 0.973, "score": 0.969, "mean": 0.971}, "15": {"rank": 1.0, "score": 1.0, "mean": 1.0}}