{"1": {"rank": 0.264, "score": 0.262, "mean": 0.263}, "2": {"rank": 0.391, "score": 0.388, "mean": 0.39}, "3": {"rank": 0.484, "score": 0.467, "mean": 0.476}, "4": {"rank": 0.559, "score": 0.539, "mean": 0.549}, "5": {"rank": 0.611, "score": 0.613, "mean": 0.612}, "6": {"rank": 0.671, "score": 0.665, "mean": 0.668}, "7": {"rank": 0.727, "score": 0.704, "mean": 0.715}, "8": {"rank": 0.766, "score": 0.751, "mean": 0.758}, "9": {"rank": 0.803, "score": 0.797, "mean": 0.8}, "10": {"rank": 0.845, "score": 0.832, "mean": 0.839}, "11": {"rank": 0.884, "score": 0.869, "mean": 0.876}, "12": {"rank": 0.913, "score": 0.899, "mean": 0.906}, "13": {"rank": 0.937, "score": 0.929, "mean": 0.933}, "14": {"rank": 0.967, "score": 0.971, "mean": 0.969}, "15": {"rank": 1.0, "score": 1.0, "mean": 1.0}}