{"1": {"non-stress": 0.288, "stress": 0.235}, "2": {"non-stress": 0.45, "stress": 0.326}, "3": {"non-stress": 0.539, "stress": 0.395}, "4": {"non-stress": 0.614, "stress": 0.464}, "5": {"non-stress": 0.699, "stress": 0.527}, "6": {"non-stress": 0.759, "stress": 0.572}, "7": {"non-stress": 0.794, "stress": 0.614}, "8": {"non-stress": 0.831, "stress": 0.67}, "9": {"non-stress": 0.862, "stress": 0.732}, "10": {"non-stress": 0.888, "stress": 0.776}, "11": {"non-stress": 0.92, "stress": 0.818}, "12": {"non-stress": 0.946, "stress": 0.852}, "13": {"non-stress": 0.958, "stress": 0.9}, "14": {"non-stress": 0.986, "stress": 0.955}, "15": {"non-stress": 1.0, "stress": 1.0}}