{"1": {"bvp": 1.0, "eda": 0.067, "temp": 0.095, "acc": 0.209, "bvp+eda": 0.181, "bvp+temp": 0.343, "bvp+acc": 0.608, "eda+temp": 0.065, "eda+acc": 0.09, "temp+acc": 0.155, "bvp+eda+temp": 0.249, "bvp+eda+acc": 0.221, "bvp+temp+acc": 0.412, "eda+temp+acc": 0.089, "bvp+eda+temp+acc": 0.297}, "2": {"bvp": 1.0, "eda": 0.143, "temp": 0.18, "acc": 0.319, "bvp+eda": 0.443, "bvp+temp": 0.563, "bvp+acc": 0.75, "eda+temp": 0.124, "eda+acc": 0.161, "temp+acc": 0.299, "bvp+eda+temp": 0.443, "bvp+eda+acc": 0.474, "bvp+temp+acc": 0.591, "eda+temp+acc": 0.191, "bvp+eda+temp+acc": 0.514}, "3": {"bvp": 1.0, "eda": 0.215, "temp": 0.233, "acc": 0.473, "bvp+eda": 0.557, "bvp+temp": 0.662, "bvp+acc": 0.839, "eda+temp": 0.18, "eda+acc": 0.26, "temp+acc": 0.399, "bvp+eda+temp": 0.518, "bvp+eda+acc": 0.597, "bvp+temp+acc": 0.648, "eda+temp+acc": 0.269, "bvp+eda+temp+acc": 0.59}, "4": {"bvp": 1.0, "eda": 0.267, "temp": 0.324, "acc": 0.537, "bvp+eda": 0.665, "bvp+temp": 0.742, "bvp+acc": 0.907, "eda+temp": 0.261, "eda+acc": 0.339, "temp+acc": 0.463, "bvp+eda+temp": 0.606, "bvp+eda+acc": 0.671, "bvp+temp+acc": 0.74, "eda+temp+acc": 0.345, "bvp+eda+temp+acc": 0.669}, "5": {"bvp": 1.0, "eda": 0.383, "temp": 0.406, "acc": 0.587, "bvp+eda": 0.754, "bvp+temp": 0.783, "bvp+acc": 0.965, "eda+temp": 0.374, "eda+acc": 0.487, "temp+acc": 0.533, "bvp+eda+temp": 0.71, "bvp+eda+acc": 0.779, "bvp+temp+acc": 0.776, "eda+temp+acc": 0.432, "bvp+eda+temp+acc": 0.733}, "6": {"bvp": 1.0, "eda": 0.454, "temp": 0.476, "acc": 0.628, "bvp+eda": 0.79, "bvp+temp": 0.831, "bvp+acc": 0.98, "eda+temp": 0.463, "eda+acc": 0.629, "temp+acc": 0.578, "bvp+eda+temp": 0.743, "bvp+eda+acc": 0.862, "bvp+temp+acc": 0.831, "eda+temp+acc": 0.525, "bvp+eda+temp+acc": 0.751}, "7": {"bvp": 1.0, "eda": 0.53, "temp": 0.518, "acc": 0.671, "bvp+eda": 0.848, "bvp+temp": 0.863, "bvp+acc": 0.98, "eda+temp": 0.522, "eda+acc": 0.664, "temp+acc": 0.606, "bvp+eda+temp": 0.797, "bvp+eda+acc": 0.879, "bvp+temp+acc": 0.856, "eda+temp+acc": 0.581, "bvp+eda+temp+acc": 0.781}, "8": {"bvp": 1.0, "eda": 0.607, "temp": 0.627, "acc": 0.714, "bvp+eda": 0.875, "bvp+temp": 0.873, "bvp+acc": 0.98, "eda+temp": 0.561, "eda+acc": 0.723, "temp+acc": 0.631, "bvp+eda+temp": 0.827, "bvp+eda+acc": 0.898, "bvp+temp+acc": 0.895, "eda+temp+acc": 0.662, "bvp+eda+temp+acc": 0.871}, "9": {"bvp": 1.0, "eda": 0.675, "temp": 0.672, "acc": 0.775, "bvp+eda": 0.919, "bvp+temp": 0.905, "bvp+acc": 1.0, "eda+temp": 0.613, "eda+acc": 0.774, "temp+acc": 0.695, "bvp+eda+temp": 0.872, "bvp+eda+acc": 0.923, "bvp+temp+acc": 0.918, "eda+temp+acc": 0.702, "bvp+eda+temp+acc": 0.898}, "10": {"bvp": 1.0, "eda": 0.701, "temp": 0.702, "acc": 0.842, "bvp+eda": 0.953, "bvp+temp": 0.93, "bvp+acc": 1.0, "eda+temp": 0.671, "eda+acc": 0.794, "temp+acc": 0.751, "bvp+eda+temp": 0.925, "bvp+eda+acc": 0.957, "bvp+temp+acc": 0.944, "eda+temp+acc": 0.729, "bvp+eda+temp+acc": 0.92}, "11": {"bvp": 1.0, "eda": 0.775, "temp": 0.77, "acc": 0.901, "bvp+eda": 0.977, "bvp+temp": 0.951, "bvp+acc": 1.0, "eda+temp": 0.716, "eda+acc": 0.805, "temp+acc": 0.818, "bvp+eda+temp": 0.933, "bvp+eda+acc": 1.0, "bvp+temp+acc": 0.961, "eda+temp+acc": 0.798, "bvp+eda+temp+acc": 0.939}, "12": {"bvp": 1.0, "eda": 0.83, "temp": 0.807, "acc": 0.926, "bvp+eda": 1.0, "bvp+temp": 1.0, "bvp+acc": 1.0, "eda+temp": 0.754, "eda+acc": 0.827, "temp+acc": 0.844, "bvp+eda+temp": 0.99, "bvp+eda+acc": 1.0, "bvp+temp+acc": 0.993, "eda+temp+acc": 0.823, "bvp+eda+temp+acc": 0.969}, "13": {"bvp": 1.0, "eda": 0.854, "temp": 0.854, "acc": 0.964, "bvp+eda": 1.0, "bvp+temp": 1.0, "bvp+acc": 1.0, "eda+temp": 0.822, "eda+acc": 0.86, "temp+acc": 0.885, "bvp+eda+temp": 1.0, "bvp+eda+acc": 1.0, "bvp+temp+acc": 1.0, "eda+temp+acc": 0.87, "bvp+eda+temp+acc": 1.0}, "14": {"bvp": 1.0, "eda": 0.93, "temp": 0.911, "acc": 0.98, "bvp+eda": 1.0, "bvp+temp": 1.0, "bvp+acc": 1.0, "eda+temp": 0.963, "eda+acc": 0.963, "temp+acc": 0.94, "bvp+eda+temp": 1.0, "bvp+eda+acc": 1.0, "bvp+temp+acc": 1.0, "eda+temp+acc": 0.963, "bvp+eda+temp+acc": 1.0}, "15": {"bvp": 1.0, "eda": 1.0, "temp": 1.0, "acc": 1.0, "bvp+eda": 1.0, "bvp+temp": 1.0, "bvp+acc": 1.0, "eda+temp": 1.0, "eda+acc": 1.0, "temp+acc": 1.0, "bvp+eda+temp": 1.0, "bvp+eda+acc": 1.0, "bvp+temp+acc": 1.0, "eda+temp+acc": 1.0, "bvp+eda+temp+acc": 1.0}}