{"rank": {"bvp": [0, 0, 0, 0, 0, 0, 0, 0, 0, 0, 0, 0, 0, 0, 0], "eda": [3, 2, 6, 7, 13, 10, 4, 11, 5, 4, 14, 0, 10, 9, 1], "temp": [4, 5, 0, 14, 3, 12, 3, 7, 5, 7, 2, 4, 0, 8, 10], "acc": [1, 2, 0, 11, 3, 0, 2, 0, 6, 12, 1, 9, 1, 9, 9], "bvp+eda": [1, 0, 1, 2, 7, 4, 1, 4, 1, 1, 5, 0, 3, 2, 0], "bvp+temp": [2, 1, 0, 8, 1, 6, 1, 4, 0, 3, 0, 0, 0, 3, 4], "bvp+acc": [0, 0, 0, 5, 1, 0, 0, 0, 2, 6, 0, 2, 0, 2, 3], "eda+temp": [2, 1, 0, 13, 10, 14, 2, 11, 4, 5, 9, 0, 4, 9, 5], "eda+acc": [1, 0, 1, 11, 10, 3, 1, 6, 6, 10, 9, 2, 5, 10, 4], "temp+acc": [1, 3, 0, 13, 2, 6, 1, 1, 6, 12, 1, 5, 0, 8, 12], "bvp+eda+temp": [0, 0, 0, 9, 3, 7, 0, 6, 0, 1, 3, 0, 0, 6, 1], "bvp+eda+acc": [0, 0, 0, 5, 2, 1, 0, 2, 2, 3, 2, 1, 1, 4, 1], "bvp+temp+acc": [1, 1, 0, 9, 1, 2, 0, 0, 1, 4, 0, 2, 0, 3, 5], "eda+temp+acc": [0, 0, 0, 14, 6, 7, 0, 5, 3, 11, 5, 1, 1, 11, 8], "bvp+eda+temp+acc": [0, 0, 0, 10, 2, 5, 0, 1, 0, 3, 2, 1, 0, 4, 2]}, "score": {"bvp": [0, 0, 0, 0, 0, 0, 0, 0, 0, 0, 0, 0, 0, 0, 0], "eda": [3, 2, 6, 7, 13, 10, 4, 11, 5, 4, 14, 0, 10, 9, 1], "temp": [4, 5, 0, 14, 3, 12, 3, 7, 5, 7, 2, 4, 0, 8, 10], "acc": [1, 2, 0, 11, 3, 0, 2, 0, 6, 12, 1, 9, 1, 9, 9], "bvp+eda": [1, 1, 3, 5, 11, 3, 2, 4, 2, 1, 7, 0, 9, 6, 0], "bvp+temp": [1, 1, 0, 11, 2, 3, 1, 0, 0, 3, 0, 0, 0, 3, 5], "bvp+acc": [0, 0, 0, 3, 0, 0, 0, 0, 1, 3, 0, 0, 0, 1, 4], "eda+temp": [3, 2, 4, 13, 12, 14, 5, 10, 6, 4, 9, 0, 5, 7, 2], "eda+acc": [2, 2, 4, 8, 14, 5, 4, 5, 5, 4, 13, 0, 8, 7, 1], "temp+acc": [2, 4, 0, 14, 3, 8, 2, 1, 5, 10, 1, 4, 0, 8, 12], "bvp+eda+temp": [0, 1, 1, 11, 9, 8, 1, 4, 1, 1, 4, 0, 3, 5, 0], "bvp+eda+acc": [0, 1, 2, 6, 10, 1, 2, 3, 1, 1, 4, 0, 5, 5, 0], "bvp+temp+acc": [1, 0, 0, 11, 1, 0, 0, 0, 1, 3, 0, 0, 0, 3, 5], "eda+temp+acc": [1, 2, 3, 13, 12, 9, 4, 7, 5, 5, 8, 0, 3, 9, 2], "bvp+eda+temp+acc": [0, 0, 1, 11, 9, 2, 1, 3, 1, 2, 4, 0, 1, 7, 0]}}