{"rank": {"bvp": [0, 0, 0, 0, 0, 0, 0, 0, 0, 0, 0, 0, 0, 0, 0], "eda": [1, 6, 11, 8, 12, 1, 7, 9, 12, 0, 1, 0, 6, 9, 0], "temp": [10, 7, 8, 1, 3, 0, 13, 5, 5, 12, 14, 0, 0, 13, 9], "acc": [7, 3, 6, 11, 1, 0, 2, 0, 8, 2, 0, 11, 0, 9, 1], "bvp+eda": [0, 1, 6, 3, 5, 0, 1, 3, 5, 0, 0, 0, 2, 2, 0], "bvp+temp": [5, 2, 2, 0, 0, 0, 7, 1, 1, 6, 7, 0, 0, 5, 1], "bvp+acc": [3, 0, 1, 6, 0, 0, 0, 0, 3, 0, 0, 5, 0, 1, 0], "eda+temp": [6, 6, 13, 2, 9, 0, 13, 8, 9, 5, 9, 0, 1, 13, 3], "eda+acc": [4, 3, 8, 12, 6, 0, 4, 3, 13, 0, 0, 5, 2, 9, 0], "temp+acc": [10, 3, 8, 6, 2, 0, 9, 1, 5, 6, 6, 5, 0, 12, 2], "bvp+eda+temp": [2, 1, 5, 1, 3, 0, 6, 3, 4, 0, 3, 0, 0, 8, 1], "bvp+eda+acc": [2, 1, 5, 7, 2, 0, 2, 0, 5, 0, 0, 2, 0, 6, 0], "bvp+temp+acc": [5, 2, 2, 1, 0, 0, 2, 0, 2, 3, 3, 3, 0, 9, 1], "eda+temp+acc": [5, 3, 9, 6, 4, 0, 7, 3, 10, 4, 4, 2, 0, 13, 0], "bvp+eda+temp+acc": [1, 2, 5, 3, 1, 0, 4, 1, 3, 1, 2, 1, 0, 11, 0]}, "score": {"bvp": [0, 0, 0, 0, 0, 0, 0, 0, 0, 0, 0, 0, 0, 0, 0], "eda": [1, 6, 11, 8, 12, 1, 7, 9, 12, 0, 1, 0, 6, 9, 0], "temp": [10, 7, 8, 1, 3, 0, 13, 5, 5, 12, 14, 0, 0, 13, 9], "acc": [7, 3, 6, 11, 1, 0, 2, 0, 8, 2, 0, 11, 0, 9, 1], "bvp+eda": [0, 1, 8, 3, 8, 0, 1, 2, 3, 0, 0, 0, 2, 5, 0], "bvp+temp": [5, 2, 4, 0, 0, 0, 10, 1, 1, 7, 10, 0, 0, 5, 4], "bvp+acc": [2, 0, 2, 6, 0, 0, 0, 0, 1, 0, 0, 1, 0, 1, 0], "eda+temp": [6, 6, 11, 1, 7, 0, 11, 8, 10, 3, 9, 0, 3, 13, 2], "eda+acc": [2, 3, 11, 10, 8, 0, 5, 7, 14, 0, 0, 0, 4, 8, 0], "temp+acc": [10, 4, 8, 2, 2, 0, 12, 4, 4, 6, 12, 1, 0, 12, 6], "bvp+eda+temp": [2, 2, 6, 0, 4, 0, 6, 2, 3, 1, 6, 0, 1, 10, 1], "bvp+eda+acc": [0, 1, 8, 6, 3, 0, 1, 0, 3, 0, 0, 0, 2, 4, 0], "bvp+temp+acc": [6, 1, 4, 0, 0, 0, 7, 1, 1, 4, 6, 0, 0, 8, 2], "eda+temp+acc": [6, 5, 11, 1, 5, 0, 10, 8, 11, 2, 6, 0, 1, 12, 1], "bvp+eda+temp+acc": [2, 1, 5, 1, 2, 0, 6, 1, 2, 0, 1, 0, 0, 9, 0]}}