{"rank": {"bvp": [0, 0, 0, 0, 0, 0, 0, 0, 0, 0, 0, 0, 0, 0, 0], "eda": [10, 11, 1, 1, 3, 0, 2, 0, 0, 0, 3, 0, 1, 0, 11], "temp": [0, 0, 0, 2, 1, 3, 1, 0, 8, 0, 1, 0, 9, 11, 0], "acc": [0, 0, 0, 0, 0, 0, 0, 0, 0, 0, 0, 0, 0, 0, 0], "bvp+eda": [4, 6, 0, 0, 1, 0, 0, 0, 0, 0, 1, 0, 0, 0, 6], "bvp+temp": [0, 0, 0, 0, 0, 0, 0, 0, 2, 0, 1, 0, 2, 6, 0], "bvp+acc": [0, 0, 0, 0, 0, 0, 0, 0, 0, 0, 0, 0, 0, 0, 0], "eda+temp": [4, 7, 0, 1, 2, 0, 0, 0, 2, 0, 0, 0, 4, 5, 4], "eda+acc": [3, 6, 0, 0, 0, 0, 0, 0, 0, 0, 1, 0, 0, 0, 6], "temp+acc": [0, 0, 0, 0, 0, 1, 0, 0, 2, 0, 0, 0, 4, 5, 0], "bvp+eda+temp": [0, 2, 0, 0, 0, 0, 0, 0, 1, 0, 0, 0, 1, 1, 1], "bvp+eda+acc": [1, 2, 0, 0, 0, 0, 0, 0, 0, 0, 0, 0, 0, 0, 2], "bvp+temp+acc": [0, 0, 0, 0, 0, 0, 0, 0, 0, 0, 0, 0, 1, 0, 0], "eda+temp+acc": [0, 2, 0, 0, 0, 0, 0, 0, 1, 0, 0, 0, 0, 1, 1], "bvp+eda+temp+acc": [0, 0, 0, 0, 0, 0, 0, 0, 0, 0, 0, 0, 0, 0, 0]}, "score": {"bvp": [0, 0, 0, 0, 0, 0, 0, 0, 0, 0, 0, 0, 0, 0, 0], "eda": [10, 11, 1, 1, 3, 0, 2, 0, 0, 0, 3, 0, 1, 0, 11], "temp": [0, 0, 0, 2, 1, 3, 1, 0, 8, 0, 1, 0, 9, 11, 0], "acc": [0, 0, 0, 0, 0, 0, 0, 0, 0, 0, 0, 0, 0, 0, 0], "bvp+eda": [0, 2, 0, 0, 0, 0, 1, 0, 0, 0, 0, 0, 0, 0, 7], "bvp+temp": [0, 0, 0, 0, 0, 0, 0, 0, 3, 0, 0, 0, 3, 7, 0], "bvp+acc": [0, 0, 0, 0, 0, 0, 0, 0, 0, 0, 0, 0, 0, 0, 0], "eda+temp": [0, 3, 0, 0, 1, 0, 0, 0, 2, 0, 0, 0, 4, 7, 2], "eda+acc": [0, 1, 0, 0, 0, 0, 0, 0, 0, 0, 0, 0, 0, 0, 6], "temp+acc": [0, 0, 0, 0, 0, 0, 0, 0, 3, 0, 0, 0, 4, 9, 0], "bvp+eda+temp": [0, 1, 0, 0, 0, 0, 0, 0, 1, 0, 0, 0, 1, 3, 1], "bvp+eda+acc": [0, 0, 0, 0, 0, 0, 0, 0, 0, 0, 0, 0, 0, 0, 2], "bvp+temp+acc": [0, 0, 0, 0, 0, 0, 0, 0, 0, 0, 0, 0, 1, 3, 0], "eda+temp+acc": [0, 0, 0, 0, 0, 0, 0, 0, 0, 0, 0, 0, 0, 2, 1], "bvp+eda+temp+acc": [0, 0, 0, 0, 0, 0, 0, 0, 0, 0, 0, 0, 0, 0, 0]}}