{"rank": {"bvp": [0, 0, 0, 0, 0, 0, 0, 0, 0, 0, 0, 0, 0, 0, 0], "eda": [1, 4, 13, 3, 6, 0, 6, 6, 13, 0, 2, 0, 4, 11, 5], "temp": [11, 8, 1, 3, 5, 2, 9, 5, 2, 11, 0, 9, 7, 11, 8], "acc": [0, 0, 14, 7, 0, 0, 2, 5, 8, 2, 0, 11, 0, 10, 7], "bvp+eda": [0, 1, 6, 0, 1, 0, 1, 2, 4, 0, 0, 0, 1, 4, 2], "bvp+temp": [5, 2, 0, 0, 1, 0, 3, 1, 0, 6, 0, 2, 1, 5, 2], "bvp+acc": [0, 0, 9, 2, 0, 0, 0, 0, 4, 0, 0, 6, 0, 3, 3], "eda+temp": [6, 5, 7, 3, 5, 0, 9, 5, 10, 4, 0, 2, 4, 14, 5], "eda+acc": [0, 1, 14, 4, 2, 0, 4, 7, 12, 0, 0, 6, 2, 11, 4], "temp+acc": [5, 3, 9, 3, 2, 0, 5, 3, 3, 4, 0, 12, 1, 12, 9], "bvp+eda+temp": [2, 2, 4, 0, 0, 0, 3, 2, 2, 1, 0, 0, 0, 7, 2], "bvp+eda+acc": [0, 0, 10, 0, 1, 0, 2, 2, 6, 0, 0, 1, 0, 7, 2], "bvp+temp+acc": [2, 1, 3, 1, 1, 0, 2, 1, 1, 1, 0, 5, 0, 9, 4], "eda+temp+acc": [2, 3, 13, 2, 2, 0, 3, 3, 8, 2, 0, 7, 1, 14, 6], "bvp+eda+temp+acc": [0, 1, 7, 1, 0, 0, 2, 1, 4, 0, 0, 4, 0, 10, 2]}, "score": {"bvp": [0, 0, 0, 0, 0, 0, 0, 0, 0, 0, 0, 0, 0, 0, 0], "eda": [1, 4, 13, 3, 6, 0, 6, 6, 13, 0, 2, 0, 4, 11, 5], "temp": [11, 8, 1, 3, 5, 2, 9, 5, 2, 11, 0, 9, 7, 11, 8], "acc": [0, 0, 14, 7, 0, 0, 2, 5, 8, 2, 0, 11, 0, 10, 7], "bvp+eda": [0, 0, 4, 0, 1, 0, 1, 0, 3, 0, 0, 0, 1, 5, 3], "bvp+temp": [5, 2, 0, 1, 2, 0, 4, 1, 0, 8, 0, 1, 1, 5, 7], "bvp+acc": [0, 0, 6, 1, 0, 0, 0, 0, 1, 0, 0, 1, 0, 5, 2], "eda+temp": [9, 5, 5, 3, 3, 2, 9, 4, 4, 3, 0, 1, 3, 14, 6], "eda+acc": [0, 1, 14, 3, 2, 0, 4, 4, 9, 0, 0, 1, 3, 12, 5], "temp+acc": [7, 3, 6, 2, 3, 2, 3, 3, 3, 10, 0, 10, 1, 12, 8], "bvp+eda+temp": [3, 2, 2, 0, 1, 0, 5, 1, 1, 0, 0, 0, 0, 9, 5], "bvp+eda+acc": [0, 0, 9, 0, 1, 0, 1, 0, 3, 0, 0, 0, 1, 7, 2], "bvp+temp+acc": [2, 2, 3, 1, 1, 0, 2, 1, 1, 8, 0, 1, 0, 8, 7], "eda+temp+acc": [4, 3, 10, 2, 3, 1, 3, 4, 6, 3, 0, 1, 3, 14, 6], "bvp+eda+temp+acc": [2, 2, 5, 1, 1, 0, 3, 1, 2, 0, 0, 0, 0, 9, 4]}}