{"rank": {"bvp": [0, 0, 0, 0, 0, 0, 0, 0, 0, 0, 0, 0, 0, 0, 0], "eda": [7, 6, 12, 9, 14, 1, 6, 13, 13, 0, 2, 0, 6, 12, 1], "temp": [11, 8, 10, 1, 3, 1, 13, 8, 4, 12, 14, 0, 1, 12, 7], "acc": [1, 3, 6, 12, 3, 0, 2, 0, 7, 2, 0, 13, 0, 9, 8], "bvp+eda": [3, 1, 6, 3, 9, 0, 1, 5, 4, 0, 0, 0, 2, 6, 0], "bvp+temp": [5, 2, 3, 0, 0, 0, 6, 2, 1, 6, 7, 0, 0, 5, 1], "bvp+acc": [1, 0, 1, 6, 1, 0, 0, 0, 4, 0, 0, 6, 0, 2, 3], "eda+temp": [11, 7, 14, 2, 9, 0, 13, 11, 9, 6, 9, 0, 4, 14, 3], "eda+acc": [2, 3, 10, 13, 10, 0, 4, 6, 12, 0, 1, 6, 3, 12, 2], "temp+acc": [5, 5, 10, 6, 2, 0, 10, 2, 5, 7, 8, 5, 0, 12, 9], "bvp+eda+temp": [4, 3, 6, 0, 4, 0, 4, 6, 3, 1, 4, 0, 1, 11, 1], "bvp+eda+acc": [0, 1, 5, 8, 3, 0, 2, 2, 5, 0, 0, 3, 1, 9, 1], "bvp+temp+acc": [2, 2, 2, 1, 1, 0, 3, 1, 2, 3, 4, 1, 0, 9, 3], "eda+temp+acc": [5, 6, 11, 5, 6, 0, 7, 7, 8, 3, 4, 1, 0, 13, 3], "bvp+eda+temp+acc": [2, 2, 7, 4, 2, 0, 2, 3, 3, 1, 2, 0, 0, 11, 1]}, "score": {"bvp": [0, 0, 0, 0, 0, 0, 0, 0, 0, 0, 0, 0, 0, 0, 0], "eda": [7, 6, 12, 9, 14, 1, 6, 13, 13, 0, 2, 0, 6, 12, 1], "temp": [11, 8, 10, 1, 3, 1, 13, 8, 4, 12, 14, 0, 1, 12, 7], "acc": [1, 3, 6, 12, 3, 0, 2, 0, 7, 2, 0, 13, 0, 9, 8], "bvp+eda": [3, 1, 8, 3, 11, 0, 1, 3, 2, 0, 0, 0, 3, 8, 0], "bvp+temp": [5, 2, 4, 0, 0, 0, 10, 1, 1, 9, 12, 0, 0, 4, 3], "bvp+acc": [1, 0, 2, 6, 1, 0, 0, 0, 1, 0, 0, 1, 0, 2, 2], "eda+temp": [10, 6, 12, 1, 9, 0, 12, 10, 7, 5, 11, 0, 3, 13, 2], "eda+acc": [2, 3, 12, 10, 13, 0, 5, 10, 9, 0, 0, 0, 5, 11, 0], "temp+acc": [6, 4, 9, 2, 2, 0, 12, 4, 2, 9, 12, 1, 0, 12, 7], "bvp+eda+temp": [5, 3, 7, 0, 7, 0, 8, 4, 2, 2, 8, 0, 1, 11, 1], "bvp+eda+acc": [0, 1, 9, 6, 8, 0, 2, 2, 2, 0, 0, 0, 2, 8, 0], "bvp+temp+acc": [1, 1, 5, 0, 1, 0, 8, 1, 1, 5, 6, 0, 0, 9, 4], "eda+temp+acc": [6, 6, 12, 1, 9, 0, 12, 9, 6, 4, 6, 0, 3, 12, 2], "bvp+eda+temp+acc": [3, 1, 7, 1, 5, 0, 6, 2, 1, 1, 1, 0, 0, 10, 0]}}