{"1": {"bvp": 0.671, "eda": 1.0, "temp": 1.0, "acc": 1.0, "bvp+eda": 0.992, "bvp+temp": 0.997, "bvp+acc": 1.0, "eda+temp": 1.0, "eda+acc": 1.0, "temp+acc": 1.0, "bvp+eda+temp": 1.0, "bvp+eda+acc": 1.0, "bvp+temp+acc": 1.0, "eda+temp+acc": 1.0, "bvp+eda+temp+acc": 1.0}, "2": {"bvp": 0.885, "eda": 1.0, "temp": 1.0, "acc": 1.0, "bvp+eda": 0.997, "bvp+temp": 1.0, "bvp+acc": 1.0, "eda+temp": 1.0, "eda+acc": 1.0, "temp+acc": 1.0, "bvp+eda+temp": 1.0, "bvp+eda+acc": 1.0, "bvp+temp+acc": 1.0, "eda+temp+acc": 1.0, "bvp+eda+temp+acc": 1.0}, "3": {"bvp": 0.952, "eda": 1.0, "temp": 1.0, "acc": 1.0, "bvp+eda": 1.0, "bvp+temp": 1.0, "bvp+acc": 1.0, "eda+temp": 1.0, "eda+acc": 1.0, "temp+acc": 1.0, "bvp+eda+temp": 1.0, "bvp+eda+acc": 1.0, "bvp+temp+acc": 1.0, "eda+temp+acc": 1.0, "bvp+eda+temp+acc": 1.0}, "4": {"bvp": 0.978, "eda": 1.0, "temp": 1.0, "acc": 1.0, "bvp+eda": 1.0, "bvp+temp": 1.0, "bvp+acc": 1.0, "eda+temp": 1.0, "eda+acc": 1.0, "temp+acc": 1.0, "bvp+eda+temp": 1.0, "bvp+eda+acc": 1.0, "bvp+temp+acc": 1.0, "eda+temp+acc": 1.0, "bvp+eda+temp+acc": 1.0}, "5": {"bvp": 0.982, "eda": 1.0, "temp": 1.0, "acc": 1.0, "bvp+eda": 1.0, "bvp+temp": 1.0, "bvp+acc": 1.0, "eda+temp": 1.0, "eda+acc": 1.0, "temp+acc": 1.0, "bvp+eda+temp": 1.0, "bvp+eda+acc": 1.0, "bvp+temp+acc": 1.0, "eda+temp+acc": 1.0, "bvp+eda+temp+acc": 1.0}, "6": {"bvp": 0.989, "eda": 1.0, "temp": 1.0, "acc": 1.0, "bvp+eda": 1.0, "bvp+temp": 1.0, "bvp+acc": 1.0, "eda+temp": 1.0, "eda+acc": 1.0, "temp+acc": 1.0, "bvp+eda+temp": 1.0, "bvp+eda+acc": 1.0, "bvp+temp+acc": 1.0, "eda+temp+acc": 1.0, "bvp+eda+temp+acc": 1.0}, "7": {"bvp": 0.991, "eda": 1.0, "temp": 1.0, "acc": 1.0, "bvp+eda": 1.0, "bvp+temp": 1.0, "bvp+acc": 1.0, "eda+temp": 1.0, "eda+acc": 1.0, "temp+acc": 1.0, "bvp+eda+temp": 1.0, "bvp+eda+acc": 1.0, "bvp+temp+acc": 1.0, "eda+temp+acc": 1.0, "bvp+eda+temp+acc": 1.0}, "8": {"bvp": 0.995, "eda": 1.0, "temp": 1.0, "acc": 1.0, "bvp+eda": 1.0, "bvp+temp": 1.0, "bvp+acc": 1.0, "eda+temp": 1.0, "eda+acc": 1.0, "temp+acc": 1.0, "bvp+eda+temp": 1.0, "bvp+eda+acc": 1.0, "bvp+temp+acc": 1.0, "eda+temp+acc": 1.0, "bvp+eda+temp+acc": 1.0}, "9": {"bvp": 0.997, "eda": 1.0, "temp": 1.0, "acc": 1.0, "bvp+eda": 1.0, "bvp+temp": 1.0, "bvp+acc": 1.0, "eda+temp": 1.0, "eda+acc": 1.0, "temp+acc": 1.0, "bvp+eda+temp": 1.0, "bvp+eda+acc": 1.0, "bvp+temp+acc": 1.0, "eda+temp+acc": 1.0, "bvp+eda+temp+acc": 1.0}, "10": {"bvp": 0.999, "eda": 1.0, "temp": 1.0, "acc": 1.0, "bvp+eda": 1.0, "bvp+temp": 1.0, "bvp+acc": 1.0, "eda+temp": 1.0, "eda+acc": 1.0, "temp+acc": 1.0, "bvp+eda+temp": 1.0, "bvp+eda+acc": 1.0, "bvp+temp+acc": 1.0, "eda+temp+acc": 1.0, "bvp+eda+temp+acc": 1.0}, "11": {"bvp": 0.999, "eda": 1.0, "temp": 1.0, "acc": 1.0, "bvp+eda": 1.0, "bvp+temp": 1.0, "bvp+acc": 1.0, "eda+temp": 1.0, "eda+acc": 1.0, "temp+acc": 1.0, "bvp+eda+temp": 1.0, "bvp+eda+acc": 1.0, "bvp+temp+acc": 1.0, "eda+temp+acc": 1.0, "bvp+eda+temp+acc": 1.0}, "12": {"bvp": 0.999, "eda": 1.0, "temp": 1.0, "acc": 1.0, "bvp+eda": 1.0, "bvp+temp": 1.0, "bvp+acc": 1.0, "eda+temp": 1.0, "eda+acc": 1.0, "temp+acc": 1.0, "bvp+eda+temp": 1.0, "bvp+eda+acc": 1.0, "bvp+temp+acc": 1.0, "eda+temp+acc": 1.0, "bvp+eda+temp+acc": 1.0}, "13": {"bvp": 1.0, "eda": 1.0, "temp": 1.0, "acc": 1.0, "bvp+eda": 1.0, "bvp+temp": 1.0, "bvp+acc": 1.0, "eda+temp": 1.0, "eda+acc": 1.0, "temp+acc": 1.0, "bvp+eda+temp": 1.0, "bvp+eda+acc": 1.0, "bvp+temp+acc": 1.0, "eda+temp+acc": 1.0, "bvp+eda+temp+acc": 1.0}, "14": {"bvp": 1.0, "eda": 1.0, "temp": 1.0, "acc": 1.0, "bvp+eda": 1.0, "bvp+temp": 1.0, "bvp+acc": 1.0, "eda+temp": 1.0, "eda+acc": 1.0, "temp+acc": 1.0, "bvp+eda+temp": 1.0, "bvp+eda+acc": 1.0, "bvp+temp+acc": 1.0, "eda+temp+acc": 1.0, "bvp+eda+temp+acc": 1.0}, "15": {"bvp": 1.0, "eda": 1.0, "temp": 1.0, "acc": 1.0, "bvp+eda": 1.0, "bvp+temp": 1.0, "bvp+acc": 1.0, "eda+temp": 1.0, "eda+acc": 1.0, "temp+acc": 1.0, "bvp+eda+temp": 1.0, "bvp+eda+acc": 1.0, "bvp+temp+acc": 1.0, "eda+temp+acc": 1.0, "bvp+eda+temp+acc": 1.0}}