{"rank": {"bvp": [0, 0, 0, 0, 0, 0, 0, 0, 0, 0, 0, 0, 0, 0, 0], "eda": [0, 0, 5, 2, 1, 0, 5, 0, 3, 0, 0, 0, 3, 7, 4], "temp": [6, 0, 2, 0, 3, 1, 3, 0, 7, 9, 5, 10, 9, 11, 3], "acc": [5, 0, 10, 3, 0, 0, 2, 8, 8, 0, 0, 0, 0, 5, 2], "bvp+eda": [0, 0, 0, 0, 0, 0, 0, 0, 1, 0, 0, 0, 0, 3, 0], "bvp+temp": [2, 0, 0, 0, 1, 0, 1, 0, 3, 3, 1, 4, 2, 6, 1], "bvp+acc": [1, 0, 4, 1, 0, 0, 0, 2, 3, 0, 0, 0, 0, 0, 0], "eda+temp": [1, 0, 2, 1, 1, 0, 2, 0, 4, 2, 1, 2, 5, 10, 2], "eda+acc": [2, 0, 9, 1, 0, 0, 4, 3, 5, 0, 0, 0, 2, 5, 0], "temp+acc": [4, 0, 6, 1, 0, 0, 1, 2, 8, 3, 1, 3, 2, 10, 1], "bvp+eda+temp": [0, 0, 0, 0, 0, 0, 0, 0, 0, 0, 0, 1, 1, 5, 1], "bvp+eda+acc": [1, 0, 3, 0, 0, 0, 0, 1, 2, 0, 0, 0, 0, 1, 0], "bvp+temp+acc": [2, 0, 2, 0, 0, 0, 0, 1, 5, 0, 0, 1, 0, 3, 0], "eda+temp+acc": [2, 0, 6, 0, 0, 0, 1, 1, 7, 1, 1, 0, 2, 9, 0], "bvp+eda+temp+acc": [1, 0, 1, 0, 0, 0, 0, 0, 2, 0, 0, 0, 0, 4, 0]}, "score": {"bvp": [0, 0, 0, 0, 0, 0, 0, 0, 0, 0, 0, 0, 0, 0, 0], "eda": [0, 0, 5, 2, 1, 0, 5, 0, 3, 0, 0, 0, 3, 7, 4], "temp": [6, 0, 2, 0, 3, 1, 3, 0, 7, 9, 5, 10, 9, 11, 3], "acc": [5, 0, 10, 3, 0, 0, 2, 8, 8, 0, 0, 0, 0, 5, 2], "bvp+eda": [0, 0, 0, 0, 0, 0, 0, 0, 1, 0, 0, 0, 0, 2, 0], "bvp+temp": [3, 0, 0, 0, 0, 0, 1, 0, 4, 4, 0, 3, 6, 8, 0], "bvp+acc": [1, 0, 3, 0, 0, 0, 0, 0, 1, 0, 0, 0, 0, 1, 0], "eda+temp": [2, 0, 2, 0, 1, 0, 2, 0, 6, 1, 0, 5, 6, 8, 1], "eda+acc": [0, 0, 7, 1, 0, 0, 3, 1, 3, 0, 0, 0, 2, 4, 1], "temp+acc": [5, 0, 3, 0, 0, 0, 1, 0, 7, 5, 0, 6, 4, 11, 3], "bvp+eda+temp": [0, 0, 0, 0, 0, 0, 0, 0, 0, 0, 0, 1, 2, 7, 1], "bvp+eda+acc": [0, 0, 1, 0, 0, 0, 0, 0, 1, 0, 0, 0, 0, 1, 0], "bvp+temp+acc": [2, 0, 0, 0, 0, 0, 0, 0, 4, 0, 0, 1, 0, 6, 0], "eda+temp+acc": [1, 0, 3, 0, 0, 0, 1, 0, 7, 1, 0, 0, 3, 9, 1], "bvp+eda+temp+acc": [0, 0, 0, 0, 0, 0, 0, 0, 2, 0, 0, 0, 1, 6, 0]}}