{"rank": {"bvp": [0, 0, 0, 0, 0, 0, 0, 0, 0, 0, 0, 0, 0, 0, 0], "eda": [2, 9, 1, 1, 1, 1, 5, 1, 0, 0, 3, 0, 1, 4, 12], "temp": [0, 0, 1, 1, 10, 0, 1, 1, 9, 4, 0, 0, 12, 12, 0], "acc": [0, 1, 1, 0, 0, 0, 0, 0, 0, 0, 0, 0, 0, 0, 0], "bvp+eda": [0, 1, 0, 0, 0, 0, 1, 0, 0, 0, 1, 0, 0, 0, 5], "bvp+temp": [0, 0, 0, 0, 3, 0, 0, 0, 4, 1, 0, 0, 5, 6, 0], "bvp+acc": [0, 0, 0, 0, 0, 0, 0, 0, 0, 0, 0, 0, 0, 0, 0], "eda+temp": [0, 3, 0, 0, 6, 0, 1, 1, 2, 1, 0, 0, 6, 9, 5], "eda+acc": [0, 3, 0, 0, 0, 0, 1, 0, 0, 0, 1, 0, 0, 0, 4], "temp+acc": [0, 1, 1, 0, 5, 0, 0, 0, 2, 1, 0, 0, 6, 5, 0], "bvp+eda+temp": [0, 0, 0, 0, 2, 0, 1, 0, 2, 0, 0, 0, 1, 1, 2], "bvp+eda+acc": [0, 0, 0, 0, 0, 0, 0, 0, 0, 0, 0, 0, 0, 0, 1], "bvp+temp+acc": [0, 0, 0, 0, 0, 0, 0, 0, 0, 0, 0, 0, 1, 1, 0], "eda+temp+acc": [0, 1, 0, 0, 2, 0, 0, 0, 0, 0, 0, 0, 3, 3, 0], "bvp+eda+temp+acc": [0, 0, 0, 0, 1, 0, 0, 0, 0, 0, 0, 0, 0, 0, 0]}, "score": {"bvp": [0, 0, 0, 0, 0, 0, 0, 0, 0, 0, 0, 0, 0, 0, 0], "eda": [2, 9, 1, 1, 1, 1, 5, 1, 0, 0, 3, 0, 1, 4, 12], "temp": [0, 0, 1, 1, 10, 0, 1, 1, 9, 4, 0, 0, 12, 12, 0], "acc": [0, 1, 1, 0, 0, 0, 0, 0, 0, 0, 0, 0, 0, 0, 0], "bvp+eda": [0, 1, 0, 0, 0, 0, 2, 0, 0, 0, 0, 0, 0, 0, 7], "bvp+temp": [0, 0, 0, 0, 6, 0, 0, 0, 4, 0, 0, 0, 10, 10, 0], "bvp+acc": [0, 0, 0, 0, 0, 0, 0, 0, 0, 0, 0, 0, 0, 0, 0], "eda+temp": [0, 2, 0, 1, 7, 0, 1, 1, 2, 0, 0, 0, 11, 12, 6], "eda+acc": [0, 4, 0, 0, 0, 0, 1, 0, 0, 0, 1, 0, 0, 0, 10], "temp+acc": [0, 0, 1, 0, 4, 0, 0, 0, 7, 0, 0, 0, 10, 11, 0], "bvp+eda+temp": [0, 0, 0, 0, 3, 0, 1, 0, 1, 0, 0, 0, 5, 11, 2], "bvp+eda+acc": [0, 0, 0, 0, 0, 0, 0, 0, 0, 0, 0, 0, 0, 0, 4], "bvp+temp+acc": [0, 0, 0, 0, 0, 0, 0, 0, 0, 0, 0, 0, 5, 9, 0], "eda+temp+acc": [0, 0, 0, 0, 2, 0, 0, 0, 0, 0, 0, 0, 4, 10, 2], "bvp+eda+temp+acc": [0, 0, 0, 0, 0, 0, 0, 0, 0, 0, 0, 0, 2, 8, 1]}}