{"1": {"rank": 0.862, "score": 0.952, "mean": 0.907}, "2": {"rank": 0.939, "score": 0.965, "mean": 0.952}, "3": {"rank": 0.962, "score": 0.974, "mean": 0.968}, "4": {"rank": 0.977, "score": 0.982, "mean": 0.979}, "5": {"rank": 0.986, "score": 0.988, "mean": 0.987}, "6": {"rank": 0.991, "score": 0.992, "mean": 0.991}, "7": {"rank": 0.994, "score": 0.994, "mean": 0.994}, "8": {"rank": 0.996, "score": 0.996, "mean": 0.996}, "9": {"rank": 0.998, "score": 0.997, "mean": 0.997}, "10": {"rank": 0.998, "score": 0.998, "mean": 0.998}, "11": {"rank": 0.999, "score": 0.999, "mean": 0.999}, "12": {"rank": 1.0, "score": 1.0, "mean": 1.0}, "13": {"rank": 1.0, "score": 1.0, "mean": 1.0}, "14": {"rank": 1.0, "score": 1.0, "mean": 1.0}, "15": {"rank": 1.0, "score": 1.0, "mean": 1.0}}