{"1": {"non-stress": 0.945, "stress": 0.96}, "2": {"non-stress": 0.955, "stress": 0.974}, "3": {"non-stress": 0.963, "stress": 0.984}, "4": {"non-stress": 0.973, "stress": 0.99}, "5": {"non-stress": 0.981, "stress": 0.995}, "6": {"non-stress": 0.987, "stress": 0.997}, "7": {"non-stress": 0.99, "stress": 0.999}, "8": {"non-stress": 0.992, "stress": 0.999}, "9": {"non-stress": 0.995, "stress": 1.0}, "10": {"non-stress": 0.997, "stress": 1.0}, "11": {"non-stress": 0.998, "stress": 1.0}, "12": {"non-stress": 0.999, "stress": 1.0}, "13": {"non-stress": 1.0, "stress": 1.0}, "14": {"non-stress": 1.0, "stress": 1.0}, "15": {"non-stress": 1.0, "stress": 1.0}}