{"1": {"rank": 0.35, "score": 0.459, "mean": 0.405}, "2": {"rank": 0.512, "score": 0.57, "mean": 0.541}, "3": {"rank": 0.607, "score": 0.643, "mean": 0.625}, "4": {"rank": 0.681, "score": 0.693, "mean": 0.687}, "5": {"rank": 0.73, "score": 0.738, "mean": 0.734}, "6": {"rank": 0.789, "score": 0.778, "mean": 0.783}, "7": {"rank": 0.837, "score": 0.809, "mean": 0.823}, "8": {"rank": 0.867, "score": 0.839, "mean": 0.853}, "9": {"rank": 0.892, "score": 0.869, "mean": 0.881}, "10": {"rank": 0.921, "score": 0.901, "mean": 0.911}, "11": {"rank": 0.94, "score": 0.925, "mean": 0.933}, "12": {"rank": 0.956, "score": 0.949, "mean": 0.952}, "13": {"rank": 0.974, "score": 0.968, "mean": 0.971}, "14": {"rank": 0.989, "score": 0.985, "mean": 0.987}, "15": {"rank": 1.0, "score": 1.0, "mean": 1.0}}