{"1": {"non-stress": 0.56, "stress": 0.359}, "2": {"non-stress": 0.67, "stress": 0.47}, "3": {"non-stress": 0.758, "stress": 0.528}, "4": {"non-stress": 0.803, "stress": 0.584}, "5": {"non-stress": 0.843, "stress": 0.633}, "6": {"non-stress": 0.867, "stress": 0.689}, "7": {"non-stress": 0.885, "stress": 0.732}, "8": {"non-stress": 0.91, "stress": 0.769}, "9": {"non-stress": 0.924, "stress": 0.814}, "10": {"non-stress": 0.944, "stress": 0.858}, "11": {"non-stress": 0.96, "stress": 0.891}, "12": {"non-stress": 0.974, "stress": 0.923}, "13": {"non-stress": 0.986, "stress": 0.95}, "14": {"non-stress": 0.993, "stress": 0.976}, "15": {"non-stress": 1.0, "stress": 1.0}}