{"1": {"bvp": 0.87, "eda": 0.192, "temp": 0.052, "acc": 0.566, "bvp+eda": 0.637, "bvp+temp": 0.447, "bvp+acc": 0.913, "eda+temp": 0.106, "eda+acc": 0.439, "temp+acc": 0.334, "bvp+eda+temp": 0.468, "bvp+eda+acc": 0.795, "bvp+temp+acc": 0.697, "eda+temp+acc": 0.324, "bvp+eda+temp+acc": 0.653}, "2": {"bvp": 0.992, "eda": 0.274, "temp": 0.142, "acc": 0.723, "bvp+eda": 0.753, "bvp+temp": 0.6, "bvp+acc": 0.958, "eda+temp": 0.158, "eda+acc": 0.569, "temp+acc": 0.486, "bvp+eda+temp": 0.6, "bvp+eda+acc": 0.87, "bvp+temp+acc": 0.769, "eda+temp+acc": 0.48, "bvp+eda+temp+acc": 0.769}, "3": {"bvp": 1.0, "eda": 0.344, "temp": 0.193, "acc": 0.812, "bvp+eda": 0.848, "bvp+temp": 0.744, "bvp+acc": 0.967, "eda+temp": 0.254, "eda+acc": 0.7, "temp+acc": 0.588, "bvp+eda+temp": 0.726, "bvp+eda+acc": 0.896, "bvp+temp+acc": 0.835, "eda+temp+acc": 0.6, "bvp+eda+temp+acc": 0.826}, "4": {"bvp": 1.0, "eda": 0.438, "temp": 0.244, "acc": 0.864, "bvp+eda": 0.889, "bvp+temp": 0.777, "bvp+acc": 0.978, "eda+temp": 0.333, "eda+acc": 0.754, "temp+acc": 0.66, "bvp+eda+temp": 0.796, "bvp+eda+acc": 0.929, "bvp+temp+acc": 0.863, "eda+temp+acc": 0.658, "bvp+eda+temp+acc": 0.873}, "5": {"bvp": 1.0, "eda": 0.491, "temp": 0.324, "acc": 0.904, "bvp+eda": 0.935, "bvp+temp": 0.823, "bvp+acc": 0.983, "eda+temp": 0.432, "eda+acc": 0.784, "temp+acc": 0.692, "bvp+eda+temp": 0.868, "bvp+eda+acc": 0.941, "bvp+temp+acc": 0.897, "eda+temp+acc": 0.705, "bvp+eda+temp+acc": 0.914}, "6": {"bvp": 1.0, "eda": 0.53, "temp": 0.431, "acc": 0.92, "bvp+eda": 0.954, "bvp+temp": 0.844, "bvp+acc": 0.988, "eda+temp": 0.526, "eda+acc": 0.827, "temp+acc": 0.719, "bvp+eda+temp": 0.906, "bvp+eda+acc": 0.958, "bvp+temp+acc": 0.919, "eda+temp+acc": 0.74, "bvp+eda+temp+acc": 0.936}, "7": {"bvp": 1.0, "eda": 0.584, "temp": 0.476, "acc": 0.943, "bvp+eda": 0.961, "bvp+temp": 0.894, "bvp+acc": 0.992, "eda+temp": 0.582, "eda+acc": 0.858, "temp+acc": 0.746, "bvp+eda+temp": 0.934, "bvp+eda+acc": 0.968, "bvp+temp+acc": 0.935, "eda+temp+acc": 0.764, "bvp+eda+temp+acc": 0.949}, "8": {"bvp": 1.0, "eda": 0.643, "temp": 0.514, "acc": 0.967, "bvp+eda": 0.972, "bvp+temp": 0.932, "bvp+acc": 0.995, "eda+temp": 0.656, "eda+acc": 0.897, "temp+acc": 0.783, "bvp+eda+temp": 0.952, "bvp+eda+acc": 0.975, "bvp+temp+acc": 0.951, "eda+temp+acc": 0.819, "bvp+eda+temp+acc": 0.957}, "9": {"bvp": 1.0, "eda": 0.708, "temp": 0.558, "acc": 0.968, "bvp+eda": 0.977, "bvp+temp": 0.952, "bvp+acc": 1.0, "eda+temp": 0.718, "eda+acc": 0.93, "temp+acc": 0.827, "bvp+eda+temp": 0.96, "bvp+eda+acc": 0.98, "bvp+temp+acc": 0.968, "eda+temp+acc": 0.858, "bvp+eda+temp+acc": 0.967}, "10": {"bvp": 1.0, "eda": 0.798, "temp": 0.638, "acc": 0.975, "bvp+eda": 0.983, "bvp+temp": 0.963, "bvp+acc": 1.0, "eda+temp": 0.807, "eda+acc": 0.941, "temp+acc": 0.883, "bvp+eda+temp": 0.97, "bvp+eda+acc": 0.985, "bvp+temp+acc": 0.972, "eda+temp+acc": 0.885, "bvp+eda+temp+acc": 0.978}, "11": {"bvp": 1.0, "eda": 0.866, "temp": 0.703, "acc": 0.98, "bvp+eda": 0.99, "bvp+temp": 0.969, "bvp+acc": 1.0, "eda+temp": 0.855, "eda+acc": 0.955, "temp+acc": 0.909, "bvp+eda+temp": 0.985, "bvp+eda+acc": 0.992, "bvp+temp+acc": 0.978, "eda+temp+acc": 0.913, "bvp+eda+temp+acc": 0.988}, "12": {"bvp": 1.0, "eda": 0.928, "temp": 0.785, "acc": 0.982, "bvp+eda": 0.995, "bvp+temp": 0.977, "bvp+acc": 1.0, "eda+temp": 0.902, "eda+acc": 0.972, "temp+acc": 0.929, "bvp+eda+temp": 0.99, "bvp+eda+acc": 0.992, "bvp+temp+acc": 0.987, "eda+temp+acc": 0.951, "bvp+eda+temp+acc": 0.99}, "13": {"bvp": 1.0, "eda": 0.965, "temp": 0.86, "acc": 0.985, "bvp+eda": 0.995, "bvp+temp": 0.988, "bvp+acc": 1.0, "eda+temp": 0.951, "eda+acc": 0.983, "temp+acc": 0.951, "bvp+eda+temp": 0.993, "bvp+eda+acc": 0.995, "bvp+temp+acc": 0.993, "eda+temp+acc": 0.979, "bvp+eda+temp+acc": 0.993}, "14": {"bvp": 1.0, "eda": 0.989, "temp": 0.934, "acc": 0.993, "bvp+eda": 1.0, "bvp+temp": 0.995, "bvp+acc": 1.0, "eda+temp": 0.981, "eda+acc": 0.986, "temp+acc": 0.959, "bvp+eda+temp": 0.998, "bvp+eda+acc": 1.0, "bvp+temp+acc": 0.998, "eda+temp+acc": 0.99, "bvp+eda+temp+acc": 0.997}, "15": {"bvp": 1.0, "eda": 1.0, "temp": 1.0, "acc": 1.0, "bvp+eda": 1.0, "bvp+temp": 1.0, "bvp+acc": 1.0, "eda+temp": 1.0, "eda+acc": 1.0, "temp+acc": 1.0, "bvp+eda+temp": 1.0, "bvp+eda+acc": 1.0, "bvp+temp+acc": 1.0, "eda+temp+acc": 1.0, "bvp+eda+temp+acc": 1.0}}