{"rank": {"bvp": [0, 0, 0, 0, 0, 0, 0, 0, 0, 0, 0, 0, 0, 0, 0], "eda": [1, 1, 0, 1, 0, 0, 0, 0, 5, 0, 0, 0, 1, 5, 2], "temp": [0, 0, 0, 0, 0, 1, 0, 0, 7, 2, 4, 11, 4, 12, 1], "acc": [0, 0, 0, 1, 0, 0, 0, 0, 4, 0, 0, 1, 0, 4, 1], "bvp+eda": [0, 0, 0, 0, 0, 0, 0, 0, 0, 0, 0, 0, 0, 1, 1], "bvp+temp": [0, 0, 0, 0, 0, 0, 0, 0, 3, 0, 1, 6, 0, 6, 0], "bvp+acc": [0, 0, 0, 0, 0, 0, 0, 0, 2, 0, 0, 0, 0, 0, 0], "eda+temp": [0, 0, 0, 0, 0, 0, 0, 0, 6, 0, 1, 7, 1, 8, 1], "eda+acc": [0, 0, 0, 1, 0, 0, 0, 0, 2, 0, 0, 0, 0, 4, 0], "temp+acc": [0, 0, 0, 0, 0, 0, 0, 0, 6, 0, 1, 5, 0, 10, 0], "bvp+eda+temp": [0, 0, 0, 0, 0, 0, 0, 0, 1, 0, 0, 2, 0, 6, 0], "bvp+eda+acc": [0, 0, 0, 0, 0, 0, 0, 0, 0, 0, 0, 0, 0, 1, 0], "bvp+temp+acc": [0, 0, 0, 0, 0, 0, 0, 0, 3, 0, 0, 1, 0, 3, 0], "eda+temp+acc": [0, 0, 0, 0, 0, 0, 0, 0, 3, 0, 0, 3, 0, 7, 0], "bvp+eda+temp+acc": [0, 0, 0, 0, 0, 0, 0, 0, 1, 0, 0, 1, 0, 3, 0]}, "score": {"bvp": [0, 0, 0, 0, 0, 0, 0, 0, 0, 0, 0, 0, 0, 0, 0], "eda": [1, 1, 0, 1, 0, 0, 0, 0, 5, 0, 0, 0, 1, 5, 2], "temp": [0, 0, 0, 0, 0, 1, 0, 0, 7, 2, 4, 11, 4, 12, 1], "acc": [0, 0, 0, 1, 0, 0, 0, 0, 4, 0, 0, 1, 0, 4, 1], "bvp+eda": [0, 0, 0, 0, 0, 0, 0, 0, 0, 0, 0, 0, 0, 5, 1], "bvp+temp": [0, 0, 0, 0, 0, 0, 0, 0, 1, 2, 1, 1, 2, 10, 1], "bvp+acc": [0, 0, 0, 0, 0, 0, 0, 0, 1, 0, 0, 0, 0, 1, 0], "eda+temp": [0, 0, 0, 0, 0, 0, 0, 0, 4, 0, 0, 1, 0, 9, 0], "eda+acc": [0, 0, 0, 1, 0, 0, 0, 0, 2, 0, 0, 0, 0, 5, 1], "temp+acc": [0, 0, 0, 0, 0, 0, 0, 0, 4, 0, 0, 5, 1, 12, 0], "bvp+eda+temp": [0, 0, 0, 0, 0, 0, 0, 0, 0, 0, 0, 0, 0, 9, 0], "bvp+eda+acc": [0, 0, 0, 0, 0, 0, 0, 0, 0, 0, 0, 0, 0, 4, 0], "bvp+temp+acc": [0, 0, 0, 0, 0, 0, 0, 0, 0, 0, 0, 0, 0, 9, 0], "eda+temp+acc": [0, 0, 0, 0, 0, 0, 0, 0, 3, 0, 0, 1, 0, 8, 0], "bvp+eda+temp+acc": [0, 0, 0, 0, 0, 0, 0, 0, 0, 0, 0, 0, 0, 8, 0]}}