{"1": {"precision": 1.0, "weights": [{"bvp": 0.2, "eda": 0.0, "temp": 0.0, "acc": 0.8}, {"bvp": 0.2, "eda": 0.0, "temp": 0.2, "acc": 0.6}, {"bvp": 0.2, "eda": 0.0, "temp": 0.4, "acc": 0.4}, {"bvp": 0.2, "eda": 0.0, "temp": 0.6, "acc": 0.2}, {"bvp": 0.2, "eda": 0.0, "temp": 0.8, "acc": 0.0}, {"bvp": 0.2, "eda": 0.2, "temp": 0.0, "acc": 0.6}, {"bvp": 0.2, "eda": 0.2, "temp": 0.2, "acc": 0.4}, {"bvp": 0.2, "eda": 0.2, "temp": 0.4, "acc": 0.2}, {"bvp": 0.2, "eda": 0.2, "temp": 0.6, "acc": 0.0}, {"bvp": 0.2, "eda": 0.4, "temp": 0.0, "acc": 0.4}, {"bvp": 0.2, "eda": 0.4, "temp": 0.2, "acc": 0.2}, {"bvp": 0.2, "eda": 0.4, "temp": 0.4, "acc": 0.0}, {"bvp": 0.2, "eda": 0.6, "temp": 0.0, "acc": 0.2}, {"bvp": 0.2, "eda": 0.6, "temp": 0.2, "acc": 0.0}, {"bvp": 0.2, "eda": 0.8, "temp": 0.0, "acc": 0.0}, {"bvp": 0.4, "eda": 0.0, "temp": 0.0, "acc": 0.6}, {"bvp": 0.4, "eda": 0.0, "temp": 0.2, "acc": 0.4}, {"bvp": 0.4, "eda": 0.0, "temp": 0.4, "acc": 0.2}, {"bvp": 0.4, "eda": 0.0, "temp": 0.6, "acc": 0.0}, {"bvp": 0.4, "eda": 0.2, "temp": 0.0, "acc": 0.4}, {"bvp": 0.4, "eda": 0.2, "temp": 0.2, "acc": 0.2}, {"bvp": 0.4, "eda": 0.2, "temp": 0.4, "acc": 0.0}, {"bvp": 0.4, "eda": 0.4, "temp": 0.0, "acc": 0.2}, {"bvp": 0.4, "eda": 0.4, "temp": 0.2, "acc": 0.0}, {"bvp": 0.4, "eda": 0.6, "temp": 0.0, "acc": 0.0}, {"bvp": 0.6, "eda": 0.0, "temp": 0.0, "acc": 0.4}, {"bvp": 0.6, "eda": 0.0, "temp": 0.2, "acc": 0.2}, {"bvp": 0.6, "eda": 0.0, "temp": 0.4, "acc": 0.0}, {"bvp": 0.6, "eda": 0.2, "temp": 0.0, "acc": 0.2}, {"bvp": 0.6, "eda": 0.2, "temp": 0.2, "acc": 0.0}, {"bvp": 0.6, "eda": 0.4, "temp": 0.0, "acc": 0.0}, {"bvp": 0.8, "eda": 0.0, "temp": 0.0, "acc": 0.2}, {"bvp": 0.8, "eda": 0.0, "temp": 0.2, "acc": 0.0}, {"bvp": 0.8, "eda": 0.2, "temp": 0.0, "acc": 0.0}, {"bvp": 1.0, "eda": 0.0, "temp": 0.0, "acc": 0.0}]}, "2": {"precision": 1.0, "weights": [{"bvp": 0.2, "eda": 0.0, "temp": 0.0, "acc": 0.8}, {"bvp": 0.2, "eda": 0.0, "temp": 0.2, "acc": 0.6}, {"bvp": 0.2, "eda": 0.0, "temp": 0.4, "acc": 0.4}, {"bvp": 0.2, "eda": 0.0, "temp": 0.6, "acc": 0.2}, {"bvp": 0.2, "eda": 0.0, "temp": 0.8, "acc": 0.0}, {"bvp": 0.2, "eda": 0.2, "temp": 0.0, "acc": 0.6}, {"bvp": 0.2, "eda": 0.2, "temp": 0.2, "acc": 0.4}, {"bvp": 0.2, "eda": 0.2, "temp": 0.4, "acc": 0.2}, {"bvp": 0.2, "eda": 0.2, "temp": 0.6, "acc": 0.0}, {"bvp": 0.2, "eda": 0.4, "temp": 0.0, "acc": 0.4}, {"bvp": 0.2, "eda": 0.4, "temp": 0.2, "acc": 0.2}, {"bvp": 0.2, "eda": 0.4, "temp": 0.4, "acc": 0.0}, {"bvp": 0.2, "eda": 0.6, "temp": 0.0, "acc": 0.2}, {"bvp": 0.2, "eda": 0.6, "temp": 0.2, "acc": 0.0}, {"bvp": 0.2, "eda": 0.8, "temp": 0.0, "acc": 0.0}, {"bvp": 0.4, "eda": 0.0, "temp": 0.0, "acc": 0.6}, {"bvp": 0.4, "eda": 0.0, "temp": 0.2, "acc": 0.4}, {"bvp": 0.4, "eda": 0.0, "temp": 0.4, "acc": 0.2}, {"bvp": 0.4, "eda": 0.0, "temp": 0.6, "acc": 0.0}, {"bvp": 0.4, "eda": 0.2, "temp": 0.0, "acc": 0.4}, {"bvp": 0.4, "eda": 0.2, "temp": 0.2, "acc": 0.2}, {"bvp": 0.4, "eda": 0.2, "temp": 0.4, "acc": 0.0}, {"bvp": 0.4, "eda": 0.4, "temp": 0.0, "acc": 0.2}, {"bvp": 0.4, "eda": 0.4, "temp": 0.2, "acc": 0.0}, {"bvp": 0.4, "eda": 0.6, "temp": 0.0, "acc": 0.0}, {"bvp": 0.6, "eda": 0.0, "temp": 0.0, "acc": 0.4}, {"bvp": 0.6, "eda": 0.0, "temp": 0.2, "acc": 0.2}, {"bvp": 0.6, "eda": 0.0, "temp": 0.4, "acc": 0.0}, {"bvp": 0.6, "eda": 0.2, "temp": 0.0, "acc": 0.2}, {"bvp": 0.6, "eda": 0.2, "temp": 0.2, "acc": 0.0}, {"bvp": 0.6, "eda": 0.4, "temp": 0.0, "acc": 0.0}, {"bvp": 0.8, "eda": 0.0, "temp": 0.0, "acc": 0.2}, {"bvp": 0.8, "eda": 0.0, "temp": 0.2, "acc": 0.0}, {"bvp": 0.8, "eda": 0.2, "temp": 0.0, "acc": 0.0}, {"bvp": 1.0, "eda": 0.0, "temp": 0.0, "acc": 0.0}]}, "3": {"precision": 1.0, "weights": [{"bvp": 0.2, "eda": 0.0, "temp": 0.0, "acc": 0.8}, {"bvp": 0.2, "eda": 0.0, "temp": 0.2, "acc": 0.6}, {"bvp": 0.2, "eda": 0.0, "temp": 0.4, "acc": 0.4}, {"bvp": 0.2, "eda": 0.0, "temp": 0.6, "acc": 0.2}, {"bvp": 0.2, "eda": 0.0, "temp": 0.8, "acc": 0.0}, {"bvp": 0.2, "eda": 0.2, "temp": 0.0, "acc": 0.6}, {"bvp": 0.2, "eda": 0.2, "temp": 0.2, "acc": 0.4}, {"bvp": 0.2, "eda": 0.2, "temp": 0.4, "acc": 0.2}, {"bvp": 0.2, "eda": 0.2, "temp": 0.6, "acc": 0.0}, {"bvp": 0.2, "eda": 0.4, "temp": 0.0, "acc": 0.4}, {"bvp": 0.2, "eda": 0.4, "temp": 0.2, "acc": 0.2}, {"bvp": 0.2, "eda": 0.4, "temp": 0.4, "acc": 0.0}, {"bvp": 0.2, "eda": 0.6, "temp": 0.0, "acc": 0.2}, {"bvp": 0.2, "eda": 0.6, "temp": 0.2, "acc": 0.0}, {"bvp": 0.2, "eda": 0.8, "temp": 0.0, "acc": 0.0}, {"bvp": 0.4, "eda": 0.0, "temp": 0.0, "acc": 0.6}, {"bvp": 0.4, "eda": 0.0, "temp": 0.2, "acc": 0.4}, {"bvp": 0.4, "eda": 0.0, "temp": 0.4, "acc": 0.2}, {"bvp": 0.4, "eda": 0.0, "temp": 0.6, "acc": 0.0}, {"bvp": 0.4, "eda": 0.2, "temp": 0.0, "acc": 0.4}, {"bvp": 0.4, "eda": 0.2, "temp": 0.2, "acc": 0.2}, {"bvp": 0.4, "eda": 0.2, "temp": 0.4, "acc": 0.0}, {"bvp": 0.4, "eda": 0.4, "temp": 0.0, "acc": 0.2}, {"bvp": 0.4, "eda": 0.4, "temp": 0.2, "acc": 0.0}, {"bvp": 0.4, "eda": 0.6, "temp": 0.0, "acc": 0.0}, {"bvp": 0.6, "eda": 0.0, "temp": 0.0, "acc": 0.4}, {"bvp": 0.6, "eda": 0.0, "temp": 0.2, "acc": 0.2}, {"bvp": 0.6, "eda": 0.0, "temp": 0.4, "acc": 0.0}, {"bvp": 0.6, "eda": 0.2, "temp": 0.0, "acc": 0.2}, {"bvp": 0.6, "eda": 0.2, "temp": 0.2, "acc": 0.0}, {"bvp": 0.6, "eda": 0.4, "temp": 0.0, "acc": 0.0}, {"bvp": 0.8, "eda": 0.0, "temp": 0.0, "acc": 0.2}, {"bvp": 0.8, "eda": 0.0, "temp": 0.2, "acc": 0.0}, {"bvp": 0.8, "eda": 0.2, "temp": 0.0, "acc": 0.0}, {"bvp": 1.0, "eda": 0.0, "temp": 0.0, "acc": 0.0}]}, "4": {"precision": 1.0, "weights": [{"bvp": 0.2, "eda": 0.0, "temp": 0.0, "acc": 0.8}, {"bvp": 0.2, "eda": 0.0, "temp": 0.2, "acc": 0.6}, {"bvp": 0.2, "eda": 0.0, "temp": 0.4, "acc": 0.4}, {"bvp": 0.2, "eda": 0.0, "temp": 0.6, "acc": 0.2}, {"bvp": 0.2, "eda": 0.0, "temp": 0.8, "acc": 0.0}, {"bvp": 0.2, "eda": 0.2, "temp": 0.0, "acc": 0.6}, {"bvp": 0.2, "eda": 0.2, "temp": 0.2, "acc": 0.4}, {"bvp": 0.2, "eda": 0.2, "temp": 0.4, "acc": 0.2}, {"bvp": 0.2, "eda": 0.2, "temp": 0.6, "acc": 0.0}, {"bvp": 0.2, "eda": 0.4, "temp": 0.0, "acc": 0.4}, {"bvp": 0.2, "eda": 0.4, "temp": 0.2, "acc": 0.2}, {"bvp": 0.2, "eda": 0.4, "temp": 0.4, "acc": 0.0}, {"bvp": 0.2, "eda": 0.6, "temp": 0.0, "acc": 0.2}, {"bvp": 0.2, "eda": 0.6, "temp": 0.2, "acc": 0.0}, {"bvp": 0.2, "eda": 0.8, "temp": 0.0, "acc": 0.0}, {"bvp": 0.4, "eda": 0.0, "temp": 0.0, "acc": 0.6}, {"bvp": 0.4, "eda": 0.0, "temp": 0.2, "acc": 0.4}, {"bvp": 0.4, "eda": 0.0, "temp": 0.4, "acc": 0.2}, {"bvp": 0.4, "eda": 0.0, "temp": 0.6, "acc": 0.0}, {"bvp": 0.4, "eda": 0.2, "temp": 0.0, "acc": 0.4}, {"bvp": 0.4, "eda": 0.2, "temp": 0.2, "acc": 0.2}, {"bvp": 0.4, "eda": 0.2, "temp": 0.4, "acc": 0.0}, {"bvp": 0.4, "eda": 0.4, "temp": 0.0, "acc": 0.2}, {"bvp": 0.4, "eda": 0.4, "temp": 0.2, "acc": 0.0}, {"bvp": 0.4, "eda": 0.6, "temp": 0.0, "acc": 0.0}, {"bvp": 0.6, "eda": 0.0, "temp": 0.0, "acc": 0.4}, {"bvp": 0.6, "eda": 0.0, "temp": 0.2, "acc": 0.2}, {"bvp": 0.6, "eda": 0.0, "temp": 0.4, "acc": 0.0}, {"bvp": 0.6, "eda": 0.2, "temp": 0.0, "acc": 0.2}, {"bvp": 0.6, "eda": 0.2, "temp": 0.2, "acc": 0.0}, {"bvp": 0.6, "eda": 0.4, "temp": 0.0, "acc": 0.0}, {"bvp": 0.8, "eda": 0.0, "temp": 0.0, "acc": 0.2}, {"bvp": 0.8, "eda": 0.0, "temp": 0.2, "acc": 0.0}, {"bvp": 0.8, "eda": 0.2, "temp": 0.0, "acc": 0.0}, {"bvp": 1.0, "eda": 0.0, "temp": 0.0, "acc": 0.0}]}, "5": {"precision": 1.0, "weights": [{"bvp": 0.0, "eda": 0.0, "temp": 0.0, "acc": 1.0}, {"bvp": 0.0, "eda": 0.0, "temp": 0.2, "acc": 0.8}, {"bvp": 0.0, "eda": 0.0, "temp": 0.4, "acc": 0.6}, {"bvp": 0.0, "eda": 0.0, "temp": 0.6, "acc": 0.4}, {"bvp": 0.0, "eda": 0.0, "temp": 0.8, "acc": 0.2}, {"bvp": 0.0, "eda": 0.2, "temp": 0.0, "acc": 0.8}, {"bvp": 0.0, "eda": 0.2, "temp": 0.2, "acc": 0.6}, {"bvp": 0.0, "eda": 0.2, "temp": 0.4, "acc": 0.4}, {"bvp": 0.0, "eda": 0.2, "temp": 0.6, "acc": 0.2}, {"bvp": 0.0, "eda": 0.4, "temp": 0.0, "acc": 0.6}, {"bvp": 0.0, "eda": 0.4, "temp": 0.2, "acc": 0.4}, {"bvp": 0.0, "eda": 0.4, "temp": 0.4, "acc": 0.2}, {"bvp": 0.0, "eda": 0.6, "temp": 0.0, "acc": 0.4}, {"bvp": 0.0, "eda": 0.6, "temp": 0.2, "acc": 0.2}, {"bvp": 0.0, "eda": 0.8, "temp": 0.0, "acc": 0.2}, {"bvp": 0.2, "eda": 0.0, "temp": 0.0, "acc": 0.8}, {"bvp": 0.2, "eda": 0.0, "temp": 0.2, "acc": 0.6}, {"bvp": 0.2, "eda": 0.0, "temp": 0.4, "acc": 0.4}, {"bvp": 0.2, "eda": 0.0, "temp": 0.6, "acc": 0.2}, {"bvp": 0.2, "eda": 0.0, "temp": 0.8, "acc": 0.0}, {"bvp": 0.2, "eda": 0.2, "temp": 0.0, "acc": 0.6}, {"bvp": 0.2, "eda": 0.2, "temp": 0.2, "acc": 0.4}, {"bvp": 0.2, "eda": 0.2, "temp": 0.4, "acc": 0.2}, {"bvp": 0.2, "eda": 0.2, "temp": 0.6, "acc": 0.0}, {"bvp": 0.2, "eda": 0.4, "temp": 0.0, "acc": 0.4}, {"bvp": 0.2, "eda": 0.4, "temp": 0.2, "acc": 0.2}, {"bvp": 0.2, "eda": 0.4, "temp": 0.4, "acc": 0.0}, {"bvp": 0.2, "eda": 0.6, "temp": 0.0, "acc": 0.2}, {"bvp": 0.2, "eda": 0.6, "temp": 0.2, "acc": 0.0}, {"bvp": 0.2, "eda": 0.8, "temp": 0.0, "acc": 0.0}, {"bvp": 0.4, "eda": 0.0, "temp": 0.0, "acc": 0.6}, {"bvp": 0.4, "eda": 0.0, "temp": 0.2, "acc": 0.4}, {"bvp": 0.4, "eda": 0.0, "temp": 0.4, "acc": 0.2}, {"bvp": 0.4, "eda": 0.0, "temp": 0.6, "acc": 0.0}, {"bvp": 0.4, "eda": 0.2, "temp": 0.0, "acc": 0.4}, {"bvp": 0.4, "eda": 0.2, "temp": 0.2, "acc": 0.2}, {"bvp": 0.4, "eda": 0.2, "temp": 0.4, "acc": 0.0}, {"bvp": 0.4, "eda": 0.4, "temp": 0.0, "acc": 0.2}, {"bvp": 0.4, "eda": 0.4, "temp": 0.2, "acc": 0.0}, {"bvp": 0.4, "eda": 0.6, "temp": 0.0, "acc": 0.0}, {"bvp": 0.6, "eda": 0.0, "temp": 0.0, "acc": 0.4}, {"bvp": 0.6, "eda": 0.0, "temp": 0.2, "acc": 0.2}, {"bvp": 0.6, "eda": 0.0, "temp": 0.4, "acc": 0.0}, {"bvp": 0.6, "eda": 0.2, "temp": 0.0, "acc": 0.2}, {"bvp": 0.6, "eda": 0.2, "temp": 0.2, "acc": 0.0}, {"bvp": 0.6, "eda": 0.4, "temp": 0.0, "acc": 0.0}, {"bvp": 0.8, "eda": 0.0, "temp": 0.0, "acc": 0.2}, {"bvp": 0.8, "eda": 0.0, "temp": 0.2, "acc": 0.0}, {"bvp": 0.8, "eda": 0.2, "temp": 0.0, "acc": 0.0}, {"bvp": 1.0, "eda": 0.0, "temp": 0.0, "acc": 0.0}]}, "6": {"precision": 1.0, "weights": [{"bvp": 0.0, "eda": 0.0, "temp": 0.0, "acc": 1.0}, {"bvp": 0.0, "eda": 0.0, "temp": 0.2, "acc": 0.8}, {"bvp": 0.0, "eda": 0.0, "temp": 0.4, "acc": 0.6}, {"bvp": 0.0, "eda": 0.0, "temp": 0.6, "acc": 0.4}, {"bvp": 0.0, "eda": 0.0, "temp": 0.8, "acc": 0.2}, {"bvp": 0.0, "eda": 0.2, "temp": 0.0, "acc": 0.8}, {"bvp": 0.0, "eda": 0.2, "temp": 0.2, "acc": 0.6}, {"bvp": 0.0, "eda": 0.2, "temp": 0.4, "acc": 0.4}, {"bvp": 0.0, "eda": 0.2, "temp": 0.6, "acc": 0.2}, {"bvp": 0.0, "eda": 0.2, "temp": 0.8, "acc": 0.0}, {"bvp": 0.0, "eda": 0.4, "temp": 0.0, "acc": 0.6}, {"bvp": 0.0, "eda": 0.4, "temp": 0.2, "acc": 0.4}, {"bvp": 0.0, "eda": 0.4, "temp": 0.4, "acc": 0.2}, {"bvp": 0.0, "eda": 0.4, "temp": 0.6, "acc": 0.0}, {"bvp": 0.0, "eda": 0.6, "temp": 0.0, "acc": 0.4}, {"bvp": 0.0, "eda": 0.6, "temp": 0.2, "acc": 0.2}, {"bvp": 0.0, "eda": 0.6, "temp": 0.4, "acc": 0.0}, {"bvp": 0.0, "eda": 0.8, "temp": 0.0, "acc": 0.2}, {"bvp": 0.0, "eda": 0.8, "temp": 0.2, "acc": 0.0}, {"bvp": 0.0, "eda": 1.0, "temp": 0.0, "acc": 0.0}, {"bvp": 0.2, "eda": 0.0, "temp": 0.0, "acc": 0.8}, {"bvp": 0.2, "eda": 0.0, "temp": 0.2, "acc": 0.6}, {"bvp": 0.2, "eda": 0.0, "temp": 0.4, "acc": 0.4}, {"bvp": 0.2, "eda": 0.0, "temp": 0.6, "acc": 0.2}, {"bvp": 0.2, "eda": 0.0, "temp": 0.8, "acc": 0.0}, {"bvp": 0.2, "eda": 0.2, "temp": 0.0, "acc": 0.6}, {"bvp": 0.2, "eda": 0.2, "temp": 0.2, "acc": 0.4}, {"bvp": 0.2, "eda": 0.2, "temp": 0.4, "acc": 0.2}, {"bvp": 0.2, "eda": 0.2, "temp": 0.6, "acc": 0.0}, {"bvp": 0.2, "eda": 0.4, "temp": 0.0, "acc": 0.4}, {"bvp": 0.2, "eda": 0.4, "temp": 0.2, "acc": 0.2}, {"bvp": 0.2, "eda": 0.4, "temp": 0.4, "acc": 0.0}, {"bvp": 0.2, "eda": 0.6, "temp": 0.0, "acc": 0.2}, {"bvp": 0.2, "eda": 0.6, "temp": 0.2, "acc": 0.0}, {"bvp": 0.2, "eda": 0.8, "temp": 0.0, "acc": 0.0}, {"bvp": 0.4, "eda": 0.0, "temp": 0.0, "acc": 0.6}, {"bvp": 0.4, "eda": 0.0, "temp": 0.2, "acc": 0.4}, {"bvp": 0.4, "eda": 0.0, "temp": 0.4, "acc": 0.2}, {"bvp": 0.4, "eda": 0.0, "temp": 0.6, "acc": 0.0}, {"bvp": 0.4, "eda": 0.2, "temp": 0.0, "acc": 0.4}, {"bvp": 0.4, "eda": 0.2, "temp": 0.2, "acc": 0.2}, {"bvp": 0.4, "eda": 0.2, "temp": 0.4, "acc": 0.0}, {"bvp": 0.4, "eda": 0.4, "temp": 0.0, "acc": 0.2}, {"bvp": 0.4, "eda": 0.4, "temp": 0.2, "acc": 0.0}, {"bvp": 0.4, "eda": 0.6, "temp": 0.0, "acc": 0.0}, {"bvp": 0.6, "eda": 0.0, "temp": 0.0, "acc": 0.4}, {"bvp": 0.6, "eda": 0.0, "temp": 0.2, "acc": 0.2}, {"bvp": 0.6, "eda": 0.0, "temp": 0.4, "acc": 0.0}, {"bvp": 0.6, "eda": 0.2, "temp": 0.0, "acc": 0.2}, {"bvp": 0.6, "eda": 0.2, "temp": 0.2, "acc": 0.0}, {"bvp": 0.6, "eda": 0.4, "temp": 0.0, "acc": 0.0}, {"bvp": 0.8, "eda": 0.0, "temp": 0.0, "acc": 0.2}, {"bvp": 0.8, "eda": 0.0, "temp": 0.2, "acc": 0.0}, {"bvp": 0.8, "eda": 0.2, "temp": 0.0, "acc": 0.0}, {"bvp": 1.0, "eda": 0.0, "temp": 0.0, "acc": 0.0}]}, "7": {"precision": 1.0, "weights": [{"bvp": 0.0, "eda": 0.0, "temp": 0.0, "acc": 1.0}, {"bvp": 0.0, "eda": 0.0, "temp": 0.2, "acc": 0.8}, {"bvp": 0.0, "eda": 0.0, "temp": 0.4, "acc": 0.6}, {"bvp": 0.0, "eda": 0.0, "temp": 0.6, "acc": 0.4}, {"bvp": 0.0, "eda": 0.0, "temp": 0.8, "acc": 0.2}, {"bvp": 0.0, "eda": 0.2, "temp": 0.0, "acc": 0.8}, {"bvp": 0.0, "eda": 0.2, "temp": 0.2, "acc": 0.6}, {"bvp": 0.0, "eda": 0.2, "temp": 0.4, "acc": 0.4}, {"bvp": 0.0, "eda": 0.2, "temp": 0.6, "acc": 0.2}, {"bvp": 0.0, "eda": 0.2, "temp": 0.8, "acc": 0.0}, {"bvp": 0.0, "eda": 0.4, "temp": 0.0, "acc": 0.6}, {"bvp": 0.0, "eda": 0.4, "temp": 0.2, "acc": 0.4}, {"bvp": 0.0, "eda": 0.4, "temp": 0.4, "acc": 0.2}, {"bvp": 0.0, "eda": 0.4, "temp": 0.6, "acc": 0.0}, {"bvp": 0.0, "eda": 0.6, "temp": 0.0, "acc": 0.4}, {"bvp": 0.0, "eda": 0.6, "temp": 0.2, "acc": 0.2}, {"bvp": 0.0, "eda": 0.6, "temp": 0.4, "acc": 0.0}, {"bvp": 0.0, "eda": 0.8, "temp": 0.0, "acc": 0.2}, {"bvp": 0.0, "eda": 0.8, "temp": 0.2, "acc": 0.0}, {"bvp": 0.0, "eda": 1.0, "temp": 0.0, "acc": 0.0}, {"bvp": 0.2, "eda": 0.0, "temp": 0.0, "acc": 0.8}, {"bvp": 0.2, "eda": 0.0, "temp": 0.2, "acc": 0.6}, {"bvp": 0.2, "eda": 0.0, "temp": 0.4, "acc": 0.4}, {"bvp": 0.2, "eda": 0.0, "temp": 0.6, "acc": 0.2}, {"bvp": 0.2, "eda": 0.0, "temp": 0.8, "acc": 0.0}, {"bvp": 0.2, "eda": 0.2, "temp": 0.0, "acc": 0.6}, {"bvp": 0.2, "eda": 0.2, "temp": 0.2, "acc": 0.4}, {"bvp": 0.2, "eda": 0.2, "temp": 0.4, "acc": 0.2}, {"bvp": 0.2, "eda": 0.2, "temp": 0.6, "acc": 0.0}, {"bvp": 0.2, "eda": 0.4, "temp": 0.0, "acc": 0.4}, {"bvp": 0.2, "eda": 0.4, "temp": 0.2, "acc": 0.2}, {"bvp": 0.2, "eda": 0.4, "temp": 0.4, "acc": 0.0}, {"bvp": 0.2, "eda": 0.6, "temp": 0.0, "acc": 0.2}, {"bvp": 0.2, "eda": 0.6, "temp": 0.2, "acc": 0.0}, {"bvp": 0.2, "eda": 0.8, "temp": 0.0, "acc": 0.0}, {"bvp": 0.4, "eda": 0.0, "temp": 0.0, "acc": 0.6}, {"bvp": 0.4, "eda": 0.0, "temp": 0.2, "acc": 0.4}, {"bvp": 0.4, "eda": 0.0, "temp": 0.4, "acc": 0.2}, {"bvp": 0.4, "eda": 0.0, "temp": 0.6, "acc": 0.0}, {"bvp": 0.4, "eda": 0.2, "temp": 0.0, "acc": 0.4}, {"bvp": 0.4, "eda": 0.2, "temp": 0.2, "acc": 0.2}, {"bvp": 0.4, "eda": 0.2, "temp": 0.4, "acc": 0.0}, {"bvp": 0.4, "eda": 0.4, "temp": 0.0, "acc": 0.2}, {"bvp": 0.4, "eda": 0.4, "temp": 0.2, "acc": 0.0}, {"bvp": 0.4, "eda": 0.6, "temp": 0.0, "acc": 0.0}, {"bvp": 0.6, "eda": 0.0, "temp": 0.0, "acc": 0.4}, {"bvp": 0.6, "eda": 0.0, "temp": 0.2, "acc": 0.2}, {"bvp": 0.6, "eda": 0.0, "temp": 0.4, "acc": 0.0}, {"bvp": 0.6, "eda": 0.2, "temp": 0.0, "acc": 0.2}, {"bvp": 0.6, "eda": 0.2, "temp": 0.2, "acc": 0.0}, {"bvp": 0.6, "eda": 0.4, "temp": 0.0, "acc": 0.0}, {"bvp": 0.8, "eda": 0.0, "temp": 0.0, "acc": 0.2}, {"bvp": 0.8, "eda": 0.0, "temp": 0.2, "acc": 0.0}, {"bvp": 0.8, "eda": 0.2, "temp": 0.0, "acc": 0.0}, {"bvp": 1.0, "eda": 0.0, "temp": 0.0, "acc": 0.0}]}, "8": {"precision": 1.0, "weights": [{"bvp": 0.0, "eda": 0.0, "temp": 0.0, "acc": 1.0}, {"bvp": 0.0, "eda": 0.0, "temp": 0.2, "acc": 0.8}, {"bvp": 0.0, "eda": 0.0, "temp": 0.4, "acc": 0.6}, {"bvp": 0.0, "eda": 0.0, "temp": 0.6, "acc": 0.4}, {"bvp": 0.0, "eda": 0.0, "temp": 0.8, "acc": 0.2}, {"bvp": 0.0, "eda": 0.0, "temp": 1.0, "acc": 0.0}, {"bvp": 0.0, "eda": 0.2, "temp": 0.0, "acc": 0.8}, {"bvp": 0.0, "eda": 0.2, "temp": 0.2, "acc": 0.6}, {"bvp": 0.0, "eda": 0.2, "temp": 0.4, "acc": 0.4}, {"bvp": 0.0, "eda": 0.2, "temp": 0.6, "acc": 0.2}, {"bvp": 0.0, "eda": 0.2, "temp": 0.8, "acc": 0.0}, {"bvp": 0.0, "eda": 0.4, "temp": 0.0, "acc": 0.6}, {"bvp": 0.0, "eda": 0.4, "temp": 0.2, "acc": 0.4}, {"bvp": 0.0, "eda": 0.4, "temp": 0.4, "acc": 0.2}, {"bvp": 0.0, "eda": 0.4, "temp": 0.6, "acc": 0.0}, {"bvp": 0.0, "eda": 0.6, "temp": 0.0, "acc": 0.4}, {"bvp": 0.0, "eda": 0.6, "temp": 0.2, "acc": 0.2}, {"bvp": 0.0, "eda": 0.6, "temp": 0.4, "acc": 0.0}, {"bvp": 0.0, "eda": 0.8, "temp": 0.0, "acc": 0.2}, {"bvp": 0.0, "eda": 0.8, "temp": 0.2, "acc": 0.0}, {"bvp": 0.0, "eda": 1.0, "temp": 0.0, "acc": 0.0}, {"bvp": 0.2, "eda": 0.0, "temp": 0.0, "acc": 0.8}, {"bvp": 0.2, "eda": 0.0, "temp": 0.2, "acc": 0.6}, {"bvp": 0.2, "eda": 0.0, "temp": 0.4, "acc": 0.4}, {"bvp": 0.2, "eda": 0.0, "temp": 0.6, "acc": 0.2}, {"bvp": 0.2, "eda": 0.0, "temp": 0.8, "acc": 0.0}, {"bvp": 0.2, "eda": 0.2, "temp": 0.0, "acc": 0.6}, {"bvp": 0.2, "eda": 0.2, "temp": 0.2, "acc": 0.4}, {"bvp": 0.2, "eda": 0.2, "temp": 0.4, "acc": 0.2}, {"bvp": 0.2, "eda": 0.2, "temp": 0.6, "acc": 0.0}, {"bvp": 0.2, "eda": 0.4, "temp": 0.0, "acc": 0.4}, {"bvp": 0.2, "eda": 0.4, "temp": 0.2, "acc": 0.2}, {"bvp": 0.2, "eda": 0.4, "temp": 0.4, "acc": 0.0}, {"bvp": 0.2, "eda": 0.6, "temp": 0.0, "acc": 0.2}, {"bvp": 0.2, "eda": 0.6, "temp": 0.2, "acc": 0.0}, {"bvp": 0.2, "eda": 0.8, "temp": 0.0, "acc": 0.0}, {"bvp": 0.4, "eda": 0.0, "temp": 0.0, "acc": 0.6}, {"bvp": 0.4, "eda": 0.0, "temp": 0.2, "acc": 0.4}, {"bvp": 0.4, "eda": 0.0, "temp": 0.4, "acc": 0.2}, {"bvp": 0.4, "eda": 0.0, "temp": 0.6, "acc": 0.0}, {"bvp": 0.4, "eda": 0.2, "temp": 0.0, "acc": 0.4}, {"bvp": 0.4, "eda": 0.2, "temp": 0.2, "acc": 0.2}, {"bvp": 0.4, "eda": 0.2, "temp": 0.4, "acc": 0.0}, {"bvp": 0.4, "eda": 0.4, "temp": 0.0, "acc": 0.2}, {"bvp": 0.4, "eda": 0.4, "temp": 0.2, "acc": 0.0}, {"bvp": 0.4, "eda": 0.6, "temp": 0.0, "acc": 0.0}, {"bvp": 0.6, "eda": 0.0, "temp": 0.0, "acc": 0.4}, {"bvp": 0.6, "eda": 0.0, "temp": 0.2, "acc": 0.2}, {"bvp": 0.6, "eda": 0.0, "temp": 0.4, "acc": 0.0}, {"bvp": 0.6, "eda": 0.2, "temp": 0.0, "acc": 0.2}, {"bvp": 0.6, "eda": 0.2, "temp": 0.2, "acc": 0.0}, {"bvp": 0.6, "eda": 0.4, "temp": 0.0, "acc": 0.0}, {"bvp": 0.8, "eda": 0.0, "temp": 0.0, "acc": 0.2}, {"bvp": 0.8, "eda": 0.0, "temp": 0.2, "acc": 0.0}, {"bvp": 0.8, "eda": 0.2, "temp": 0.0, "acc": 0.0}, {"bvp": 1.0, "eda": 0.0, "temp": 0.0, "acc": 0.0}]}, "9": {"precision": 1.0, "weights": [{"bvp": 0.0, "eda": 0.0, "temp": 0.0, "acc": 1.0}, {"bvp": 0.0, "eda": 0.0, "temp": 0.2, "acc": 0.8}, {"bvp": 0.0, "eda": 0.0, "temp": 0.4, "acc": 0.6}, {"bvp": 0.0, "eda": 0.0, "temp": 0.6, "acc": 0.4}, {"bvp": 0.0, "eda": 0.0, "temp": 0.8, "acc": 0.2}, {"bvp": 0.0, "eda": 0.0, "temp": 1.0, "acc": 0.0}, {"bvp": 0.0, "eda": 0.2, "temp": 0.0, "acc": 0.8}, {"bvp": 0.0, "eda": 0.2, "temp": 0.2, "acc": 0.6}, {"bvp": 0.0, "eda": 0.2, "temp": 0.4, "acc": 0.4}, {"bvp": 0.0, "eda": 0.2, "temp": 0.6, "acc": 0.2}, {"bvp": 0.0, "eda": 0.2, "temp": 0.8, "acc": 0.0}, {"bvp": 0.0, "eda": 0.4, "temp": 0.0, "acc": 0.6}, {"bvp": 0.0, "eda": 0.4, "temp": 0.2, "acc": 0.4}, {"bvp": 0.0, "eda": 0.4, "temp": 0.4, "acc": 0.2}, {"bvp": 0.0, "eda": 0.4, "temp": 0.6, "acc": 0.0}, {"bvp": 0.0, "eda": 0.6, "temp": 0.0, "acc": 0.4}, {"bvp": 0.0, "eda": 0.6, "temp": 0.2, "acc": 0.2}, {"bvp": 0.0, "eda": 0.6, "temp": 0.4, "acc": 0.0}, {"bvp": 0.0, "eda": 0.8, "temp": 0.0, "acc": 0.2}, {"bvp": 0.0, "eda": 0.8, "temp": 0.2, "acc": 0.0}, {"bvp": 0.0, "eda": 1.0, "temp": 0.0, "acc": 0.0}, {"bvp": 0.2, "eda": 0.0, "temp": 0.0, "acc": 0.8}, {"bvp": 0.2, "eda": 0.0, "temp": 0.2, "acc": 0.6}, {"bvp": 0.2, "eda": 0.0, "temp": 0.4, "acc": 0.4}, {"bvp": 0.2, "eda": 0.0, "temp": 0.6, "acc": 0.2}, {"bvp": 0.2, "eda": 0.0, "temp": 0.8, "acc": 0.0}, {"bvp": 0.2, "eda": 0.2, "temp": 0.0, "acc": 0.6}, {"bvp": 0.2, "eda": 0.2, "temp": 0.2, "acc": 0.4}, {"bvp": 0.2, "eda": 0.2, "temp": 0.4, "acc": 0.2}, {"bvp": 0.2, "eda": 0.2, "temp": 0.6, "acc": 0.0}, {"bvp": 0.2, "eda": 0.4, "temp": 0.0, "acc": 0.4}, {"bvp": 0.2, "eda": 0.4, "temp": 0.2, "acc": 0.2}, {"bvp": 0.2, "eda": 0.4, "temp": 0.4, "acc": 0.0}, {"bvp": 0.2, "eda": 0.6, "temp": 0.0, "acc": 0.2}, {"bvp": 0.2, "eda": 0.6, "temp": 0.2, "acc": 0.0}, {"bvp": 0.2, "eda": 0.8, "temp": 0.0, "acc": 0.0}, {"bvp": 0.4, "eda": 0.0, "temp": 0.0, "acc": 0.6}, {"bvp": 0.4, "eda": 0.0, "temp": 0.2, "acc": 0.4}, {"bvp": 0.4, "eda": 0.0, "temp": 0.4, "acc": 0.2}, {"bvp": 0.4, "eda": 0.0, "temp": 0.6, "acc": 0.0}, {"bvp": 0.4, "eda": 0.2, "temp": 0.0, "acc": 0.4}, {"bvp": 0.4, "eda": 0.2, "temp": 0.2, "acc": 0.2}, {"bvp": 0.4, "eda": 0.2, "temp": 0.4, "acc": 0.0}, {"bvp": 0.4, "eda": 0.4, "temp": 0.0, "acc": 0.2}, {"bvp": 0.4, "eda": 0.4, "temp": 0.2, "acc": 0.0}, {"bvp": 0.4, "eda": 0.6, "temp": 0.0, "acc": 0.0}, {"bvp": 0.6, "eda": 0.0, "temp": 0.0, "acc": 0.4}, {"bvp": 0.6, "eda": 0.0, "temp": 0.2, "acc": 0.2}, {"bvp": 0.6, "eda": 0.0, "temp": 0.4, "acc": 0.0}, {"bvp": 0.6, "eda": 0.2, "temp": 0.0, "acc": 0.2}, {"bvp": 0.6, "eda": 0.2, "temp": 0.2, "acc": 0.0}, {"bvp": 0.6, "eda": 0.4, "temp": 0.0, "acc": 0.0}, {"bvp": 0.8, "eda": 0.0, "temp": 0.0, "acc": 0.2}, {"bvp": 0.8, "eda": 0.0, "temp": 0.2, "acc": 0.0}, {"bvp": 0.8, "eda": 0.2, "temp": 0.0, "acc": 0.0}, {"bvp": 1.0, "eda": 0.0, "temp": 0.0, "acc": 0.0}]}, "10": {"precision": 1.0, "weights": [{"bvp": 0.0, "eda": 0.0, "temp": 0.0, "acc": 1.0}, {"bvp": 0.0, "eda": 0.0, "temp": 0.2, "acc": 0.8}, {"bvp": 0.0, "eda": 0.0, "temp": 0.4, "acc": 0.6}, {"bvp": 0.0, "eda": 0.0, "temp": 0.6, "acc": 0.4}, {"bvp": 0.0, "eda": 0.0, "temp": 0.8, "acc": 0.2}, {"bvp": 0.0, "eda": 0.0, "temp": 1.0, "acc": 0.0}, {"bvp": 0.0, "eda": 0.2, "temp": 0.0, "acc": 0.8}, {"bvp": 0.0, "eda": 0.2, "temp": 0.2, "acc": 0.6}, {"bvp": 0.0, "eda": 0.2, "temp": 0.4, "acc": 0.4}, {"bvp": 0.0, "eda": 0.2, "temp": 0.6, "acc": 0.2}, {"bvp": 0.0, "eda": 0.2, "temp": 0.8, "acc": 0.0}, {"bvp": 0.0, "eda": 0.4, "temp": 0.0, "acc": 0.6}, {"bvp": 0.0, "eda": 0.4, "temp": 0.2, "acc": 0.4}, {"bvp": 0.0, "eda": 0.4, "temp": 0.4, "acc": 0.2}, {"bvp": 0.0, "eda": 0.4, "temp": 0.6, "acc": 0.0}, {"bvp": 0.0, "eda": 0.6, "temp": 0.0, "acc": 0.4}, {"bvp": 0.0, "eda": 0.6, "temp": 0.2, "acc": 0.2}, {"bvp": 0.0, "eda": 0.6, "temp": 0.4, "acc": 0.0}, {"bvp": 0.0, "eda": 0.8, "temp": 0.0, "acc": 0.2}, {"bvp": 0.0, "eda": 0.8, "temp": 0.2, "acc": 0.0}, {"bvp": 0.0, "eda": 1.0, "temp": 0.0, "acc": 0.0}, {"bvp": 0.2, "eda": 0.0, "temp": 0.0, "acc": 0.8}, {"bvp": 0.2, "eda": 0.0, "temp": 0.2, "acc": 0.6}, {"bvp": 0.2, "eda": 0.0, "temp": 0.4, "acc": 0.4}, {"bvp": 0.2, "eda": 0.0, "temp": 0.6, "acc": 0.2}, {"bvp": 0.2, "eda": 0.0, "temp": 0.8, "acc": 0.0}, {"bvp": 0.2, "eda": 0.2, "temp": 0.0, "acc": 0.6}, {"bvp": 0.2, "eda": 0.2, "temp": 0.2, "acc": 0.4}, {"bvp": 0.2, "eda": 0.2, "temp": 0.4, "acc": 0.2}, {"bvp": 0.2, "eda": 0.2, "temp": 0.6, "acc": 0.0}, {"bvp": 0.2, "eda": 0.4, "temp": 0.0, "acc": 0.4}, {"bvp": 0.2, "eda": 0.4, "temp": 0.2, "acc": 0.2}, {"bvp": 0.2, "eda": 0.4, "temp": 0.4, "acc": 0.0}, {"bvp": 0.2, "eda": 0.6, "temp": 0.0, "acc": 0.2}, {"bvp": 0.2, "eda": 0.6, "temp": 0.2, "acc": 0.0}, {"bvp": 0.2, "eda": 0.8, "temp": 0.0, "acc": 0.0}, {"bvp": 0.4, "eda": 0.0, "temp": 0.0, "acc": 0.6}, {"bvp": 0.4, "eda": 0.0, "temp": 0.2, "acc": 0.4}, {"bvp": 0.4, "eda": 0.0, "temp": 0.4, "acc": 0.2}, {"bvp": 0.4, "eda": 0.0, "temp": 0.6, "acc": 0.0}, {"bvp": 0.4, "eda": 0.2, "temp": 0.0, "acc": 0.4}, {"bvp": 0.4, "eda": 0.2, "temp": 0.2, "acc": 0.2}, {"bvp": 0.4, "eda": 0.2, "temp": 0.4, "acc": 0.0}, {"bvp": 0.4, "eda": 0.4, "temp": 0.0, "acc": 0.2}, {"bvp": 0.4, "eda": 0.4, "temp": 0.2, "acc": 0.0}, {"bvp": 0.4, "eda": 0.6, "temp": 0.0, "acc": 0.0}, {"bvp": 0.6, "eda": 0.0, "temp": 0.0, "acc": 0.4}, {"bvp": 0.6, "eda": 0.0, "temp": 0.2, "acc": 0.2}, {"bvp": 0.6, "eda": 0.0, "temp": 0.4, "acc": 0.0}, {"bvp": 0.6, "eda": 0.2, "temp": 0.0, "acc": 0.2}, {"bvp": 0.6, "eda": 0.2, "temp": 0.2, "acc": 0.0}, {"bvp": 0.6, "eda": 0.4, "temp": 0.0, "acc": 0.0}, {"bvp": 0.8, "eda": 0.0, "temp": 0.0, "acc": 0.2}, {"bvp": 0.8, "eda": 0.0, "temp": 0.2, "acc": 0.0}, {"bvp": 0.8, "eda": 0.2, "temp": 0.0, "acc": 0.0}, {"bvp": 1.0, "eda": 0.0, "temp": 0.0, "acc": 0.0}]}, "11": {"precision": 1.0, "weights": [{"bvp": 0.0, "eda": 0.0, "temp": 0.0, "acc": 1.0}, {"bvp": 0.0, "eda": 0.0, "temp": 0.2, "acc": 0.8}, {"bvp": 0.0, "eda": 0.0, "temp": 0.4, "acc": 0.6}, {"bvp": 0.0, "eda": 0.0, "temp": 0.6, "acc": 0.4}, {"bvp": 0.0, "eda": 0.0, "temp": 0.8, "acc": 0.2}, {"bvp": 0.0, "eda": 0.0, "temp": 1.0, "acc": 0.0}, {"bvp": 0.0, "eda": 0.2, "temp": 0.0, "acc": 0.8}, {"bvp": 0.0, "eda": 0.2, "temp": 0.2, "acc": 0.6}, {"bvp": 0.0, "eda": 0.2, "temp": 0.4, "acc": 0.4}, {"bvp": 0.0, "eda": 0.2, "temp": 0.6, "acc": 0.2}, {"bvp": 0.0, "eda": 0.2, "temp": 0.8, "acc": 0.0}, {"bvp": 0.0, "eda": 0.4, "temp": 0.0, "acc": 0.6}, {"bvp": 0.0, "eda": 0.4, "temp": 0.2, "acc": 0.4}, {"bvp": 0.0, "eda": 0.4, "temp": 0.4, "acc": 0.2}, {"bvp": 0.0, "eda": 0.4, "temp": 0.6, "acc": 0.0}, {"bvp": 0.0, "eda": 0.6, "temp": 0.0, "acc": 0.4}, {"bvp": 0.0, "eda": 0.6, "temp": 0.2, "acc": 0.2}, {"bvp": 0.0, "eda": 0.6, "temp": 0.4, "acc": 0.0}, {"bvp": 0.0, "eda": 0.8, "temp": 0.0, "acc": 0.2}, {"bvp": 0.0, "eda": 0.8, "temp": 0.2, "acc": 0.0}, {"bvp": 0.0, "eda": 1.0, "temp": 0.0, "acc": 0.0}, {"bvp": 0.2, "eda": 0.0, "temp": 0.0, "acc": 0.8}, {"bvp": 0.2, "eda": 0.0, "temp": 0.2, "acc": 0.6}, {"bvp": 0.2, "eda": 0.0, "temp": 0.4, "acc": 0.4}, {"bvp": 0.2, "eda": 0.0, "temp": 0.6, "acc": 0.2}, {"bvp": 0.2, "eda": 0.0, "temp": 0.8, "acc": 0.0}, {"bvp": 0.2, "eda": 0.2, "temp": 0.0, "acc": 0.6}, {"bvp": 0.2, "eda": 0.2, "temp": 0.2, "acc": 0.4}, {"bvp": 0.2, "eda": 0.2, "temp": 0.4, "acc": 0.2}, {"bvp": 0.2, "eda": 0.2, "temp": 0.6, "acc": 0.0}, {"bvp": 0.2, "eda": 0.4, "temp": 0.0, "acc": 0.4}, {"bvp": 0.2, "eda": 0.4, "temp": 0.2, "acc": 0.2}, {"bvp": 0.2, "eda": 0.4, "temp": 0.4, "acc": 0.0}, {"bvp": 0.2, "eda": 0.6, "temp": 0.0, "acc": 0.2}, {"bvp": 0.2, "eda": 0.6, "temp": 0.2, "acc": 0.0}, {"bvp": 0.2, "eda": 0.8, "temp": 0.0, "acc": 0.0}, {"bvp": 0.4, "eda": 0.0, "temp": 0.0, "acc": 0.6}, {"bvp": 0.4, "eda": 0.0, "temp": 0.2, "acc": 0.4}, {"bvp": 0.4, "eda": 0.0, "temp": 0.4, "acc": 0.2}, {"bvp": 0.4, "eda": 0.0, "temp": 0.6, "acc": 0.0}, {"bvp": 0.4, "eda": 0.2, "temp": 0.0, "acc": 0.4}, {"bvp": 0.4, "eda": 0.2, "temp": 0.2, "acc": 0.2}, {"bvp": 0.4, "eda": 0.2, "temp": 0.4, "acc": 0.0}, {"bvp": 0.4, "eda": 0.4, "temp": 0.0, "acc": 0.2}, {"bvp": 0.4, "eda": 0.4, "temp": 0.2, "acc": 0.0}, {"bvp": 0.4, "eda": 0.6, "temp": 0.0, "acc": 0.0}, {"bvp": 0.6, "eda": 0.0, "temp": 0.0, "acc": 0.4}, {"bvp": 0.6, "eda": 0.0, "temp": 0.2, "acc": 0.2}, {"bvp": 0.6, "eda": 0.0, "temp": 0.4, "acc": 0.0}, {"bvp": 0.6, "eda": 0.2, "temp": 0.0, "acc": 0.2}, {"bvp": 0.6, "eda": 0.2, "temp": 0.2, "acc": 0.0}, {"bvp": 0.6, "eda": 0.4, "temp": 0.0, "acc": 0.0}, {"bvp": 0.8, "eda": 0.0, "temp": 0.0, "acc": 0.2}, {"bvp": 0.8, "eda": 0.0, "temp": 0.2, "acc": 0.0}, {"bvp": 0.8, "eda": 0.2, "temp": 0.0, "acc": 0.0}, {"bvp": 1.0, "eda": 0.0, "temp": 0.0, "acc": 0.0}]}, "12": {"precision": 1.0, "weights": [{"bvp": 0.0, "eda": 0.0, "temp": 0.0, "acc": 1.0}, {"bvp": 0.0, "eda": 0.0, "temp": 0.2, "acc": 0.8}, {"bvp": 0.0, "eda": 0.0, "temp": 0.4, "acc": 0.6}, {"bvp": 0.0, "eda": 0.0, "temp": 0.6, "acc": 0.4}, {"bvp": 0.0, "eda": 0.0, "temp": 0.8, "acc": 0.2}, {"bvp": 0.0, "eda": 0.0, "temp": 1.0, "acc": 0.0}, {"bvp": 0.0, "eda": 0.2, "temp": 0.0, "acc": 0.8}, {"bvp": 0.0, "eda": 0.2, "temp": 0.2, "acc": 0.6}, {"bvp": 0.0, "eda": 0.2, "temp": 0.4, "acc": 0.4}, {"bvp": 0.0, "eda": 0.2, "temp": 0.6, "acc": 0.2}, {"bvp": 0.0, "eda": 0.2, "temp": 0.8, "acc": 0.0}, {"bvp": 0.0, "eda": 0.4, "temp": 0.0, "acc": 0.6}, {"bvp": 0.0, "eda": 0.4, "temp": 0.2, "acc": 0.4}, {"bvp": 0.0, "eda": 0.4, "temp": 0.4, "acc": 0.2}, {"bvp": 0.0, "eda": 0.4, "temp": 0.6, "acc": 0.0}, {"bvp": 0.0, "eda": 0.6, "temp": 0.0, "acc": 0.4}, {"bvp": 0.0, "eda": 0.6, "temp": 0.2, "acc": 0.2}, {"bvp": 0.0, "eda": 0.6, "temp": 0.4, "acc": 0.0}, {"bvp": 0.0, "eda": 0.8, "temp": 0.0, "acc": 0.2}, {"bvp": 0.0, "eda": 0.8, "temp": 0.2, "acc": 0.0}, {"bvp": 0.0, "eda": 1.0, "temp": 0.0, "acc": 0.0}, {"bvp": 0.2, "eda": 0.0, "temp": 0.0, "acc": 0.8}, {"bvp": 0.2, "eda": 0.0, "temp": 0.2, "acc": 0.6}, {"bvp": 0.2, "eda": 0.0, "temp": 0.4, "acc": 0.4}, {"bvp": 0.2, "eda": 0.0, "temp": 0.6, "acc": 0.2}, {"bvp": 0.2, "eda": 0.0, "temp": 0.8, "acc": 0.0}, {"bvp": 0.2, "eda": 0.2, "temp": 0.0, "acc": 0.6}, {"bvp": 0.2, "eda": 0.2, "temp": 0.2, "acc": 0.4}, {"bvp": 0.2, "eda": 0.2, "temp": 0.4, "acc": 0.2}, {"bvp": 0.2, "eda": 0.2, "temp": 0.6, "acc": 0.0}, {"bvp": 0.2, "eda": 0.4, "temp": 0.0, "acc": 0.4}, {"bvp": 0.2, "eda": 0.4, "temp": 0.2, "acc": 0.2}, {"bvp": 0.2, "eda": 0.4, "temp": 0.4, "acc": 0.0}, {"bvp": 0.2, "eda": 0.6, "temp": 0.0, "acc": 0.2}, {"bvp": 0.2, "eda": 0.6, "temp": 0.2, "acc": 0.0}, {"bvp": 0.2, "eda": 0.8, "temp": 0.0, "acc": 0.0}, {"bvp": 0.4, "eda": 0.0, "temp": 0.0, "acc": 0.6}, {"bvp": 0.4, "eda": 0.0, "temp": 0.2, "acc": 0.4}, {"bvp": 0.4, "eda": 0.0, "temp": 0.4, "acc": 0.2}, {"bvp": 0.4, "eda": 0.0, "temp": 0.6, "acc": 0.0}, {"bvp": 0.4, "eda": 0.2, "temp": 0.0, "acc": 0.4}, {"bvp": 0.4, "eda": 0.2, "temp": 0.2, "acc": 0.2}, {"bvp": 0.4, "eda": 0.2, "temp": 0.4, "acc": 0.0}, {"bvp": 0.4, "eda": 0.4, "temp": 0.0, "acc": 0.2}, {"bvp": 0.4, "eda": 0.4, "temp": 0.2, "acc": 0.0}, {"bvp": 0.4, "eda": 0.6, "temp": 0.0, "acc": 0.0}, {"bvp": 0.6, "eda": 0.0, "temp": 0.0, "acc": 0.4}, {"bvp": 0.6, "eda": 0.0, "temp": 0.2, "acc": 0.2}, {"bvp": 0.6, "eda": 0.0, "temp": 0.4, "acc": 0.0}, {"bvp": 0.6, "eda": 0.2, "temp": 0.0, "acc": 0.2}, {"bvp": 0.6, "eda": 0.2, "temp": 0.2, "acc": 0.0}, {"bvp": 0.6, "eda": 0.4, "temp": 0.0, "acc": 0.0}, {"bvp": 0.8, "eda": 0.0, "temp": 0.0, "acc": 0.2}, {"bvp": 0.8, "eda": 0.0, "temp": 0.2, "acc": 0.0}, {"bvp": 0.8, "eda": 0.2, "temp": 0.0, "acc": 0.0}, {"bvp": 1.0, "eda": 0.0, "temp": 0.0, "acc": 0.0}]}, "13": {"precision": 1.0, "weights": [{"bvp": 0.0, "eda": 0.0, "temp": 0.0, "acc": 1.0}, {"bvp": 0.0, "eda": 0.0, "temp": 0.2, "acc": 0.8}, {"bvp": 0.0, "eda": 0.0, "temp": 0.4, "acc": 0.6}, {"bvp": 0.0, "eda": 0.0, "temp": 0.6, "acc": 0.4}, {"bvp": 0.0, "eda": 0.0, "temp": 0.8, "acc": 0.2}, {"bvp": 0.0, "eda": 0.0, "temp": 1.0, "acc": 0.0}, {"bvp": 0.0, "eda": 0.2, "temp": 0.0, "acc": 0.8}, {"bvp": 0.0, "eda": 0.2, "temp": 0.2, "acc": 0.6}, {"bvp": 0.0, "eda": 0.2, "temp": 0.4, "acc": 0.4}, {"bvp": 0.0, "eda": 0.2, "temp": 0.6, "acc": 0.2}, {"bvp": 0.0, "eda": 0.2, "temp": 0.8, "acc": 0.0}, {"bvp": 0.0, "eda": 0.4, "temp": 0.0, "acc": 0.6}, {"bvp": 0.0, "eda": 0.4, "temp": 0.2, "acc": 0.4}, {"bvp": 0.0, "eda": 0.4, "temp": 0.4, "acc": 0.2}, {"bvp": 0.0, "eda": 0.4, "temp": 0.6, "acc": 0.0}, {"bvp": 0.0, "eda": 0.6, "temp": 0.0, "acc": 0.4}, {"bvp": 0.0, "eda": 0.6, "temp": 0.2, "acc": 0.2}, {"bvp": 0.0, "eda": 0.6, "temp": 0.4, "acc": 0.0}, {"bvp": 0.0, "eda": 0.8, "temp": 0.0, "acc": 0.2}, {"bvp": 0.0, "eda": 0.8, "temp": 0.2, "acc": 0.0}, {"bvp": 0.0, "eda": 1.0, "temp": 0.0, "acc": 0.0}, {"bvp": 0.2, "eda": 0.0, "temp": 0.0, "acc": 0.8}, {"bvp": 0.2, "eda": 0.0, "temp": 0.2, "acc": 0.6}, {"bvp": 0.2, "eda": 0.0, "temp": 0.4, "acc": 0.4}, {"bvp": 0.2, "eda": 0.0, "temp": 0.6, "acc": 0.2}, {"bvp": 0.2, "eda": 0.0, "temp": 0.8, "acc": 0.0}, {"bvp": 0.2, "eda": 0.2, "temp": 0.0, "acc": 0.6}, {"bvp": 0.2, "eda": 0.2, "temp": 0.2, "acc": 0.4}, {"bvp": 0.2, "eda": 0.2, "temp": 0.4, "acc": 0.2}, {"bvp": 0.2, "eda": 0.2, "temp": 0.6, "acc": 0.0}, {"bvp": 0.2, "eda": 0.4, "temp": 0.0, "acc": 0.4}, {"bvp": 0.2, "eda": 0.4, "temp": 0.2, "acc": 0.2}, {"bvp": 0.2, "eda": 0.4, "temp": 0.4, "acc": 0.0}, {"bvp": 0.2, "eda": 0.6, "temp": 0.0, "acc": 0.2}, {"bvp": 0.2, "eda": 0.6, "temp": 0.2, "acc": 0.0}, {"bvp": 0.2, "eda": 0.8, "temp": 0.0, "acc": 0.0}, {"bvp": 0.4, "eda": 0.0, "temp": 0.0, "acc": 0.6}, {"bvp": 0.4, "eda": 0.0, "temp": 0.2, "acc": 0.4}, {"bvp": 0.4, "eda": 0.0, "temp": 0.4, "acc": 0.2}, {"bvp": 0.4, "eda": 0.0, "temp": 0.6, "acc": 0.0}, {"bvp": 0.4, "eda": 0.2, "temp": 0.0, "acc": 0.4}, {"bvp": 0.4, "eda": 0.2, "temp": 0.2, "acc": 0.2}, {"bvp": 0.4, "eda": 0.2, "temp": 0.4, "acc": 0.0}, {"bvp": 0.4, "eda": 0.4, "temp": 0.0, "acc": 0.2}, {"bvp": 0.4, "eda": 0.4, "temp": 0.2, "acc": 0.0}, {"bvp": 0.4, "eda": 0.6, "temp": 0.0, "acc": 0.0}, {"bvp": 0.6, "eda": 0.0, "temp": 0.0, "acc": 0.4}, {"bvp": 0.6, "eda": 0.0, "temp": 0.2, "acc": 0.2}, {"bvp": 0.6, "eda": 0.0, "temp": 0.4, "acc": 0.0}, {"bvp": 0.6, "eda": 0.2, "temp": 0.0, "acc": 0.2}, {"bvp": 0.6, "eda": 0.2, "temp": 0.2, "acc": 0.0}, {"bvp": 0.6, "eda": 0.4, "temp": 0.0, "acc": 0.0}, {"bvp": 0.8, "eda": 0.0, "temp": 0.0, "acc": 0.2}, {"bvp": 0.8, "eda": 0.0, "temp": 0.2, "acc": 0.0}, {"bvp": 0.8, "eda": 0.2, "temp": 0.0, "acc": 0.0}, {"bvp": 1.0, "eda": 0.0, "temp": 0.0, "acc": 0.0}]}, "14": {"precision": 1.0, "weights": [{"bvp": 0.0, "eda": 0.0, "temp": 0.0, "acc": 1.0}, {"bvp": 0.0, "eda": 0.0, "temp": 0.2, "acc": 0.8}, {"bvp": 0.0, "eda": 0.0, "temp": 0.4, "acc": 0.6}, {"bvp": 0.0, "eda": 0.0, "temp": 0.6, "acc": 0.4}, {"bvp": 0.0, "eda": 0.0, "temp": 0.8, "acc": 0.2}, {"bvp": 0.0, "eda": 0.0, "temp": 1.0, "acc": 0.0}, {"bvp": 0.0, "eda": 0.2, "temp": 0.0, "acc": 0.8}, {"bvp": 0.0, "eda": 0.2, "temp": 0.2, "acc": 0.6}, {"bvp": 0.0, "eda": 0.2, "temp": 0.4, "acc": 0.4}, {"bvp": 0.0, "eda": 0.2, "temp": 0.6, "acc": 0.2}, {"bvp": 0.0, "eda": 0.2, "temp": 0.8, "acc": 0.0}, {"bvp": 0.0, "eda": 0.4, "temp": 0.0, "acc": 0.6}, {"bvp": 0.0, "eda": 0.4, "temp": 0.2, "acc": 0.4}, {"bvp": 0.0, "eda": 0.4, "temp": 0.4, "acc": 0.2}, {"bvp": 0.0, "eda": 0.4, "temp": 0.6, "acc": 0.0}, {"bvp": 0.0, "eda": 0.6, "temp": 0.0, "acc": 0.4}, {"bvp": 0.0, "eda": 0.6, "temp": 0.2, "acc": 0.2}, {"bvp": 0.0, "eda": 0.6, "temp": 0.4, "acc": 0.0}, {"bvp": 0.0, "eda": 0.8, "temp": 0.0, "acc": 0.2}, {"bvp": 0.0, "eda": 0.8, "temp": 0.2, "acc": 0.0}, {"bvp": 0.0, "eda": 1.0, "temp": 0.0, "acc": 0.0}, {"bvp": 0.2, "eda": 0.0, "temp": 0.0, "acc": 0.8}, {"bvp": 0.2, "eda": 0.0, "temp": 0.2, "acc": 0.6}, {"bvp": 0.2, "eda": 0.0, "temp": 0.4, "acc": 0.4}, {"bvp": 0.2, "eda": 0.0, "temp": 0.6, "acc": 0.2}, {"bvp": 0.2, "eda": 0.0, "temp": 0.8, "acc": 0.0}, {"bvp": 0.2, "eda": 0.2, "temp": 0.0, "acc": 0.6}, {"bvp": 0.2, "eda": 0.2, "temp": 0.2, "acc": 0.4}, {"bvp": 0.2, "eda": 0.2, "temp": 0.4, "acc": 0.2}, {"bvp": 0.2, "eda": 0.2, "temp": 0.6, "acc": 0.0}, {"bvp": 0.2, "eda": 0.4, "temp": 0.0, "acc": 0.4}, {"bvp": 0.2, "eda": 0.4, "temp": 0.2, "acc": 0.2}, {"bvp": 0.2, "eda": 0.4, "temp": 0.4, "acc": 0.0}, {"bvp": 0.2, "eda": 0.6, "temp": 0.0, "acc": 0.2}, {"bvp": 0.2, "eda": 0.6, "temp": 0.2, "acc": 0.0}, {"bvp": 0.2, "eda": 0.8, "temp": 0.0, "acc": 0.0}, {"bvp": 0.4, "eda": 0.0, "temp": 0.0, "acc": 0.6}, {"bvp": 0.4, "eda": 0.0, "temp": 0.2, "acc": 0.4}, {"bvp": 0.4, "eda": 0.0, "temp": 0.4, "acc": 0.2}, {"bvp": 0.4, "eda": 0.0, "temp": 0.6, "acc": 0.0}, {"bvp": 0.4, "eda": 0.2, "temp": 0.0, "acc": 0.4}, {"bvp": 0.4, "eda": 0.2, "temp": 0.2, "acc": 0.2}, {"bvp": 0.4, "eda": 0.2, "temp": 0.4, "acc": 0.0}, {"bvp": 0.4, "eda": 0.4, "temp": 0.0, "acc": 0.2}, {"bvp": 0.4, "eda": 0.4, "temp": 0.2, "acc": 0.0}, {"bvp": 0.4, "eda": 0.6, "temp": 0.0, "acc": 0.0}, {"bvp": 0.6, "eda": 0.0, "temp": 0.0, "acc": 0.4}, {"bvp": 0.6, "eda": 0.0, "temp": 0.2, "acc": 0.2}, {"bvp": 0.6, "eda": 0.0, "temp": 0.4, "acc": 0.0}, {"bvp": 0.6, "eda": 0.2, "temp": 0.0, "acc": 0.2}, {"bvp": 0.6, "eda": 0.2, "temp": 0.2, "acc": 0.0}, {"bvp": 0.6, "eda": 0.4, "temp": 0.0, "acc": 0.0}, {"bvp": 0.8, "eda": 0.0, "temp": 0.0, "acc": 0.2}, {"bvp": 0.8, "eda": 0.0, "temp": 0.2, "acc": 0.0}, {"bvp": 0.8, "eda": 0.2, "temp": 0.0, "acc": 0.0}, {"bvp": 1.0, "eda": 0.0, "temp": 0.0, "acc": 0.0}]}, "15": {"precision": 1.0, "weights": [{"bvp": 0.0, "eda": 0.0, "temp": 0.0, "acc": 1.0}, {"bvp": 0.0, "eda": 0.0, "temp": 0.2, "acc": 0.8}, {"bvp": 0.0, "eda": 0.0, "temp": 0.4, "acc": 0.6}, {"bvp": 0.0, "eda": 0.0, "temp": 0.6, "acc": 0.4}, {"bvp": 0.0, "eda": 0.0, "temp": 0.8, "acc": 0.2}, {"bvp": 0.0, "eda": 0.0, "temp": 1.0, "acc": 0.0}, {"bvp": 0.0, "eda": 0.2, "temp": 0.0, "acc": 0.8}, {"bvp": 0.0, "eda": 0.2, "temp": 0.2, "acc": 0.6}, {"bvp": 0.0, "eda": 0.2, "temp": 0.4, "acc": 0.4}, {"bvp": 0.0, "eda": 0.2, "temp": 0.6, "acc": 0.2}, {"bvp": 0.0, "eda": 0.2, "temp": 0.8, "acc": 0.0}, {"bvp": 0.0, "eda": 0.4, "temp": 0.0, "acc": 0.6}, {"bvp": 0.0, "eda": 0.4, "temp": 0.2, "acc": 0.4}, {"bvp": 0.0, "eda": 0.4, "temp": 0.4, "acc": 0.2}, {"bvp": 0.0, "eda": 0.4, "temp": 0.6, "acc": 0.0}, {"bvp": 0.0, "eda": 0.6, "temp": 0.0, "acc": 0.4}, {"bvp": 0.0, "eda": 0.6, "temp": 0.2, "acc": 0.2}, {"bvp": 0.0, "eda": 0.6, "temp": 0.4, "acc": 0.0}, {"bvp": 0.0, "eda": 0.8, "temp": 0.0, "acc": 0.2}, {"bvp": 0.0, "eda": 0.8, "temp": 0.2, "acc": 0.0}, {"bvp": 0.0, "eda": 1.0, "temp": 0.0, "acc": 0.0}, {"bvp": 0.2, "eda": 0.0, "temp": 0.0, "acc": 0.8}, {"bvp": 0.2, "eda": 0.0, "temp": 0.2, "acc": 0.6}, {"bvp": 0.2, "eda": 0.0, "temp": 0.4, "acc": 0.4}, {"bvp": 0.2, "eda": 0.0, "temp": 0.6, "acc": 0.2}, {"bvp": 0.2, "eda": 0.0, "temp": 0.8, "acc": 0.0}, {"bvp": 0.2, "eda": 0.2, "temp": 0.0, "acc": 0.6}, {"bvp": 0.2, "eda": 0.2, "temp": 0.2, "acc": 0.4}, {"bvp": 0.2, "eda": 0.2, "temp": 0.4, "acc": 0.2}, {"bvp": 0.2, "eda": 0.2, "temp": 0.6, "acc": 0.0}, {"bvp": 0.2, "eda": 0.4, "temp": 0.0, "acc": 0.4}, {"bvp": 0.2, "eda": 0.4, "temp": 0.2, "acc": 0.2}, {"bvp": 0.2, "eda": 0.4, "temp": 0.4, "acc": 0.0}, {"bvp": 0.2, "eda": 0.6, "temp": 0.0, "acc": 0.2}, {"bvp": 0.2, "eda": 0.6, "temp": 0.2, "acc": 0.0}, {"bvp": 0.2, "eda": 0.8, "temp": 0.0, "acc": 0.0}, {"bvp": 0.4, "eda": 0.0, "temp": 0.0, "acc": 0.6}, {"bvp": 0.4, "eda": 0.0, "temp": 0.2, "acc": 0.4}, {"bvp": 0.4, "eda": 0.0, "temp": 0.4, "acc": 0.2}, {"bvp": 0.4, "eda": 0.0, "temp": 0.6, "acc": 0.0}, {"bvp": 0.4, "eda": 0.2, "temp": 0.0, "acc": 0.4}, {"bvp": 0.4, "eda": 0.2, "temp": 0.2, "acc": 0.2}, {"bvp": 0.4, "eda": 0.2, "temp": 0.4, "acc": 0.0}, {"bvp": 0.4, "eda": 0.4, "temp": 0.0, "acc": 0.2}, {"bvp": 0.4, "eda": 0.4, "temp": 0.2, "acc": 0.0}, {"bvp": 0.4, "eda": 0.6, "temp": 0.0, "acc": 0.0}, {"bvp": 0.6, "eda": 0.0, "temp": 0.0, "acc": 0.4}, {"bvp": 0.6, "eda": 0.0, "temp": 0.2, "acc": 0.2}, {"bvp": 0.6, "eda": 0.0, "temp": 0.4, "acc": 0.0}, {"bvp": 0.6, "eda": 0.2, "temp": 0.0, "acc": 0.2}, {"bvp": 0.6, "eda": 0.2, "temp": 0.2, "acc": 0.0}, {"bvp": 0.6, "eda": 0.4, "temp": 0.0, "acc": 0.0}, {"bvp": 0.8, "eda": 0.0, "temp": 0.0, "acc": 0.2}, {"bvp": 0.8, "eda": 0.0, "temp": 0.2, "acc": 0.0}, {"bvp": 0.8, "eda": 0.2, "temp": 0.0, "acc": 0.0}, {"bvp": 1.0, "eda": 0.0, "temp": 0.0, "acc": 0.0}]}}