{"rank": {"bvp": [0, 0, 0, 0, 0, 0, 0, 0, 0, 0, 0, 0, 0, 0, 0], "eda": [3, 2, 12, 6, 13, 0, 3, 8, 11, 4, 1, 0, 5, 7, 1], "temp": [10, 9, 10, 1, 3, 2, 13, 7, 4, 12, 14, 0, 0, 6, 11], "acc": [0, 2, 6, 14, 4, 0, 9, 0, 6, 2, 0, 13, 1, 10, 7], "bvp+eda": [1, 0, 5, 2, 6, 0, 1, 3, 5, 1, 0, 0, 0, 2, 0], "bvp+temp": [3, 2, 3, 0, 1, 0, 7, 2, 1, 7, 8, 0, 0, 2, 5], "bvp+acc": [0, 0, 1, 8, 1, 0, 2, 0, 3, 1, 0, 6, 0, 3, 3], "eda+temp": [5, 6, 14, 2, 10, 0, 10, 9, 9, 9, 9, 0, 1, 5, 6], "eda+acc": [1, 0, 9, 11, 10, 0, 6, 2, 8, 1, 0, 6, 2, 9, 1], "temp+acc": [3, 4, 10, 10, 3, 0, 12, 2, 3, 6, 6, 6, 0, 8, 10], "bvp+eda+temp": [2, 1, 7, 0, 3, 0, 4, 3, 3, 3, 4, 0, 0, 2, 0], "bvp+eda+acc": [0, 0, 6, 7, 5, 0, 1, 1, 5, 0, 0, 2, 0, 6, 0], "bvp+temp+acc": [0, 2, 2, 3, 1, 0, 6, 0, 1, 3, 3, 1, 0, 2, 5], "eda+temp+acc": [0, 1, 12, 7, 8, 0, 11, 3, 6, 5, 4, 1, 1, 9, 5], "bvp+eda+temp+acc": [0, 1, 7, 3, 1, 0, 4, 1, 3, 1, 1, 0, 0, 6, 1]}, "score": {"bvp": [0, 0, 0, 0, 0, 0, 0, 0, 0, 0, 0, 0, 0, 0, 0], "eda": [3, 2, 12, 6, 13, 0, 3, 8, 11, 4, 1, 0, 5, 7, 1], "temp": [10, 9, 10, 1, 3, 2, 13, 7, 4, 12, 14, 0, 0, 6, 11], "acc": [0, 2, 6, 14, 4, 0, 9, 0, 6, 2, 0, 13, 1, 10, 7], "bvp+eda": [1, 0, 6, 2, 10, 0, 1, 1, 3, 1, 0, 0, 1, 2, 0], "bvp+temp": [4, 2, 8, 0, 1, 0, 10, 1, 1, 8, 9, 0, 0, 3, 7], "bvp+acc": [0, 0, 2, 7, 1, 0, 1, 0, 1, 1, 0, 2, 0, 3, 4], "eda+temp": [6, 5, 14, 1, 8, 0, 11, 9, 7, 10, 9, 0, 1, 7, 1], "eda+acc": [2, 2, 10, 8, 10, 0, 5, 4, 11, 2, 0, 0, 3, 7, 0], "temp+acc": [6, 6, 11, 3, 3, 1, 13, 4, 3, 8, 12, 0, 0, 9, 11], "bvp+eda+temp": [3, 1, 10, 0, 4, 0, 8, 1, 2, 5, 4, 0, 0, 4, 0], "bvp+eda+acc": [0, 0, 8, 6, 4, 0, 2, 1, 4, 0, 0, 0, 1, 4, 0], "bvp+temp+acc": [0, 1, 7, 0, 1, 0, 9, 1, 1, 5, 5, 0, 0, 6, 5], "eda+temp+acc": [2, 4, 14, 2, 5, 0, 12, 5, 7, 6, 4, 0, 1, 8, 2], "bvp+eda+temp+acc": [1, 1, 10, 2, 2, 0, 9, 1, 2, 5, 0, 0, 0, 5, 1]}}