{"rank": {"bvp": [0, 0, 0, 0, 0, 0, 0, 0, 0, 0, 0, 0, 0, 0, 0], "eda": [1, 1, 3, 4, 2, 0, 1, 1, 10, 0, 0, 0, 2, 8, 0], "temp": [9, 0, 2, 0, 4, 2, 2, 0, 4, 5, 12, 0, 3, 13, 5], "acc": [7, 0, 10, 9, 1, 0, 2, 9, 1, 1, 0, 6, 0, 4, 5], "bvp+eda": [0, 0, 1, 1, 0, 0, 0, 0, 2, 0, 0, 0, 0, 1, 0], "bvp+temp": [3, 0, 0, 0, 0, 0, 0, 0, 1, 1, 5, 0, 1, 4, 1], "bvp+acc": [2, 0, 3, 3, 0, 0, 0, 2, 1, 0, 0, 3, 0, 0, 2], "eda+temp": [5, 0, 1, 0, 2, 0, 1, 0, 8, 1, 7, 0, 1, 13, 2], "eda+acc": [4, 0, 7, 5, 2, 0, 1, 4, 5, 0, 0, 3, 0, 7, 1], "temp+acc": [10, 0, 7, 2, 1, 0, 1, 3, 1, 1, 6, 2, 0, 9, 2], "bvp+eda+temp": [0, 0, 0, 0, 0, 0, 0, 0, 3, 0, 1, 0, 0, 9, 0], "bvp+eda+acc": [1, 0, 0, 2, 0, 0, 0, 2, 2, 0, 0, 0, 0, 1, 1], "bvp+temp+acc": [3, 0, 0, 0, 0, 0, 0, 1, 1, 0, 1, 0, 0, 5, 0], "eda+temp+acc": [5, 0, 5, 2, 0, 0, 0, 1, 3, 0, 3, 1, 0, 9, 1], "bvp+eda+temp+acc": [1, 0, 1, 0, 0, 0, 0, 0, 1, 0, 0, 0, 0, 4, 0]}, "score": {"bvp": [0, 0, 0, 0, 0, 0, 0, 0, 0, 0, 0, 0, 0, 0, 0], "eda": [1, 1, 3, 4, 2, 0, 1, 1, 10, 0, 0, 0, 2, 8, 0], "temp": [9, 0, 2, 0, 4, 2, 2, 0, 4, 5, 12, 0, 3, 13, 5], "acc": [7, 0, 10, 9, 1, 0, 2, 9, 1, 1, 0, 6, 0, 4, 5], "bvp+eda": [0, 0, 0, 1, 0, 0, 0, 0, 2, 0, 0, 0, 1, 5, 0], "bvp+temp": [3, 0, 0, 0, 0, 0, 0, 0, 1, 2, 6, 0, 0, 6, 1], "bvp+acc": [1, 0, 3, 4, 0, 0, 0, 0, 0, 0, 0, 1, 0, 0, 1], "eda+temp": [3, 0, 2, 0, 1, 1, 1, 0, 8, 0, 4, 0, 2, 11, 1], "eda+acc": [2, 0, 6, 3, 1, 0, 0, 3, 7, 0, 0, 0, 2, 8, 0], "temp+acc": [9, 0, 3, 0, 0, 0, 0, 2, 4, 3, 7, 0, 0, 10, 4], "bvp+eda+temp": [0, 0, 0, 0, 0, 0, 0, 0, 3, 0, 1, 0, 0, 8, 0], "bvp+eda+acc": [0, 0, 0, 2, 0, 0, 0, 1, 2, 0, 0, 0, 0, 6, 0], "bvp+temp+acc": [3, 0, 0, 0, 0, 0, 0, 0, 1, 1, 1, 0, 0, 3, 1], "eda+temp+acc": [3, 0, 2, 0, 0, 0, 0, 0, 6, 0, 1, 0, 0, 10, 1], "bvp+eda+temp+acc": [0, 0, 0, 0, 0, 0, 0, 0, 2, 0, 0, 0, 0, 6, 0]}}