{"1": {"rank": 0.244, "score": 0.244, "mean": 0.244}, "2": {"rank": 0.375, "score": 0.375, "mean": 0.375}, "3": {"rank": 0.453, "score": 0.453, "mean": 0.453}, "4": {"rank": 0.508, "score": 0.508, "mean": 0.508}, "5": {"rank": 0.583, "score": 0.583, "mean": 0.583}, "6": {"rank": 0.661, "score": 0.661, "mean": 0.661}, "7": {"rank": 0.758, "score": 0.758, "mean": 0.758}, "8": {"rank": 0.819, "score": 0.819, "mean": 0.819}, "9": {"rank": 0.886, "score": 0.886, "mean": 0.886}, "10": {"rank": 0.903, "score": 0.903, "mean": 0.903}, "11": {"rank": 0.933, "score": 0.933, "mean": 0.933}, "12": {"rank": 0.942, "score": 0.942, "mean": 0.942}, "13": {"rank": 0.975, "score": 0.975, "mean": 0.975}, "14": {"rank": 0.994, "score": 0.994, "mean": 0.994}, "15": {"rank": 1.0, "score": 1.0, "mean": 1.0}}