{"1": {"non-stress": 0.289, "stress": 0.2}, "2": {"non-stress": 0.467, "stress": 0.283}, "3": {"non-stress": 0.528, "stress": 0.378}, "4": {"non-stress": 0.589, "stress": 0.428}, "5": {"non-stress": 0.661, "stress": 0.506}, "6": {"non-stress": 0.728, "stress": 0.594}, "7": {"non-stress": 0.828, "stress": 0.689}, "8": {"non-stress": 0.911, "stress": 0.728}, "9": {"non-stress": 1.0, "stress": 0.772}, "10": {"non-stress": 1.0, "stress": 0.806}, "11": {"non-stress": 1.0, "stress": 0.867}, "12": {"non-stress": 1.0, "stress": 0.883}, "13": {"non-stress": 1.0, "stress": 0.95}, "14": {"non-stress": 1.0, "stress": 0.989}, "15": {"non-stress": 1.0, "stress": 1.0}}