{"rank": {"bvp": [0, 0, 0, 0, 0, 0, 0, 0, 0, 0, 0, 0, 0, 0, 0], "eda": [8, 7, 14, 6, 14, 1, 10, 13, 13, 0, 2, 0, 6, 10, 2], "temp": [12, 8, 10, 3, 5, 2, 13, 7, 4, 11, 13, 0, 2, 7, 9], "acc": [0, 1, 8, 14, 3, 0, 2, 0, 9, 2, 0, 13, 0, 10, 8], "bvp+eda": [3, 2, 8, 1, 9, 0, 3, 5, 4, 0, 0, 0, 2, 2, 0], "bvp+temp": [4, 3, 2, 0, 1, 0, 6, 2, 1, 6, 5, 0, 0, 3, 2], "bvp+acc": [0, 0, 2, 8, 1, 0, 0, 0, 4, 0, 0, 5, 0, 3, 3], "eda+temp": [12, 8, 14, 2, 12, 0, 14, 11, 11, 5, 9, 0, 2, 8, 4], "eda+acc": [2, 3, 12, 11, 9, 0, 6, 5, 13, 0, 0, 5, 2, 12, 3], "temp+acc": [5, 3, 11, 9, 3, 0, 9, 3, 5, 4, 6, 6, 0, 9, 10], "bvp+eda+temp": [5, 3, 10, 0, 5, 0, 9, 6, 4, 1, 2, 0, 0, 4, 2], "bvp+eda+acc": [1, 1, 9, 7, 5, 0, 2, 0, 6, 0, 0, 2, 0, 9, 1], "bvp+temp+acc": [2, 2, 4, 5, 1, 0, 3, 0, 1, 2, 1, 2, 0, 5, 5], "eda+temp+acc": [6, 3, 14, 9, 7, 0, 10, 6, 12, 2, 4, 1, 1, 10, 4], "bvp+eda+temp+acc": [3, 2, 10, 4, 4, 0, 4, 3, 4, 0, 1, 0, 0, 8, 2]}, "score": {"bvp": [0, 0, 0, 0, 0, 0, 0, 0, 0, 0, 0, 0, 0, 0, 0], "eda": [8, 7, 14, 6, 14, 1, 10, 13, 13, 0, 2, 0, 6, 10, 2], "temp": [12, 8, 10, 3, 5, 2, 13, 7, 4, 11, 13, 0, 2, 7, 9], "acc": [0, 1, 8, 14, 3, 0, 2, 0, 9, 2, 0, 13, 0, 10, 8], "bvp+eda": [2, 0, 10, 1, 11, 1, 3, 2, 3, 0, 0, 0, 1, 4, 0], "bvp+temp": [6, 3, 4, 2, 2, 0, 10, 1, 1, 8, 4, 0, 0, 3, 7], "bvp+acc": [0, 0, 3, 8, 1, 0, 0, 0, 1, 0, 0, 2, 0, 5, 2], "eda+temp": [12, 7, 13, 4, 7, 1, 13, 9, 7, 5, 6, 0, 4, 8, 6], "eda+acc": [1, 3, 14, 13, 9, 1, 4, 10, 12, 0, 1, 1, 3, 12, 3], "temp+acc": [6, 4, 10, 8, 3, 1, 11, 6, 3, 9, 4, 0, 0, 11, 9], "bvp+eda+temp": [5, 2, 9, 3, 5, 0, 9, 2, 2, 4, 1, 0, 1, 3, 4], "bvp+eda+acc": [0, 0, 10, 8, 5, 0, 2, 1, 4, 0, 0, 0, 1, 8, 1], "bvp+temp+acc": [2, 2, 4, 5, 1, 0, 9, 1, 1, 6, 0, 0, 0, 5, 7], "eda+temp+acc": [6, 3, 13, 8, 5, 0, 13, 7, 7, 3, 2, 0, 2, 9, 6], "bvp+eda+temp+acc": [3, 2, 11, 5, 4, 0, 8, 2, 3, 2, 0, 0, 1, 8, 4]}}