{"rank": {"bvp": [0, 0, 0, 0, 0, 0, 0, 0, 0, 0, 0, 0, 0, 0, 0], "eda": [3, 3, 12, 6, 14, 2, 7, 13, 13, 4, 0, 0, 5, 8, 1], "temp": [10, 8, 11, 1, 4, 2, 13, 8, 4, 11, 14, 0, 0, 6, 7], "acc": [0, 3, 6, 14, 4, 0, 7, 0, 6, 3, 0, 13, 0, 10, 10], "bvp+eda": [1, 1, 6, 2, 10, 0, 2, 4, 5, 1, 0, 0, 1, 3, 0], "bvp+temp": [4, 2, 7, 0, 1, 0, 7, 2, 1, 6, 8, 0, 0, 1, 1], "bvp+acc": [0, 0, 1, 8, 1, 0, 2, 0, 3, 1, 0, 6, 0, 4, 5], "eda+temp": [6, 6, 14, 2, 9, 0, 13, 12, 9, 9, 9, 0, 1, 8, 2], "eda+acc": [0, 3, 9, 11, 10, 0, 8, 6, 12, 3, 0, 5, 2, 11, 4], "temp+acc": [4, 5, 10, 10, 3, 0, 12, 2, 3, 7, 6, 7, 0, 8, 9], "bvp+eda+temp": [2, 1, 8, 0, 4, 0, 5, 6, 4, 4, 3, 0, 1, 3, 1], "bvp+eda+acc": [0, 0, 5, 7, 4, 0, 2, 1, 4, 0, 0, 1, 0, 5, 1], "bvp+temp+acc": [1, 2, 3, 3, 1, 0, 7, 0, 2, 3, 3, 2, 0, 2, 5], "eda+temp+acc": [0, 3, 13, 7, 7, 0, 13, 7, 9, 4, 4, 1, 1, 10, 4], "bvp+eda+temp+acc": [0, 1, 7, 3, 3, 0, 8, 3, 4, 1, 1, 0, 0, 6, 0]}, "score": {"bvp": [0, 0, 0, 0, 0, 0, 0, 0, 0, 0, 0, 0, 0, 0, 0], "eda": [3, 3, 12, 6, 14, 2, 7, 13, 13, 4, 0, 0, 5, 8, 1], "temp": [10, 8, 11, 1, 4, 2, 13, 8, 4, 11, 14, 0, 0, 6, 7], "acc": [0, 3, 6, 14, 4, 0, 7, 0, 6, 3, 0, 13, 0, 10, 10], "bvp+eda": [1, 1, 8, 2, 11, 0, 1, 2, 2, 1, 0, 0, 1, 4, 0], "bvp+temp": [4, 2, 8, 0, 1, 0, 10, 1, 1, 8, 9, 0, 0, 3, 4], "bvp+acc": [0, 0, 2, 7, 1, 0, 0, 0, 1, 1, 0, 2, 0, 3, 4], "eda+temp": [8, 7, 13, 1, 9, 0, 13, 10, 7, 9, 9, 0, 1, 9, 2], "eda+acc": [1, 3, 11, 8, 13, 0, 7, 8, 10, 3, 0, 0, 3, 10, 0], "temp+acc": [6, 6, 10, 3, 3, 1, 12, 5, 4, 7, 12, 1, 0, 9, 8], "bvp+eda+temp": [3, 2, 8, 0, 5, 0, 9, 3, 2, 5, 4, 0, 0, 5, 2], "bvp+eda+acc": [0, 1, 8, 6, 9, 0, 2, 1, 4, 1, 0, 0, 0, 5, 0], "bvp+temp+acc": [0, 2, 6, 0, 1, 0, 9, 1, 1, 6, 6, 0, 0, 6, 5], "eda+temp+acc": [2, 6, 13, 2, 8, 0, 13, 9, 7, 6, 4, 0, 0, 9, 3], "bvp+eda+temp+acc": [1, 1, 8, 1, 6, 0, 9, 1, 2, 5, 0, 0, 0, 7, 0]}}