{"1": {"rank": 0.666, "score": 0.934, "mean": 0.8}, "2": {"rank": 0.711, "score": 0.934, "mean": 0.823}, "3": {"rank": 0.736, "score": 0.935, "mean": 0.835}, "4": {"rank": 0.753, "score": 0.935, "mean": 0.844}, "5": {"rank": 0.767, "score": 0.936, "mean": 0.851}, "6": {"rank": 0.778, "score": 0.936, "mean": 0.857}, "7": {"rank": 0.788, "score": 0.936, "mean": 0.862}, "8": {"rank": 0.795, "score": 0.937, "mean": 0.866}, "9": {"rank": 0.803, "score": 0.937, "mean": 0.87}, "10": {"rank": 0.81, "score": 0.938, "mean": 0.874}, "11": {"rank": 0.815, "score": 0.938, "mean": 0.877}, "12": {"rank": 0.82, "score": 0.938, "mean": 0.879}, "13": {"rank": 0.826, "score": 0.939, "mean": 0.882}, "14": {"rank": 0.83, "score": 0.939, "mean": 0.885}, "15": {"rank": 0.834, "score": 0.939, "mean": 0.887}, "16": {"rank": 0.837, "score": 0.94, "mean": 0.888}, "17": {"rank": 0.841, "score": 0.94, "mean": 0.891}, "18": {"rank": 0.845, "score": 0.94, "mean": 0.892}, "19": {"rank": 0.848, "score": 0.941, "mean": 0.895}, "20": {"rank": 0.852, "score": 0.941, "mean": 0.896}, "21": {"rank": 0.855, "score": 0.941, "mean": 0.898}, "22": {"rank": 0.857, "score": 0.942, "mean": 0.9}, "23": {"rank": 0.86, "score": 0.942, "mean": 0.901}, "24": {"rank": 0.862, "score": 0.943, "mean": 0.902}, "25": {"rank": 0.864, "score": 0.943, "mean": 0.904}, "26": {"rank": 0.867, "score": 0.943, "mean": 0.905}, "27": {"rank": 0.869, "score": 0.944, "mean": 0.906}, "28": {"rank": 0.871, "score": 0.944, "mean": 0.907}, "29": {"rank": 0.872, "score": 0.944, "mean": 0.908}, "30": {"rank": 0.874, "score": 0.945, "mean": 0.91}, "31": {"rank": 0.877, "score": 0.945, "mean": 0.911}, "32": {"rank": 0.879, "score": 0.945, "mean": 0.912}, "33": {"rank": 0.88, "score": 0.946, "mean": 0.913}, "34": {"rank": 0.882, "score": 0.946, "mean": 0.914}, "35": {"rank": 0.884, "score": 0.946, "mean": 0.915}, "36": {"rank": 0.886, "score": 0.947, "mean": 0.916}, "37": {"rank": 0.887, "score": 0.947, "mean": 0.917}, "38": {"rank": 0.889, "score": 0.947, "mean": 0.918}, "39": {"rank": 0.89, "score": 0.948, "mean": 0.919}, "40": {"rank": 0.892, "score": 0.948, "mean": 0.92}, "41": {"rank": 0.894, "score": 0.948, "mean": 0.921}, "42": {"rank": 0.895, "score": 0.948, "mean": 0.922}, "43": {"rank": 0.896, "score": 0.949, "mean": 0.922}, "44": {"rank": 0.898, "score": 0.949, "mean": 0.923}, "45": {"rank": 0.899, "score": 0.949, "mean": 0.924}, "46": {"rank": 0.9, "score": 0.949, "mean": 0.925}, "47": {"rank": 0.901, "score": 0.95, "mean": 0.926}, "48": {"rank": 0.903, "score": 0.95, "mean": 0.926}, "49": {"rank": 0.904, "score": 0.95, "mean": 0.927}, "50": {"rank": 0.905, "score": 0.95, "mean": 0.928}, "51": {"rank": 0.906, "score": 0.951, "mean": 0.928}, "52": {"rank": 0.907, "score": 0.951, "mean": 0.929}, "53": {"rank": 0.908, "score": 0.951, "mean": 0.93}, "54": {"rank": 0.909, "score": 0.951, "mean": 0.93}, "55": {"rank": 0.91, "score": 0.952, "mean": 0.931}, "56": {"rank": 0.911, "score": 0.952, "mean": 0.931}, "57": {"rank": 0.912, "score": 0.952, "mean": 0.932}, "58": {"rank": 0.913, "score": 0.952, "mean": 0.932}, "59": {"rank": 0.914, "score": 0.952, "mean": 0.933}, "60": {"rank": 0.914, "score": 0.952, "mean": 0.933}, "61": {"rank": 0.915, "score": 0.953, "mean": 0.934}, "62": {"rank": 0.916, "score": 0.953, "mean": 0.934}, "63": {"rank": 0.916, "score": 0.953, "mean": 0.935}, "64": {"rank": 0.917, "score": 0.953, "mean": 0.935}, "65": {"rank": 0.918, "score": 0.954, "mean": 0.936}, "66": {"rank": 0.919, "score": 0.954, "mean": 0.936}, "67": {"rank": 0.919, "score": 0.954, "mean": 0.937}, "68": {"rank": 0.92, "score": 0.954, "mean": 0.937}, "69": {"rank": 0.921, "score": 0.955, "mean": 0.938}, "70": {"rank": 0.922, "score": 0.955, "mean": 0.938}, "71": {"rank": 0.922, "score": 0.955, "mean": 0.939}, "72": {"rank": 0.923, "score": 0.955, "mean": 0.939}, "73": {"rank": 0.924, "score": 0.955, "mean": 0.939}, "74": {"rank": 0.924, "score": 0.956, "mean": 0.94}, "75": {"rank": 0.925, "score": 0.956, "mean": 0.941}, "76": {"rank": 0.926, "score": 0.956, "mean": 0.941}, "77": {"rank": 0.926, "score": 0.957, "mean": 0.941}, "78": {"rank": 0.927, "score": 0.957, "mean": 0.942}, "79": {"rank": 0.928, "score": 0.957, "mean": 0.942}, "80": {"rank": 0.928, "score": 0.957, "mean": 0.943}, "81": {"rank": 0.929, "score": 0.958, "mean": 0.943}, "82": {"rank": 0.93, "score": 0.958, "mean": 0.944}, "83": {"rank": 0.931, "score": 0.958, "mean": 0.944}, "84": {"rank": 0.931, "score": 0.958, "mean": 0.945}, "85": {"rank": 0.932, "score": 0.958, "mean": 0.945}, "86": {"rank": 0.933, "score": 0.959, "mean": 0.946}, "87": {"rank": 0.933, "score": 0.959, "mean": 0.946}, "88": {"rank": 0.934, "score": 0.959, "mean": 0.946}, "89": {"rank": 0.934, "score": 0.959, "mean": 0.947}, "90": {"rank": 0.935, "score": 0.96, "mean": 0.947}, "91": {"rank": 0.936, "score": 0.96, "mean": 0.948}, "92": {"rank": 0.936, "score": 0.96, "mean": 0.948}, "93": {"rank": 0.937, "score": 0.96, "mean": 0.949}, "94": {"rank": 0.938, "score": 0.961, "mean": 0.949}, "95": {"rank": 0.938, "score": 0.961, "mean": 0.949}, "96": {"rank": 0.939, "score": 0.961, "mean": 0.95}, "97": {"rank": 0.939, "score": 0.961, "mean": 0.95}, "98": {"rank": 0.94, "score": 0.961, "mean": 0.951}, "99": {"rank": 0.94, "score": 0.961, "mean": 0.951}, "100": {"rank": 0.941, "score": 0.962, "mean": 0.951}, "101": {"rank": 0.941, "score": 0.962, "mean": 0.951}, "102": {"rank": 0.942, "score": 0.962, "mean": 0.952}, "103": {"rank": 0.942, "score": 0.962, "mean": 0.952}, "104": {"rank": 0.943, "score": 0.962, "mean": 0.953}, "105": {"rank": 0.943, "score": 0.963, "mean": 0.953}, "106": {"rank": 0.943, "score": 0.963, "mean": 0.953}, "107": {"rank": 0.944, "score": 0.963, "mean": 0.953}, "108": {"rank": 0.944, "score": 0.963, "mean": 0.954}, "109": {"rank": 0.945, "score": 0.963, "mean": 0.954}, "110": {"rank": 0.945, "score": 0.963, "mean": 0.954}, "111": {"rank": 0.945, "score": 0.963, "mean": 0.954}, "112": {"rank": 0.946, "score": 0.964, "mean": 0.955}, "113": {"rank": 0.946, "score": 0.964, "mean": 0.955}, "114": {"rank": 0.947, "score": 0.964, "mean": 0.955}, "115": {"rank": 0.947, "score": 0.964, "mean": 0.955}, "116": {"rank": 0.947, "score": 0.964, "mean": 0.956}, "117": {"rank": 0.948, "score": 0.964, "mean": 0.956}, "118": {"rank": 0.948, "score": 0.965, "mean": 0.956}, "119": {"rank": 0.948, "score": 0.965, "mean": 0.957}, "120": {"rank": 0.949, "score": 0.965, "mean": 0.957}, "121": {"rank": 0.949, "score": 0.965, "mean": 0.957}, "122": {"rank": 0.949, "score": 0.965, "mean": 0.957}, "123": {"rank": 0.95, "score": 0.965, "mean": 0.957}, "124": {"rank": 0.95, "score": 0.965, "mean": 0.958}, "125": {"rank": 0.95, "score": 0.966, "mean": 0.958}, "126": {"rank": 0.95, "score": 0.966, "mean": 0.958}, "127": {"rank": 0.951, "score": 0.966, "mean": 0.958}, "128": {"rank": 0.951, "score": 0.966, "mean": 0.958}, "129": {"rank": 0.952, "score": 0.967, "mean": 0.959}, "130": {"rank": 0.952, "score": 0.967, "mean": 0.959}, "131": {"rank": 0.952, "score": 0.967, "mean": 0.959}, "132": {"rank": 0.952, "score": 0.967, "mean": 0.96}, "133": {"rank": 0.953, "score": 0.967, "mean": 0.96}, "134": {"rank": 0.953, "score": 0.967, "mean": 0.96}, "135": {"rank": 0.953, "score": 0.967, "mean": 0.96}, "136": {"rank": 0.953, "score": 0.967, "mean": 0.96}, "137": {"rank": 0.954, "score": 0.968, "mean": 0.961}, "138": {"rank": 0.954, "score": 0.968, "mean": 0.961}, "139": {"rank": 0.954, "score": 0.968, "mean": 0.961}, "140": {"rank": 0.955, "score": 0.968, "mean": 0.961}, "141": {"rank": 0.955, "score": 0.968, "mean": 0.962}, "142": {"rank": 0.955, "score": 0.968, "mean": 0.962}, "143": {"rank": 0.956, "score": 0.968, "mean": 0.962}, "144": {"rank": 0.956, "score": 0.969, "mean": 0.962}, "145": {"rank": 0.956, "score": 0.969, "mean": 0.963}, "146": {"rank": 0.957, "score": 0.969, "mean": 0.963}, "147": {"rank": 0.957, "score": 0.969, "mean": 0.963}, "148": {"rank": 0.957, "score": 0.97, "mean": 0.964}, "149": {"rank": 0.958, "score": 0.97, "mean": 0.964}, "150": {"rank": 0.958, "score": 0.97, "mean": 0.964}, "151": {"rank": 0.958, "score": 0.97, "mean": 0.964}, "152": {"rank": 0.958, "score": 0.97, "mean": 0.964}, "153": {"rank": 0.959, "score": 0.97, "mean": 0.964}, "154": {"rank": 0.959, "score": 0.97, "mean": 0.965}, "155": {"rank": 0.959, "score": 0.971, "mean": 0.965}, "156": {"rank": 0.959, "score": 0.971, "mean": 0.965}, "157": {"rank": 0.96, "score": 0.971, "mean": 0.965}, "158": {"rank": 0.96, "score": 0.971, "mean": 0.965}, "159": {"rank": 0.96, "score": 0.971, "mean": 0.965}, "160": {"rank": 0.96, "score": 0.971, "mean": 0.966}, "161": {"rank": 0.96, "score": 0.971, "mean": 0.966}, "162": {"rank": 0.961, "score": 0.971, "mean": 0.966}, "163": {"rank": 0.961, "score": 0.971, "mean": 0.966}, "164": {"rank": 0.961, "score": 0.972, "mean": 0.966}, "165": {"rank": 0.961, "score": 0.972, "mean": 0.966}, "166": {"rank": 0.961, "score": 0.972, "mean": 0.967}, "167": {"rank": 0.962, "score": 0.972, "mean": 0.967}, "168": {"rank": 0.962, "score": 0.972, "mean": 0.967}, "169": {"rank": 0.962, "score": 0.972, "mean": 0.967}, "170": {"rank": 0.963, "score": 0.972, "mean": 0.968}, "171": {"rank": 0.963, "score": 0.972, "mean": 0.968}, "172": {"rank": 0.963, "score": 0.973, "mean": 0.968}, "173": {"rank": 0.963, "score": 0.973, "mean": 0.968}, "174": {"rank": 0.964, "score": 0.973, "mean": 0.968}, "175": {"rank": 0.964, "score": 0.973, "mean": 0.968}, "176": {"rank": 0.964, "score": 0.973, "mean": 0.968}, "177": {"rank": 0.964, "score": 0.973, "mean": 0.969}, "178": {"rank": 0.964, "score": 0.973, "mean": 0.969}, "179": {"rank": 0.965, "score": 0.973, "mean": 0.969}, "180": {"rank": 0.965, "score": 0.973, "mean": 0.969}, "181": {"rank": 0.966, "score": 0.974, "mean": 0.97}, "182": {"rank": 0.966, "score": 0.974, "mean": 0.97}, "183": {"rank": 0.966, "score": 0.974, "mean": 0.97}, "184": {"rank": 0.966, "score": 0.974, "mean": 0.97}, "185": {"rank": 0.967, "score": 0.974, "mean": 0.971}, "186": {"rank": 0.967, "score": 0.975, "mean": 0.971}, "187": {"rank": 0.967, "score": 0.975, "mean": 0.971}, "188": {"rank": 0.967, "score": 0.975, "mean": 0.971}, "189": {"rank": 0.968, "score": 0.975, "mean": 0.971}, "190": {"rank": 0.968, "score": 0.975, "mean": 0.971}, "191": {"rank": 0.968, "score": 0.975, "mean": 0.972}, "192": {"rank": 0.968, "score": 0.975, "mean": 0.972}, "193": {"rank": 0.968, "score": 0.975, "mean": 0.972}, "194": {"rank": 0.969, "score": 0.976, "mean": 0.972}, "195": {"rank": 0.969, "score": 0.976, "mean": 0.972}, "196": {"rank": 0.969, "score": 0.976, "mean": 0.972}, "197": {"rank": 0.969, "score": 0.976, "mean": 0.973}, "198": {"rank": 0.97, "score": 0.976, "mean": 0.973}, "199": {"rank": 0.97, "score": 0.976, "mean": 0.973}, "200": {"rank": 0.97, "score": 0.976, "mean": 0.973}, "201": {"rank": 0.97, "score": 0.977, "mean": 0.974}, "202": {"rank": 0.971, "score": 0.977, "mean": 0.974}, "203": {"rank": 0.971, "score": 0.977, "mean": 0.974}, "204": {"rank": 0.971, "score": 0.977, "mean": 0.974}, "205": {"rank": 0.971, "score": 0.977, "mean": 0.974}, "206": {"rank": 0.971, "score": 0.977, "mean": 0.974}, "207": {"rank": 0.972, "score": 0.977, "mean": 0.974}, "208": {"rank": 0.972, "score": 0.977, "mean": 0.974}, "209": {"rank": 0.972, "score": 0.977, "mean": 0.975}, "210": {"rank": 0.972, "score": 0.978, "mean": 0.975}, "211": {"rank": 0.972, "score": 0.978, "mean": 0.975}, "212": {"rank": 0.972, "score": 0.978, "mean": 0.975}, "213": {"rank": 0.972, "score": 0.978, "mean": 0.975}, "214": {"rank": 0.973, "score": 0.978, "mean": 0.975}, "215": {"rank": 0.973, "score": 0.978, "mean": 0.975}, "216": {"rank": 0.973, "score": 0.978, "mean": 0.976}, "217": {"rank": 0.973, "score": 0.978, "mean": 0.976}, "218": {"rank": 0.973, "score": 0.978, "mean": 0.976}, "219": {"rank": 0.973, "score": 0.978, "mean": 0.976}, "220": {"rank": 0.973, "score": 0.978, "mean": 0.976}, "221": {"rank": 0.974, "score": 0.979, "mean": 0.976}, "222": {"rank": 0.974, "score": 0.979, "mean": 0.976}, "223": {"rank": 0.974, "score": 0.979, "mean": 0.976}, "224": {"rank": 0.974, "score": 0.979, "mean": 0.977}, "225": {"rank": 0.974, "score": 0.979, "mean": 0.977}, "226": {"rank": 0.974, "score": 0.979, "mean": 0.977}, "227": {"rank": 0.975, "score": 0.979, "mean": 0.977}, "228": {"rank": 0.975, "score": 0.979, "mean": 0.977}, "229": {"rank": 0.975, "score": 0.979, "mean": 0.977}, "230": {"rank": 0.975, "score": 0.979, "mean": 0.977}, "231": {"rank": 0.975, "score": 0.979, "mean": 0.977}, "232": {"rank": 0.975, "score": 0.979, "mean": 0.977}, "233": {"rank": 0.975, "score": 0.98, "mean": 0.977}, "234": {"rank": 0.976, "score": 0.98, "mean": 0.978}, "235": {"rank": 0.976, "score": 0.98, "mean": 0.978}, "236": {"rank": 0.976, "score": 0.98, "mean": 0.978}, "237": {"rank": 0.976, "score": 0.98, "mean": 0.978}, "238": {"rank": 0.976, "score": 0.98, "mean": 0.978}, "239": {"rank": 0.976, "score": 0.98, "mean": 0.978}, "240": {"rank": 0.977, "score": 0.98, "mean": 0.978}, "241": {"rank": 0.977, "score": 0.98, "mean": 0.978}, "242": {"rank": 0.977, "score": 0.98, "mean": 0.979}, "243": {"rank": 0.977, "score": 0.981, "mean": 0.979}, "244": {"rank": 0.977, "score": 0.981, "mean": 0.979}, "245": {"rank": 0.977, "score": 0.981, "mean": 0.979}, "246": {"rank": 0.977, "score": 0.981, "mean": 0.979}, "247": {"rank": 0.977, "score": 0.981, "mean": 0.979}, "248": {"rank": 0.977, "score": 0.981, "mean": 0.979}, "249": {"rank": 0.978, "score": 0.981, "mean": 0.979}, "250": {"rank": 0.978, "score": 0.981, "mean": 0.98}, "251": {"rank": 0.978, "score": 0.981, "mean": 0.98}, "252": {"rank": 0.978, "score": 0.981, "mean": 0.98}, "253": {"rank": 0.978, "score": 0.981, "mean": 0.98}, "254": {"rank": 0.978, "score": 0.982, "mean": 0.98}, "255": {"rank": 0.978, "score": 0.982, "mean": 0.98}, "256": {"rank": 0.979, "score": 0.982, "mean": 0.98}, "257": {"rank": 0.979, "score": 0.982, "mean": 0.98}, "258": {"rank": 0.979, "score": 0.982, "mean": 0.98}, "259": {"rank": 0.979, "score": 0.982, "mean": 0.981}, "260": {"rank": 0.979, "score": 0.982, "mean": 0.981}, "261": {"rank": 0.979, "score": 0.982, "mean": 0.981}, "262": {"rank": 0.979, "score": 0.982, "mean": 0.981}, "263": {"rank": 0.98, "score": 0.982, "mean": 0.981}, "264": {"rank": 0.98, "score": 0.983, "mean": 0.981}, "265": {"rank": 0.98, "score": 0.983, "mean": 0.981}, "266": {"rank": 0.98, "score": 0.983, "mean": 0.982}, "267": {"rank": 0.98, "score": 0.983, "mean": 0.982}, "268": {"rank": 0.98, "score": 0.983, "mean": 0.982}, "269": {"rank": 0.981, "score": 0.983, "mean": 0.982}, "270": {"rank": 0.981, "score": 0.983, "mean": 0.982}, "271": {"rank": 0.981, "score": 0.983, "mean": 0.982}, "272": {"rank": 0.981, "score": 0.984, "mean": 0.982}, "273": {"rank": 0.981, "score": 0.984, "mean": 0.982}, "274": {"rank": 0.981, "score": 0.984, "mean": 0.983}, "275": {"rank": 0.982, "score": 0.984, "mean": 0.983}, "276": {"rank": 0.982, "score": 0.984, "mean": 0.983}, "277": {"rank": 0.982, "score": 0.984, "mean": 0.983}, "278": {"rank": 0.982, "score": 0.984, "mean": 0.983}, "279": {"rank": 0.982, "score": 0.984, "mean": 0.983}, "280": {"rank": 0.982, "score": 0.984, "mean": 0.983}, "281": {"rank": 0.982, "score": 0.984, "mean": 0.983}, "282": {"rank": 0.982, "score": 0.984, "mean": 0.983}, "283": {"rank": 0.982, "score": 0.985, "mean": 0.984}, "284": {"rank": 0.983, "score": 0.985, "mean": 0.984}, "285": {"rank": 0.983, "score": 0.985, "mean": 0.984}, "286": {"rank": 0.983, "score": 0.985, "mean": 0.984}, "287": {"rank": 0.983, "score": 0.985, "mean": 0.984}, "288": {"rank": 0.983, "score": 0.985, "mean": 0.984}, "289": {"rank": 0.983, "score": 0.985, "mean": 0.984}, "290": {"rank": 0.983, "score": 0.985, "mean": 0.984}, "291": {"rank": 0.983, "score": 0.985, "mean": 0.984}, "292": {"rank": 0.983, "score": 0.985, "mean": 0.984}, "293": {"rank": 0.983, "score": 0.985, "mean": 0.984}, "294": {"rank": 0.984, "score": 0.985, "mean": 0.984}, "295": {"rank": 0.984, "score": 0.985, "mean": 0.984}, "296": {"rank": 0.984, "score": 0.986, "mean": 0.985}, "297": {"rank": 0.984, "score": 0.986, "mean": 0.985}, "298": {"rank": 0.984, "score": 0.986, "mean": 0.985}, "299": {"rank": 0.984, "score": 0.986, "mean": 0.985}, "300": {"rank": 0.984, "score": 0.986, "mean": 0.985}, "301": {"rank": 0.984, "score": 0.986, "mean": 0.985}, "302": {"rank": 0.984, "score": 0.986, "mean": 0.985}, "303": {"rank": 0.984, "score": 0.986, "mean": 0.985}, "304": {"rank": 0.984, "score": 0.986, "mean": 0.985}, "305": {"rank": 0.984, "score": 0.986, "mean": 0.985}, "306": {"rank": 0.984, "score": 0.986, "mean": 0.985}, "307": {"rank": 0.984, "score": 0.986, "mean": 0.985}, "308": {"rank": 0.985, "score": 0.986, "mean": 0.985}, "309": {"rank": 0.985, "score": 0.986, "mean": 0.986}, "310": {"rank": 0.985, "score": 0.986, "mean": 0.986}, "311": {"rank": 0.985, "score": 0.986, "mean": 0.986}, "312": {"rank": 0.985, "score": 0.987, "mean": 0.986}, "313": {"rank": 0.985, "score": 0.987, "mean": 0.986}, "314": {"rank": 0.985, "score": 0.987, "mean": 0.986}, "315": {"rank": 0.985, "score": 0.987, "mean": 0.986}, "316": {"rank": 0.985, "score": 0.987, "mean": 0.986}, "317": {"rank": 0.985, "score": 0.987, "mean": 0.986}, "318": {"rank": 0.985, "score": 0.987, "mean": 0.986}, "319": {"rank": 0.986, "score": 0.987, "mean": 0.986}, "320": {"rank": 0.986, "score": 0.987, "mean": 0.986}, "321": {"rank": 0.986, "score": 0.987, "mean": 0.986}, "322": {"rank": 0.986, "score": 0.987, "mean": 0.986}, "323": {"rank": 0.986, "score": 0.987, "mean": 0.986}, "324": {"rank": 0.986, "score": 0.987, "mean": 0.986}, "325": {"rank": 0.986, "score": 0.987, "mean": 0.986}, "326": {"rank": 0.986, "score": 0.987, "mean": 0.987}, "327": {"rank": 0.986, "score": 0.987, "mean": 0.987}, "328": {"rank": 0.986, "score": 0.987, "mean": 0.987}, "329": {"rank": 0.986, "score": 0.987, "mean": 0.987}, "330": {"rank": 0.986, "score": 0.988, "mean": 0.987}, "331": {"rank": 0.987, "score": 0.988, "mean": 0.987}, "332": {"rank": 0.987, "score": 0.988, "mean": 0.987}, "333": {"rank": 0.987, "score": 0.988, "mean": 0.987}, "334": {"rank": 0.987, "score": 0.988, "mean": 0.987}, "335": {"rank": 0.987, "score": 0.988, "mean": 0.987}, "336": {"rank": 0.987, "score": 0.988, "mean": 0.987}, "337": {"rank": 0.987, "score": 0.988, "mean": 0.988}, "338": {"rank": 0.987, "score": 0.988, "mean": 0.988}, "339": {"rank": 0.987, "score": 0.988, "mean": 0.988}, "340": {"rank": 0.987, "score": 0.988, "mean": 0.988}, "341": {"rank": 0.987, "score": 0.988, "mean": 0.988}, "342": {"rank": 0.987, "score": 0.988, "mean": 0.988}, "343": {"rank": 0.987, "score": 0.988, "mean": 0.988}, "344": {"rank": 0.987, "score": 0.988, "mean": 0.988}, "345": {"rank": 0.987, "score": 0.988, "mean": 0.988}, "346": {"rank": 0.988, "score": 0.988, "mean": 0.988}, "347": {"rank": 0.988, "score": 0.989, "mean": 0.988}, "348": {"rank": 0.988, "score": 0.989, "mean": 0.988}, "349": {"rank": 0.988, "score": 0.989, "mean": 0.988}, "350": {"rank": 0.988, "score": 0.989, "mean": 0.988}, "351": {"rank": 0.988, "score": 0.989, "mean": 0.988}, "352": {"rank": 0.988, "score": 0.989, "mean": 0.988}, "353": {"rank": 0.988, "score": 0.989, "mean": 0.989}, "354": {"rank": 0.988, "score": 0.989, "mean": 0.989}, "355": {"rank": 0.988, "score": 0.989, "mean": 0.989}, "356": {"rank": 0.988, "score": 0.989, "mean": 0.989}, "357": {"rank": 0.988, "score": 0.989, "mean": 0.989}, "358": {"rank": 0.988, "score": 0.989, "mean": 0.989}, "359": {"rank": 0.988, "score": 0.989, "mean": 0.989}, "360": {"rank": 0.989, "score": 0.989, "mean": 0.989}, "361": {"rank": 0.989, "score": 0.989, "mean": 0.989}, "362": {"rank": 0.989, "score": 0.989, "mean": 0.989}, "363": {"rank": 0.989, "score": 0.989, "mean": 0.989}, "364": {"rank": 0.989, "score": 0.989, "mean": 0.989}, "365": {"rank": 0.989, "score": 0.989, "mean": 0.989}, "366": {"rank": 0.989, "score": 0.989, "mean": 0.989}, "367": {"rank": 0.989, "score": 0.989, "mean": 0.989}, "368": {"rank": 0.989, "score": 0.989, "mean": 0.989}, "369": {"rank": 0.989, "score": 0.99, "mean": 0.989}, "370": {"rank": 0.989, "score": 0.99, "mean": 0.989}, "371": {"rank": 0.989, "score": 0.99, "mean": 0.989}, "372": {"rank": 0.989, "score": 0.99, "mean": 0.99}, "373": {"rank": 0.989, "score": 0.99, "mean": 0.99}, "374": {"rank": 0.99, "score": 0.99, "mean": 0.99}, "375": {"rank": 0.99, "score": 0.99, "mean": 0.99}, "376": {"rank": 0.99, "score": 0.99, "mean": 0.99}, "377": {"rank": 0.99, "score": 0.99, "mean": 0.99}, "378": {"rank": 0.99, "score": 0.99, "mean": 0.99}, "379": {"rank": 0.99, "score": 0.99, "mean": 0.99}, "380": {"rank": 0.99, "score": 0.99, "mean": 0.99}, "381": {"rank": 0.99, "score": 0.99, "mean": 0.99}, "382": {"rank": 0.99, "score": 0.99, "mean": 0.99}, "383": {"rank": 0.99, "score": 0.99, "mean": 0.99}, "384": {"rank": 0.99, "score": 0.99, "mean": 0.99}, "385": {"rank": 0.99, "score": 0.99, "mean": 0.99}, "386": {"rank": 0.99, "score": 0.99, "mean": 0.99}, "387": {"rank": 0.99, "score": 0.99, "mean": 0.99}, "388": {"rank": 0.99, "score": 0.991, "mean": 0.99}, "389": {"rank": 0.99, "score": 0.991, "mean": 0.991}, "390": {"rank": 0.99, "score": 0.991, "mean": 0.991}, "391": {"rank": 0.99, "score": 0.991, "mean": 0.991}, "392": {"rank": 0.991, "score": 0.991, "mean": 0.991}, "393": {"rank": 0.991, "score": 0.991, "mean": 0.991}, "394": {"rank": 0.991, "score": 0.991, "mean": 0.991}, "395": {"rank": 0.991, "score": 0.991, "mean": 0.991}, "396": {"rank": 0.991, "score": 0.991, "mean": 0.991}, "397": {"rank": 0.991, "score": 0.991, "mean": 0.991}, "398": {"rank": 0.991, "score": 0.991, "mean": 0.991}, "399": {"rank": 0.991, "score": 0.991, "mean": 0.991}, "400": {"rank": 0.991, "score": 0.991, "mean": 0.991}, "401": {"rank": 0.991, "score": 0.991, "mean": 0.991}, "402": {"rank": 0.991, "score": 0.991, "mean": 0.991}, "403": {"rank": 0.991, "score": 0.992, "mean": 0.991}, "404": {"rank": 0.991, "score": 0.992, "mean": 0.991}, "405": {"rank": 0.991, "score": 0.992, "mean": 0.992}, "406": {"rank": 0.991, "score": 0.992, "mean": 0.992}, "407": {"rank": 0.992, "score": 0.992, "mean": 0.992}, "408": {"rank": 0.992, "score": 0.992, "mean": 0.992}, "409": {"rank": 0.992, "score": 0.992, "mean": 0.992}, "410": {"rank": 0.992, "score": 0.992, "mean": 0.992}, "411": {"rank": 0.992, "score": 0.992, "mean": 0.992}, "412": {"rank": 0.992, "score": 0.992, "mean": 0.992}, "413": {"rank": 0.992, "score": 0.992, "mean": 0.992}, "414": {"rank": 0.992, "score": 0.992, "mean": 0.992}, "415": {"rank": 0.992, "score": 0.992, "mean": 0.992}, "416": {"rank": 0.992, "score": 0.992, "mean": 0.992}, "417": {"rank": 0.992, "score": 0.992, "mean": 0.992}, "418": {"rank": 0.992, "score": 0.992, "mean": 0.992}, "419": {"rank": 0.992, "score": 0.992, "mean": 0.992}, "420": {"rank": 0.992, "score": 0.992, "mean": 0.992}, "421": {"rank": 0.992, "score": 0.992, "mean": 0.992}, "422": {"rank": 0.992, "score": 0.992, "mean": 0.992}, "423": {"rank": 0.992, "score": 0.992, "mean": 0.992}, "424": {"rank": 0.992, "score": 0.992, "mean": 0.992}, "425": {"rank": 0.992, "score": 0.992, "mean": 0.992}, "426": {"rank": 0.992, "score": 0.993, "mean": 0.992}, "427": {"rank": 0.992, "score": 0.993, "mean": 0.992}, "428": {"rank": 0.992, "score": 0.993, "mean": 0.993}, "429": {"rank": 0.993, "score": 0.993, "mean": 0.993}, "430": {"rank": 0.993, "score": 0.993, "mean": 0.993}, "431": {"rank": 0.993, "score": 0.993, "mean": 0.993}, "432": {"rank": 0.993, "score": 0.993, "mean": 0.993}, "433": {"rank": 0.993, "score": 0.993, "mean": 0.993}, "434": {"rank": 0.993, "score": 0.993, "mean": 0.993}, "435": {"rank": 0.993, "score": 0.993, "mean": 0.993}, "436": {"rank": 0.993, "score": 0.993, "mean": 0.993}, "437": {"rank": 0.993, "score": 0.993, "mean": 0.993}, "438": {"rank": 0.993, "score": 0.993, "mean": 0.993}, "439": {"rank": 0.993, "score": 0.993, "mean": 0.993}, "440": {"rank": 0.993, "score": 0.993, "mean": 0.993}, "441": {"rank": 0.993, "score": 0.993, "mean": 0.993}, "442": {"rank": 0.993, "score": 0.993, "mean": 0.993}, "443": {"rank": 0.993, "score": 0.993, "mean": 0.993}, "444": {"rank": 0.993, "score": 0.993, "mean": 0.993}, "445": {"rank": 0.993, "score": 0.993, "mean": 0.993}, "446": {"rank": 0.993, "score": 0.993, "mean": 0.993}, "447": {"rank": 0.993, "score": 0.993, "mean": 0.993}, "448": {"rank": 0.993, "score": 0.993, "mean": 0.993}, "449": {"rank": 0.994, "score": 0.994, "mean": 0.994}, "450": {"rank": 0.994, "score": 0.994, "mean": 0.994}, "451": {"rank": 0.994, "score": 0.994, "mean": 0.994}, "452": {"rank": 0.994, "score": 0.994, "mean": 0.994}, "453": {"rank": 0.994, "score": 0.994, "mean": 0.994}, "454": {"rank": 0.994, "score": 0.994, "mean": 0.994}, "455": {"rank": 0.994, "score": 0.994, "mean": 0.994}, "456": {"rank": 0.994, "score": 0.994, "mean": 0.994}, "457": {"rank": 0.994, "score": 0.994, "mean": 0.994}, "458": {"rank": 0.994, "score": 0.994, "mean": 0.994}, "459": {"rank": 0.994, "score": 0.994, "mean": 0.994}, "460": {"rank": 0.994, "score": 0.994, "mean": 0.994}, "461": {"rank": 0.994, "score": 0.994, "mean": 0.994}, "462": {"rank": 0.994, "score": 0.994, "mean": 0.994}, "463": {"rank": 0.994, "score": 0.994, "mean": 0.994}, "464": {"rank": 0.994, "score": 0.994, "mean": 0.994}, "465": {"rank": 0.994, "score": 0.994, "mean": 0.994}, "466": {"rank": 0.994, "score": 0.994, "mean": 0.994}, "467": {"rank": 0.994, "score": 0.994, "mean": 0.994}, "468": {"rank": 0.994, "score": 0.994, "mean": 0.994}, "469": {"rank": 0.994, "score": 0.994, "mean": 0.994}, "470": {"rank": 0.994, "score": 0.994, "mean": 0.994}, "471": {"rank": 0.994, "score": 0.994, "mean": 0.994}, "472": {"rank": 0.994, "score": 0.994, "mean": 0.994}, "473": {"rank": 0.994, "score": 0.994, "mean": 0.994}, "474": {"rank": 0.994, "score": 0.994, "mean": 0.994}, "475": {"rank": 0.994, "score": 0.994, "mean": 0.994}, "476": {"rank": 0.994, "score": 0.994, "mean": 0.994}, "477": {"rank": 0.994, "score": 0.994, "mean": 0.994}, "478": {"rank": 0.994, "score": 0.994, "mean": 0.994}, "479": {"rank": 0.994, "score": 0.994, "mean": 0.994}, "480": {"rank": 0.994, "score": 0.994, "mean": 0.994}, "481": {"rank": 0.994, "score": 0.994, "mean": 0.994}, "482": {"rank": 0.994, "score": 0.994, "mean": 0.994}, "483": {"rank": 0.995, "score": 0.995, "mean": 0.995}, "484": {"rank": 0.995, "score": 0.995, "mean": 0.995}, "485": {"rank": 0.995, "score": 0.995, "mean": 0.995}, "486": {"rank": 0.995, "score": 0.995, "mean": 0.995}, "487": {"rank": 0.995, "score": 0.995, "mean": 0.995}, "488": {"rank": 0.995, "score": 0.995, "mean": 0.995}, "489": {"rank": 0.995, "score": 0.995, "mean": 0.995}, "490": {"rank": 0.995, "score": 0.995, "mean": 0.995}, "491": {"rank": 0.995, "score": 0.995, "mean": 0.995}, "492": {"rank": 0.995, "score": 0.995, "mean": 0.995}, "493": {"rank": 0.995, "score": 0.995, "mean": 0.995}, "494": {"rank": 0.995, "score": 0.995, "mean": 0.995}, "495": {"rank": 0.995, "score": 0.995, "mean": 0.995}, "496": {"rank": 0.995, "score": 0.995, "mean": 0.995}, "497": {"rank": 0.995, "score": 0.995, "mean": 0.995}, "498": {"rank": 0.995, "score": 0.995, "mean": 0.995}, "499": {"rank": 0.995, "score": 0.995, "mean": 0.995}, "500": {"rank": 0.995, "score": 0.995, "mean": 0.995}, "501": {"rank": 0.995, "score": 0.995, "mean": 0.995}, "502": {"rank": 0.995, "score": 0.995, "mean": 0.995}, "503": {"rank": 0.995, "score": 0.995, "mean": 0.995}, "504": {"rank": 0.995, "score": 0.995, "mean": 0.995}, "505": {"rank": 0.995, "score": 0.995, "mean": 0.995}, "506": {"rank": 0.995, "score": 0.995, "mean": 0.995}, "507": {"rank": 0.995, "score": 0.995, "mean": 0.995}, "508": {"rank": 0.995, "score": 0.995, "mean": 0.995}, "509": {"rank": 0.995, "score": 0.995, "mean": 0.995}, "510": {"rank": 0.995, "score": 0.995, "mean": 0.995}, "511": {"rank": 0.995, "score": 0.995, "mean": 0.995}, "512": {"rank": 0.995, "score": 0.995, "mean": 0.995}, "513": {"rank": 0.995, "score": 0.995, "mean": 0.995}, "514": {"rank": 0.995, "score": 0.995, "mean": 0.995}, "515": {"rank": 0.995, "score": 0.995, "mean": 0.995}, "516": {"rank": 0.995, "score": 0.995, "mean": 0.995}, "517": {"rank": 0.995, "score": 0.995, "mean": 0.995}, "518": {"rank": 0.995, "score": 0.995, "mean": 0.995}, "519": {"rank": 0.995, "score": 0.995, "mean": 0.995}, "520": {"rank": 0.995, "score": 0.995, "mean": 0.995}, "521": {"rank": 0.995, "score": 0.995, "mean": 0.995}, "522": {"rank": 0.995, "score": 0.995, "mean": 0.995}, "523": {"rank": 0.995, "score": 0.995, "mean": 0.995}, "524": {"rank": 0.995, "score": 0.995, "mean": 0.995}, "525": {"rank": 0.996, "score": 0.996, "mean": 0.996}, "526": {"rank": 0.996, "score": 0.996, "mean": 0.996}, "527": {"rank": 0.996, "score": 0.996, "mean": 0.996}, "528": {"rank": 0.996, "score": 0.996, "mean": 0.996}, "529": {"rank": 0.996, "score": 0.996, "mean": 0.996}, "530": {"rank": 0.996, "score": 0.996, "mean": 0.996}, "531": {"rank": 0.996, "score": 0.996, "mean": 0.996}, "532": {"rank": 0.996, "score": 0.996, "mean": 0.996}, "533": {"rank": 0.996, "score": 0.996, "mean": 0.996}, "534": {"rank": 0.996, "score": 0.996, "mean": 0.996}, "535": {"rank": 0.996, "score": 0.996, "mean": 0.996}, "536": {"rank": 0.996, "score": 0.996, "mean": 0.996}, "537": {"rank": 0.996, "score": 0.996, "mean": 0.996}, "538": {"rank": 0.996, "score": 0.996, "mean": 0.996}, "539": {"rank": 0.996, "score": 0.996, "mean": 0.996}, "540": {"rank": 0.996, "score": 0.996, "mean": 0.996}, "541": {"rank": 0.996, "score": 0.996, "mean": 0.996}, "542": {"rank": 0.996, "score": 0.996, "mean": 0.996}, "543": {"rank": 0.996, "score": 0.996, "mean": 0.996}, "544": {"rank": 0.996, "score": 0.996, "mean": 0.996}, "545": {"rank": 0.996, "score": 0.996, "mean": 0.996}, "546": {"rank": 0.996, "score": 0.996, "mean": 0.996}, "547": {"rank": 0.996, "score": 0.996, "mean": 0.996}, "548": {"rank": 0.996, "score": 0.996, "mean": 0.996}, "549": {"rank": 0.996, "score": 0.996, "mean": 0.996}, "550": {"rank": 0.996, "score": 0.996, "mean": 0.996}, "551": {"rank": 0.996, "score": 0.996, "mean": 0.996}, "552": {"rank": 0.996, "score": 0.996, "mean": 0.996}, "553": {"rank": 0.996, "score": 0.996, "mean": 0.996}, "554": {"rank": 0.996, "score": 0.996, "mean": 0.996}, "555": {"rank": 0.996, "score": 0.996, "mean": 0.996}, "556": {"rank": 0.996, "score": 0.996, "mean": 0.996}, "557": {"rank": 0.996, "score": 0.996, "mean": 0.996}, "558": {"rank": 0.996, "score": 0.996, "mean": 0.996}, "559": {"rank": 0.996, "score": 0.996, "mean": 0.996}, "560": {"rank": 0.996, "score": 0.996, "mean": 0.996}, "561": {"rank": 0.996, "score": 0.996, "mean": 0.996}, "562": {"rank": 0.996, "score": 0.996, "mean": 0.996}, "563": {"rank": 0.996, "score": 0.996, "mean": 0.996}, "564": {"rank": 0.996, "score": 0.996, "mean": 0.996}, "565": {"rank": 0.996, "score": 0.996, "mean": 0.996}, "566": {"rank": 0.996, "score": 0.996, "mean": 0.996}, "567": {"rank": 0.996, "score": 0.996, "mean": 0.996}, "568": {"rank": 0.996, "score": 0.996, "mean": 0.996}, "569": {"rank": 0.996, "score": 0.996, "mean": 0.996}, "570": {"rank": 0.996, "score": 0.996, "mean": 0.996}, "571": {"rank": 0.996, "score": 0.996, "mean": 0.996}, "572": {"rank": 0.996, "score": 0.996, "mean": 0.996}, "573": {"rank": 0.996, "score": 0.996, "mean": 0.996}, "574": {"rank": 0.996, "score": 0.996, "mean": 0.996}, "575": {"rank": 0.996, "score": 0.996, "mean": 0.996}, "576": {"rank": 0.996, "score": 0.996, "mean": 0.996}, "577": {"rank": 0.996, "score": 0.996, "mean": 0.996}, "578": {"rank": 0.996, "score": 0.996, "mean": 0.996}, "579": {"rank": 0.997, "score": 0.997, "mean": 0.997}, "580": {"rank": 0.997, "score": 0.997, "mean": 0.997}, "581": {"rank": 0.997, "score": 0.997, "mean": 0.997}, "582": {"rank": 0.997, "score": 0.997, "mean": 0.997}, "583": {"rank": 0.997, "score": 0.997, "mean": 0.997}, "584": {"rank": 0.997, "score": 0.997, "mean": 0.997}, "585": {"rank": 0.997, "score": 0.997, "mean": 0.997}, "586": {"rank": 0.997, "score": 0.997, "mean": 0.997}, "587": {"rank": 0.997, "score": 0.997, "mean": 0.997}, "588": {"rank": 0.997, "score": 0.997, "mean": 0.997}, "589": {"rank": 0.997, "score": 0.997, "mean": 0.997}, "590": {"rank": 0.997, "score": 0.997, "mean": 0.997}, "591": {"rank": 0.997, "score": 0.997, "mean": 0.997}, "592": {"rank": 0.997, "score": 0.997, "mean": 0.997}, "593": {"rank": 0.997, "score": 0.997, "mean": 0.997}, "594": {"rank": 0.997, "score": 0.997, "mean": 0.997}, "595": {"rank": 0.997, "score": 0.997, "mean": 0.997}, "596": {"rank": 0.997, "score": 0.997, "mean": 0.997}, "597": {"rank": 0.997, "score": 0.997, "mean": 0.997}, "598": {"rank": 0.997, "score": 0.997, "mean": 0.997}, "599": {"rank": 0.997, "score": 0.997, "mean": 0.997}, "600": {"rank": 0.997, "score": 0.997, "mean": 0.997}, "601": {"rank": 0.997, "score": 0.997, "mean": 0.997}, "602": {"rank": 0.997, "score": 0.997, "mean": 0.997}, "603": {"rank": 0.997, "score": 0.997, "mean": 0.997}, "604": {"rank": 0.997, "score": 0.997, "mean": 0.997}, "605": {"rank": 0.997, "score": 0.997, "mean": 0.997}, "606": {"rank": 0.997, "score": 0.997, "mean": 0.997}, "607": {"rank": 0.997, "score": 0.997, "mean": 0.997}, "608": {"rank": 0.997, "score": 0.997, "mean": 0.997}, "609": {"rank": 0.997, "score": 0.997, "mean": 0.997}, "610": {"rank": 0.997, "score": 0.997, "mean": 0.997}, "611": {"rank": 0.997, "score": 0.997, "mean": 0.997}, "612": {"rank": 0.997, "score": 0.997, "mean": 0.997}, "613": {"rank": 0.997, "score": 0.997, "mean": 0.997}, "614": {"rank": 0.998, "score": 0.998, "mean": 0.998}, "615": {"rank": 0.998, "score": 0.998, "mean": 0.998}, "616": {"rank": 0.998, "score": 0.998, "mean": 0.998}, "617": {"rank": 0.998, "score": 0.998, "mean": 0.998}, "618": {"rank": 0.998, "score": 0.998, "mean": 0.998}, "619": {"rank": 0.998, "score": 0.998, "mean": 0.998}, "620": {"rank": 0.998, "score": 0.998, "mean": 0.998}, "621": {"rank": 0.998, "score": 0.998, "mean": 0.998}, "622": {"rank": 0.998, "score": 0.998, "mean": 0.998}, "623": {"rank": 0.998, "score": 0.998, "mean": 0.998}, "624": {"rank": 0.998, "score": 0.998, "mean": 0.998}, "625": {"rank": 0.998, "score": 0.998, "mean": 0.998}, "626": {"rank": 0.998, "score": 0.998, "mean": 0.998}, "627": {"rank": 0.998, "score": 0.998, "mean": 0.998}, "628": {"rank": 0.998, "score": 0.998, "mean": 0.998}, "629": {"rank": 0.998, "score": 0.998, "mean": 0.998}, "630": {"rank": 0.998, "score": 0.998, "mean": 0.998}, "631": {"rank": 0.998, "score": 0.998, "mean": 0.998}, "632": {"rank": 0.998, "score": 0.998, "mean": 0.998}, "633": {"rank": 0.998, "score": 0.998, "mean": 0.998}, "634": {"rank": 0.998, "score": 0.998, "mean": 0.998}, "635": {"rank": 0.998, "score": 0.998, "mean": 0.998}, "636": {"rank": 0.998, "score": 0.998, "mean": 0.998}, "637": {"rank": 0.998, "score": 0.998, "mean": 0.998}, "638": {"rank": 0.998, "score": 0.998, "mean": 0.998}, "639": {"rank": 0.998, "score": 0.998, "mean": 0.998}, "640": {"rank": 0.998, "score": 0.998, "mean": 0.998}, "641": {"rank": 0.998, "score": 0.998, "mean": 0.998}, "642": {"rank": 0.998, "score": 0.998, "mean": 0.998}, "643": {"rank": 0.998, "score": 0.998, "mean": 0.998}, "644": {"rank": 0.998, "score": 0.998, "mean": 0.998}, "645": {"rank": 0.998, "score": 0.998, "mean": 0.998}, "646": {"rank": 0.998, "score": 0.998, "mean": 0.998}, "647": {"rank": 0.998, "score": 0.998, "mean": 0.998}, "648": {"rank": 0.998, "score": 0.998, "mean": 0.998}, "649": {"rank": 0.998, "score": 0.998, "mean": 0.998}, "650": {"rank": 0.998, "score": 0.998, "mean": 0.998}, "651": {"rank": 0.998, "score": 0.998, "mean": 0.998}, "652": {"rank": 0.998, "score": 0.998, "mean": 0.998}, "653": {"rank": 0.998, "score": 0.998, "mean": 0.998}, "654": {"rank": 0.998, "score": 0.998, "mean": 0.998}, "655": {"rank": 0.998, "score": 0.998, "mean": 0.998}, "656": {"rank": 0.998, "score": 0.998, "mean": 0.998}, "657": {"rank": 0.998, "score": 0.998, "mean": 0.998}, "658": {"rank": 0.998, "score": 0.998, "mean": 0.998}, "659": {"rank": 0.998, "score": 0.998, "mean": 0.998}, "660": {"rank": 0.998, "score": 0.998, "mean": 0.998}, "661": {"rank": 0.998, "score": 0.998, "mean": 0.998}, "662": {"rank": 0.998, "score": 0.998, "mean": 0.998}, "663": {"rank": 0.998, "score": 0.998, "mean": 0.998}, "664": {"rank": 0.998, "score": 0.998, "mean": 0.998}, "665": {"rank": 0.998, "score": 0.998, "mean": 0.998}, "666": {"rank": 0.998, "score": 0.998, "mean": 0.998}, "667": {"rank": 0.998, "score": 0.998, "mean": 0.998}, "668": {"rank": 0.998, "score": 0.998, "mean": 0.998}, "669": {"rank": 0.998, "score": 0.998, "mean": 0.998}, "670": {"rank": 0.998, "score": 0.998, "mean": 0.998}, "671": {"rank": 0.998, "score": 0.998, "mean": 0.998}, "672": {"rank": 0.998, "score": 0.998, "mean": 0.998}, "673": {"rank": 0.998, "score": 0.998, "mean": 0.998}, "674": {"rank": 0.999, "score": 0.999, "mean": 0.999}, "675": {"rank": 0.999, "score": 0.999, "mean": 0.999}, "676": {"rank": 0.999, "score": 0.999, "mean": 0.999}, "677": {"rank": 0.999, "score": 0.999, "mean": 0.999}, "678": {"rank": 0.999, "score": 0.999, "mean": 0.999}, "679": {"rank": 0.999, "score": 0.999, "mean": 0.999}, "680": {"rank": 0.999, "score": 0.999, "mean": 0.999}, "681": {"rank": 0.999, "score": 0.999, "mean": 0.999}, "682": {"rank": 0.999, "score": 0.999, "mean": 0.999}, "683": {"rank": 0.999, "score": 0.999, "mean": 0.999}, "684": {"rank": 0.999, "score": 0.999, "mean": 0.999}, "685": {"rank": 0.999, "score": 0.999, "mean": 0.999}, "686": {"rank": 0.999, "score": 0.999, "mean": 0.999}, "687": {"rank": 0.999, "score": 0.999, "mean": 0.999}, "688": {"rank": 0.999, "score": 0.999, "mean": 0.999}, "689": {"rank": 0.999, "score": 0.999, "mean": 0.999}, "690": {"rank": 0.999, "score": 0.999, "mean": 0.999}, "691": {"rank": 0.999, "score": 0.999, "mean": 0.999}, "692": {"rank": 0.999, "score": 0.999, "mean": 0.999}, "693": {"rank": 0.999, "score": 0.999, "mean": 0.999}, "694": {"rank": 0.999, "score": 0.999, "mean": 0.999}, "695": {"rank": 0.999, "score": 0.999, "mean": 0.999}, "696": {"rank": 0.999, "score": 0.999, "mean": 0.999}, "697": {"rank": 0.999, "score": 0.999, "mean": 0.999}, "698": {"rank": 0.999, "score": 0.999, "mean": 0.999}, "699": {"rank": 0.999, "score": 0.999, "mean": 0.999}, "700": {"rank": 0.999, "score": 0.999, "mean": 0.999}, "701": {"rank": 0.999, "score": 0.999, "mean": 0.999}, "702": {"rank": 0.999, "score": 0.999, "mean": 0.999}, "703": {"rank": 0.999, "score": 0.999, "mean": 0.999}, "704": {"rank": 0.999, "score": 0.999, "mean": 0.999}, "705": {"rank": 0.999, "score": 0.999, "mean": 0.999}, "706": {"rank": 0.999, "score": 0.999, "mean": 0.999}, "707": {"rank": 0.999, "score": 0.999, "mean": 0.999}, "708": {"rank": 0.999, "score": 0.999, "mean": 0.999}, "709": {"rank": 0.999, "score": 0.999, "mean": 0.999}, "710": {"rank": 0.999, "score": 0.999, "mean": 0.999}, "711": {"rank": 0.999, "score": 0.999, "mean": 0.999}, "712": {"rank": 0.999, "score": 0.999, "mean": 0.999}, "713": {"rank": 0.999, "score": 0.999, "mean": 0.999}, "714": {"rank": 0.999, "score": 0.999, "mean": 0.999}, "715": {"rank": 0.999, "score": 0.999, "mean": 0.999}, "716": {"rank": 0.999, "score": 0.999, "mean": 0.999}, "717": {"rank": 0.999, "score": 0.999, "mean": 0.999}, "718": {"rank": 0.999, "score": 0.999, "mean": 0.999}, "719": {"rank": 0.999, "score": 0.999, "mean": 0.999}, "720": {"rank": 0.999, "score": 0.999, "mean": 0.999}, "721": {"rank": 0.999, "score": 0.999, "mean": 0.999}, "722": {"rank": 0.999, "score": 0.999, "mean": 0.999}, "723": {"rank": 0.999, "score": 0.999, "mean": 0.999}, "724": {"rank": 0.999, "score": 0.999, "mean": 0.999}, "725": {"rank": 0.999, "score": 0.999, "mean": 0.999}, "726": {"rank": 0.999, "score": 0.999, "mean": 0.999}, "727": {"rank": 0.999, "score": 0.999, "mean": 0.999}, "728": {"rank": 0.999, "score": 0.999, "mean": 0.999}, "729": {"rank": 0.999, "score": 0.999, "mean": 0.999}, "730": {"rank": 0.999, "score": 0.999, "mean": 0.999}, "731": {"rank": 0.999, "score": 0.999, "mean": 0.999}, "732": {"rank": 0.999, "score": 0.999, "mean": 0.999}, "733": {"rank": 0.999, "score": 0.999, "mean": 0.999}, "734": {"rank": 0.999, "score": 0.999, "mean": 0.999}, "735": {"rank": 0.999, "score": 0.999, "mean": 0.999}, "736": {"rank": 0.999, "score": 0.999, "mean": 0.999}, "737": {"rank": 0.999, "score": 0.999, "mean": 0.999}, "738": {"rank": 0.999, "score": 0.999, "mean": 0.999}, "739": {"rank": 0.999, "score": 0.999, "mean": 0.999}, "740": {"rank": 0.999, "score": 0.999, "mean": 0.999}, "741": {"rank": 0.999, "score": 0.999, "mean": 0.999}, "742": {"rank": 0.999, "score": 0.999, "mean": 0.999}, "743": {"rank": 0.999, "score": 0.999, "mean": 0.999}, "744": {"rank": 0.999, "score": 0.999, "mean": 0.999}, "745": {"rank": 0.999, "score": 0.999, "mean": 0.999}, "746": {"rank": 0.999, "score": 0.999, "mean": 0.999}, "747": {"rank": 0.999, "score": 0.999, "mean": 0.999}, "748": {"rank": 0.999, "score": 0.999, "mean": 0.999}, "749": {"rank": 0.999, "score": 0.999, "mean": 0.999}, "750": {"rank": 0.999, "score": 0.999, "mean": 0.999}, "751": {"rank": 0.999, "score": 0.999, "mean": 0.999}, "752": {"rank": 0.999, "score": 0.999, "mean": 0.999}, "753": {"rank": 0.999, "score": 0.999, "mean": 0.999}, "754": {"rank": 0.999, "score": 0.999, "mean": 0.999}, "755": {"rank": 0.999, "score": 0.999, "mean": 0.999}, "756": {"rank": 0.999, "score": 0.999, "mean": 0.999}, "757": {"rank": 0.999, "score": 0.999, "mean": 0.999}, "758": {"rank": 0.999, "score": 0.999, "mean": 0.999}, "759": {"rank": 0.999, "score": 0.999, "mean": 0.999}, "760": {"rank": 0.999, "score": 0.999, "mean": 0.999}, "761": {"rank": 0.999, "score": 0.999, "mean": 0.999}, "762": {"rank": 0.999, "score": 0.999, "mean": 0.999}, "763": {"rank": 0.999, "score": 0.999, "mean": 0.999}, "764": {"rank": 0.999, "score": 0.999, "mean": 0.999}, "765": {"rank": 0.999, "score": 0.999, "mean": 0.999}, "766": {"rank": 0.999, "score": 0.999, "mean": 0.999}, "767": {"rank": 0.999, "score": 0.999, "mean": 0.999}, "768": {"rank": 0.999, "score": 0.999, "mean": 0.999}, "769": {"rank": 0.999, "score": 0.999, "mean": 0.999}, "770": {"rank": 0.999, "score": 0.999, "mean": 0.999}, "771": {"rank": 0.999, "score": 0.999, "mean": 0.999}, "772": {"rank": 0.999, "score": 0.999, "mean": 0.999}, "773": {"rank": 0.999, "score": 0.999, "mean": 0.999}, "774": {"rank": 0.999, "score": 0.999, "mean": 0.999}, "775": {"rank": 1.0, "score": 1.0, "mean": 1.0}, "776": {"rank": 1.0, "score": 1.0, "mean": 1.0}, "777": {"rank": 1.0, "score": 1.0, "mean": 1.0}, "778": {"rank": 1.0, "score": 1.0, "mean": 1.0}, "779": {"rank": 1.0, "score": 1.0, "mean": 1.0}, "780": {"rank": 1.0, "score": 1.0, "mean": 1.0}, "781": {"rank": 1.0, "score": 1.0, "mean": 1.0}, "782": {"rank": 1.0, "score": 1.0, "mean": 1.0}, "783": {"rank": 1.0, "score": 1.0, "mean": 1.0}, "784": {"rank": 1.0, "score": 1.0, "mean": 1.0}, "785": {"rank": 1.0, "score": 1.0, "mean": 1.0}, "786": {"rank": 1.0, "score": 1.0, "mean": 1.0}, "787": {"rank": 1.0, "score": 1.0, "mean": 1.0}, "788": {"rank": 1.0, "score": 1.0, "mean": 1.0}, "789": {"rank": 1.0, "score": 1.0, "mean": 1.0}, "790": {"rank": 1.0, "score": 1.0, "mean": 1.0}, "791": {"rank": 1.0, "score": 1.0, "mean": 1.0}, "792": {"rank": 1.0, "score": 1.0, "mean": 1.0}, "793": {"rank": 1.0, "score": 1.0, "mean": 1.0}, "794": {"rank": 1.0, "score": 1.0, "mean": 1.0}, "795": {"rank": 1.0, "score": 1.0, "mean": 1.0}, "796": {"rank": 1.0, "score": 1.0, "mean": 1.0}, "797": {"rank": 1.0, "score": 1.0, "mean": 1.0}, "798": {"rank": 1.0, "score": 1.0, "mean": 1.0}, "799": {"rank": 1.0, "score": 1.0, "mean": 1.0}, "800": {"rank": 1.0, "score": 1.0, "mean": 1.0}, "801": {"rank": 1.0, "score": 1.0, "mean": 1.0}, "802": {"rank": 1.0, "score": 1.0, "mean": 1.0}, "803": {"rank": 1.0, "score": 1.0, "mean": 1.0}, "804": {"rank": 1.0, "score": 1.0, "mean": 1.0}, "805": {"rank": 1.0, "score": 1.0, "mean": 1.0}, "806": {"rank": 1.0, "score": 1.0, "mean": 1.0}, "807": {"rank": 1.0, "score": 1.0, "mean": 1.0}, "808": {"rank": 1.0, "score": 1.0, "mean": 1.0}, "809": {"rank": 1.0, "score": 1.0, "mean": 1.0}, "810": {"rank": 1.0, "score": 1.0, "mean": 1.0}, "811": {"rank": 1.0, "score": 1.0, "mean": 1.0}, "812": {"rank": 1.0, "score": 1.0, "mean": 1.0}, "813": {"rank": 1.0, "score": 1.0, "mean": 1.0}, "814": {"rank": 1.0, "score": 1.0, "mean": 1.0}, "815": {"rank": 1.0, "score": 1.0, "mean": 1.0}, "816": {"rank": 1.0, "score": 1.0, "mean": 1.0}, "817": {"rank": 1.0, "score": 1.0, "mean": 1.0}, "818": {"rank": 1.0, "score": 1.0, "mean": 1.0}, "819": {"rank": 1.0, "score": 1.0, "mean": 1.0}, "820": {"rank": 1.0, "score": 1.0, "mean": 1.0}, "821": {"rank": 1.0, "score": 1.0, "mean": 1.0}, "822": {"rank": 1.0, "score": 1.0, "mean": 1.0}, "823": {"rank": 1.0, "score": 1.0, "mean": 1.0}, "824": {"rank": 1.0, "score": 1.0, "mean": 1.0}, "825": {"rank": 1.0, "score": 1.0, "mean": 1.0}, "826": {"rank": 1.0, "score": 1.0, "mean": 1.0}, "827": {"rank": 1.0, "score": 1.0, "mean": 1.0}, "828": {"rank": 1.0, "score": 1.0, "mean": 1.0}, "829": {"rank": 1.0, "score": 1.0, "mean": 1.0}, "830": {"rank": 1.0, "score": 1.0, "mean": 1.0}, "831": {"rank": 1.0, "score": 1.0, "mean": 1.0}, "832": {"rank": 1.0, "score": 1.0, "mean": 1.0}, "833": {"rank": 1.0, "score": 1.0, "mean": 1.0}, "834": {"rank": 1.0, "score": 1.0, "mean": 1.0}, "835": {"rank": 1.0, "score": 1.0, "mean": 1.0}, "836": {"rank": 1.0, "score": 1.0, "mean": 1.0}, "837": {"rank": 1.0, "score": 1.0, "mean": 1.0}, "838": {"rank": 1.0, "score": 1.0, "mean": 1.0}, "839": {"rank": 1.0, "score": 1.0, "mean": 1.0}, "840": {"rank": 1.0, "score": 1.0, "mean": 1.0}, "841": {"rank": 1.0, "score": 1.0, "mean": 1.0}, "842": {"rank": 1.0, "score": 1.0, "mean": 1.0}, "843": {"rank": 1.0, "score": 1.0, "mean": 1.0}, "844": {"rank": 1.0, "score": 1.0, "mean": 1.0}, "845": {"rank": 1.0, "score": 1.0, "mean": 1.0}, "846": {"rank": 1.0, "score": 1.0, "mean": 1.0}, "847": {"rank": 1.0, "score": 1.0, "mean": 1.0}, "848": {"rank": 1.0, "score": 1.0, "mean": 1.0}, "849": {"rank": 1.0, "score": 1.0, "mean": 1.0}, "850": {"rank": 1.0, "score": 1.0, "mean": 1.0}, "851": {"rank": 1.0, "score": 1.0, "mean": 1.0}, "852": {"rank": 1.0, "score": 1.0, "mean": 1.0}, "853": {"rank": 1.0, "score": 1.0, "mean": 1.0}, "854": {"rank": 1.0, "score": 1.0, "mean": 1.0}, "855": {"rank": 1.0, "score": 1.0, "mean": 1.0}, "856": {"rank": 1.0, "score": 1.0, "mean": 1.0}, "857": {"rank": 1.0, "score": 1.0, "mean": 1.0}, "858": {"rank": 1.0, "score": 1.0, "mean": 1.0}, "859": {"rank": 1.0, "score": 1.0, "mean": 1.0}, "860": {"rank": 1.0, "score": 1.0, "mean": 1.0}, "861": {"rank": 1.0, "score": 1.0, "mean": 1.0}, "862": {"rank": 1.0, "score": 1.0, "mean": 1.0}, "863": {"rank": 1.0, "score": 1.0, "mean": 1.0}, "864": {"rank": 1.0, "score": 1.0, "mean": 1.0}, "865": {"rank": 1.0, "score": 1.0, "mean": 1.0}, "866": {"rank": 1.0, "score": 1.0, "mean": 1.0}, "867": {"rank": 1.0, "score": 1.0, "mean": 1.0}, "868": {"rank": 1.0, "score": 1.0, "mean": 1.0}, "869": {"rank": 1.0, "score": 1.0, "mean": 1.0}, "870": {"rank": 1.0, "score": 1.0, "mean": 1.0}, "871": {"rank": 1.0, "score": 1.0, "mean": 1.0}, "872": {"rank": 1.0, "score": 1.0, "mean": 1.0}, "873": {"rank": 1.0, "score": 1.0, "mean": 1.0}, "874": {"rank": 1.0, "score": 1.0, "mean": 1.0}, "875": {"rank": 1.0, "score": 1.0, "mean": 1.0}, "876": {"rank": 1.0, "score": 1.0, "mean": 1.0}, "877": {"rank": 1.0, "score": 1.0, "mean": 1.0}, "878": {"rank": 1.0, "score": 1.0, "mean": 1.0}, "879": {"rank": 1.0, "score": 1.0, "mean": 1.0}, "880": {"rank": 1.0, "score": 1.0, "mean": 1.0}, "881": {"rank": 1.0, "score": 1.0, "mean": 1.0}, "882": {"rank": 1.0, "score": 1.0, "mean": 1.0}, "883": {"rank": 1.0, "score": 1.0, "mean": 1.0}, "884": {"rank": 1.0, "score": 1.0, "mean": 1.0}, "885": {"rank": 1.0, "score": 1.0, "mean": 1.0}, "886": {"rank": 1.0, "score": 1.0, "mean": 1.0}, "887": {"rank": 1.0, "score": 1.0, "mean": 1.0}, "888": {"rank": 1.0, "score": 1.0, "mean": 1.0}, "889": {"rank": 1.0, "score": 1.0, "mean": 1.0}, "890": {"rank": 1.0, "score": 1.0, "mean": 1.0}, "891": {"rank": 1.0, "score": 1.0, "mean": 1.0}, "892": {"rank": 1.0, "score": 1.0, "mean": 1.0}, "893": {"rank": 1.0, "score": 1.0, "mean": 1.0}, "894": {"rank": 1.0, "score": 1.0, "mean": 1.0}, "895": {"rank": 1.0, "score": 1.0, "mean": 1.0}, "896": {"rank": 1.0, "score": 1.0, "mean": 1.0}, "897": {"rank": 1.0, "score": 1.0, "mean": 1.0}, "898": {"rank": 1.0, "score": 1.0, "mean": 1.0}, "899": {"rank": 1.0, "score": 1.0, "mean": 1.0}, "900": {"rank": 1.0, "score": 1.0, "mean": 1.0}, "901": {"rank": 1.0, "score": 1.0, "mean": 1.0}, "902": {"rank": 1.0, "score": 1.0, "mean": 1.0}, "903": {"rank": 1.0, "score": 1.0, "mean": 1.0}, "904": {"rank": 1.0, "score": 1.0, "mean": 1.0}, "905": {"rank": 1.0, "score": 1.0, "mean": 1.0}, "906": {"rank": 1.0, "score": 1.0, "mean": 1.0}, "907": {"rank": 1.0, "score": 1.0, "mean": 1.0}, "908": {"rank": 1.0, "score": 1.0, "mean": 1.0}, "909": {"rank": 1.0, "score": 1.0, "mean": 1.0}, "910": {"rank": 1.0, "score": 1.0, "mean": 1.0}, "911": {"rank": 1.0, "score": 1.0, "mean": 1.0}, "912": {"rank": 1.0, "score": 1.0, "mean": 1.0}, "913": {"rank": 1.0, "score": 1.0, "mean": 1.0}, "914": {"rank": 1.0, "score": 1.0, "mean": 1.0}, "915": {"rank": 1.0, "score": 1.0, "mean": 1.0}, "916": {"rank": 1.0, "score": 1.0, "mean": 1.0}, "917": {"rank": 1.0, "score": 1.0, "mean": 1.0}, "918": {"rank": 1.0, "score": 1.0, "mean": 1.0}, "919": {"rank": 1.0, "score": 1.0, "mean": 1.0}, "920": {"rank": 1.0, "score": 1.0, "mean": 1.0}, "921": {"rank": 1.0, "score": 1.0, "mean": 1.0}, "922": {"rank": 1.0, "score": 1.0, "mean": 1.0}, "923": {"rank": 1.0, "score": 1.0, "mean": 1.0}, "924": {"rank": 1.0, "score": 1.0, "mean": 1.0}, "925": {"rank": 1.0, "score": 1.0, "mean": 1.0}, "926": {"rank": 1.0, "score": 1.0, "mean": 1.0}, "927": {"rank": 1.0, "score": 1.0, "mean": 1.0}, "928": {"rank": 1.0, "score": 1.0, "mean": 1.0}, "929": {"rank": 1.0, "score": 1.0, "mean": 1.0}, "930": {"rank": 1.0, "score": 1.0, "mean": 1.0}, "931": {"rank": 1.0, "score": 1.0, "mean": 1.0}, "932": {"rank": 1.0, "score": 1.0, "mean": 1.0}, "933": {"rank": 1.0, "score": 1.0, "mean": 1.0}, "934": {"rank": 1.0, "score": 1.0, "mean": 1.0}, "935": {"rank": 1.0, "score": 1.0, "mean": 1.0}, "936": {"rank": 1.0, "score": 1.0, "mean": 1.0}, "937": {"rank": 1.0, "score": 1.0, "mean": 1.0}, "938": {"rank": 1.0, "score": 1.0, "mean": 1.0}, "939": {"rank": 1.0, "score": 1.0, "mean": 1.0}, "940": {"rank": 1.0, "score": 1.0, "mean": 1.0}, "941": {"rank": 1.0, "score": 1.0, "mean": 1.0}, "942": {"rank": 1.0, "score": 1.0, "mean": 1.0}, "943": {"rank": 1.0, "score": 1.0, "mean": 1.0}, "944": {"rank": 1.0, "score": 1.0, "mean": 1.0}, "945": {"rank": 1.0, "score": 1.0, "mean": 1.0}, "946": {"rank": 1.0, "score": 1.0, "mean": 1.0}, "947": {"rank": 1.0, "score": 1.0, "mean": 1.0}, "948": {"rank": 1.0, "score": 1.0, "mean": 1.0}, "949": {"rank": 1.0, "score": 1.0, "mean": 1.0}, "950": {"rank": 1.0, "score": 1.0, "mean": 1.0}, "951": {"rank": 1.0, "score": 1.0, "mean": 1.0}, "952": {"rank": 1.0, "score": 1.0, "mean": 1.0}, "953": {"rank": 1.0, "score": 1.0, "mean": 1.0}, "954": {"rank": 1.0, "score": 1.0, "mean": 1.0}, "955": {"rank": 1.0, "score": 1.0, "mean": 1.0}, "956": {"rank": 1.0, "score": 1.0, "mean": 1.0}, "957": {"rank": 1.0, "score": 1.0, "mean": 1.0}, "958": {"rank": 1.0, "score": 1.0, "mean": 1.0}, "959": {"rank": 1.0, "score": 1.0, "mean": 1.0}, "960": {"rank": 1.0, "score": 1.0, "mean": 1.0}, "961": {"rank": 1.0, "score": 1.0, "mean": 1.0}, "962": {"rank": 1.0, "score": 1.0, "mean": 1.0}, "963": {"rank": 1.0, "score": 1.0, "mean": 1.0}, "964": {"rank": 1.0, "score": 1.0, "mean": 1.0}, "965": {"rank": 1.0, "score": 1.0, "mean": 1.0}, "966": {"rank": 1.0, "score": 1.0, "mean": 1.0}, "967": {"rank": 1.0, "score": 1.0, "mean": 1.0}, "968": {"rank": 1.0, "score": 1.0, "mean": 1.0}, "969": {"rank": 1.0, "score": 1.0, "mean": 1.0}, "970": {"rank": 1.0, "score": 1.0, "mean": 1.0}, "971": {"rank": 1.0, "score": 1.0, "mean": 1.0}, "972": {"rank": 1.0, "score": 1.0, "mean": 1.0}, "973": {"rank": 1.0, "score": 1.0, "mean": 1.0}, "974": {"rank": 1.0, "score": 1.0, "mean": 1.0}, "975": {"rank": 1.0, "score": 1.0, "mean": 1.0}, "976": {"rank": 1.0, "score": 1.0, "mean": 1.0}, "977": {"rank": 1.0, "score": 1.0, "mean": 1.0}, "978": {"rank": 1.0, "score": 1.0, "mean": 1.0}, "979": {"rank": 1.0, "score": 1.0, "mean": 1.0}, "980": {"rank": 1.0, "score": 1.0, "mean": 1.0}, "981": {"rank": 1.0, "score": 1.0, "mean": 1.0}, "982": {"rank": 1.0, "score": 1.0, "mean": 1.0}, "983": {"rank": 1.0, "score": 1.0, "mean": 1.0}, "984": {"rank": 1.0, "score": 1.0, "mean": 1.0}, "985": {"rank": 1.0, "score": 1.0, "mean": 1.0}, "986": {"rank": 1.0, "score": 1.0, "mean": 1.0}, "987": {"rank": 1.0, "score": 1.0, "mean": 1.0}, "988": {"rank": 1.0, "score": 1.0, "mean": 1.0}, "989": {"rank": 1.0, "score": 1.0, "mean": 1.0}, "990": {"rank": 1.0, "score": 1.0, "mean": 1.0}, "991": {"rank": 1.0, "score": 1.0, "mean": 1.0}, "992": {"rank": 1.0, "score": 1.0, "mean": 1.0}, "993": {"rank": 1.0, "score": 1.0, "mean": 1.0}, "994": {"rank": 1.0, "score": 1.0, "mean": 1.0}, "995": {"rank": 1.0, "score": 1.0, "mean": 1.0}, "996": {"rank": 1.0, "score": 1.0, "mean": 1.0}, "997": {"rank": 1.0, "score": 1.0, "mean": 1.0}, "998": {"rank": 1.0, "score": 1.0, "mean": 1.0}, "999": {"rank": 1.0, "score": 1.0, "mean": 1.0}, "1000": {"rank": 1.0, "score": 1.0, "mean": 1.0}}