{"1": {"non-stress": 0.934, "stress": 0.934}, "2": {"non-stress": 0.934, "stress": 0.934}, "3": {"non-stress": 0.935, "stress": 0.935}, "4": {"non-stress": 0.936, "stress": 0.935}, "5": {"non-stress": 0.936, "stress": 0.935}, "6": {"non-stress": 0.936, "stress": 0.936}, "7": {"non-stress": 0.937, "stress": 0.936}, "8": {"non-stress": 0.938, "stress": 0.936}, "9": {"non-stress": 0.938, "stress": 0.936}, "10": {"non-stress": 0.938, "stress": 0.937}, "11": {"non-stress": 0.939, "stress": 0.937}, "12": {"non-stress": 0.939, "stress": 0.938}, "13": {"non-stress": 0.94, "stress": 0.938}, "14": {"non-stress": 0.94, "stress": 0.938}, "15": {"non-stress": 0.94, "stress": 0.939}, "16": {"non-stress": 0.94, "stress": 0.939}, "17": {"non-stress": 0.94, "stress": 0.939}, "18": {"non-stress": 0.941, "stress": 0.94}, "19": {"non-stress": 0.941, "stress": 0.94}, "20": {"non-stress": 0.941, "stress": 0.941}, "21": {"non-stress": 0.942, "stress": 0.941}, "22": {"non-stress": 0.942, "stress": 0.941}, "23": {"non-stress": 0.943, "stress": 0.942}, "24": {"non-stress": 0.943, "stress": 0.942}, "25": {"non-stress": 0.944, "stress": 0.942}, "26": {"non-stress": 0.944, "stress": 0.942}, "27": {"non-stress": 0.945, "stress": 0.943}, "28": {"non-stress": 0.945, "stress": 0.943}, "29": {"non-stress": 0.945, "stress": 0.943}, "30": {"non-stress": 0.946, "stress": 0.944}, "31": {"non-stress": 0.946, "stress": 0.944}, "32": {"non-stress": 0.946, "stress": 0.945}, "33": {"non-stress": 0.947, "stress": 0.945}, "34": {"non-stress": 0.947, "stress": 0.945}, "35": {"non-stress": 0.947, "stress": 0.946}, "36": {"non-stress": 0.947, "stress": 0.946}, "37": {"non-stress": 0.948, "stress": 0.946}, "38": {"non-stress": 0.948, "stress": 0.947}, "39": {"non-stress": 0.948, "stress": 0.947}, "40": {"non-stress": 0.948, "stress": 0.947}, "41": {"non-stress": 0.949, "stress": 0.947}, "42": {"non-stress": 0.949, "stress": 0.947}, "43": {"non-stress": 0.949, "stress": 0.948}, "44": {"non-stress": 0.95, "stress": 0.948}, "45": {"non-stress": 0.95, "stress": 0.948}, "46": {"non-stress": 0.95, "stress": 0.949}, "47": {"non-stress": 0.951, "stress": 0.949}, "48": {"non-stress": 0.951, "stress": 0.949}, "49": {"non-stress": 0.951, "stress": 0.95}, "50": {"non-stress": 0.951, "stress": 0.95}, "51": {"non-stress": 0.951, "stress": 0.95}, "52": {"non-stress": 0.952, "stress": 0.95}, "53": {"non-stress": 0.952, "stress": 0.95}, "54": {"non-stress": 0.952, "stress": 0.951}, "55": {"non-stress": 0.952, "stress": 0.951}, "56": {"non-stress": 0.952, "stress": 0.951}, "57": {"non-stress": 0.953, "stress": 0.951}, "58": {"non-stress": 0.953, "stress": 0.951}, "59": {"non-stress": 0.953, "stress": 0.952}, "60": {"non-stress": 0.953, "stress": 0.952}, "61": {"non-stress": 0.953, "stress": 0.952}, "62": {"non-stress": 0.954, "stress": 0.952}, "63": {"non-stress": 0.954, "stress": 0.952}, "64": {"non-stress": 0.954, "stress": 0.953}, "65": {"non-stress": 0.955, "stress": 0.953}, "66": {"non-stress": 0.955, "stress": 0.953}, "67": {"non-stress": 0.955, "stress": 0.953}, "68": {"non-stress": 0.955, "stress": 0.953}, "69": {"non-stress": 0.956, "stress": 0.953}, "70": {"non-stress": 0.956, "stress": 0.954}, "71": {"non-stress": 0.956, "stress": 0.954}, "72": {"non-stress": 0.956, "stress": 0.954}, "73": {"non-stress": 0.956, "stress": 0.954}, "74": {"non-stress": 0.957, "stress": 0.954}, "75": {"non-stress": 0.957, "stress": 0.955}, "76": {"non-stress": 0.957, "stress": 0.955}, "77": {"non-stress": 0.958, "stress": 0.955}, "78": {"non-stress": 0.958, "stress": 0.956}, "79": {"non-stress": 0.958, "stress": 0.956}, "80": {"non-stress": 0.958, "stress": 0.956}, "81": {"non-stress": 0.958, "stress": 0.957}, "82": {"non-stress": 0.959, "stress": 0.957}, "83": {"non-stress": 0.959, "stress": 0.957}, "84": {"non-stress": 0.959, "stress": 0.957}, "85": {"non-stress": 0.959, "stress": 0.958}, "86": {"non-stress": 0.959, "stress": 0.958}, "87": {"non-stress": 0.96, "stress": 0.958}, "88": {"non-stress": 0.96, "stress": 0.958}, "89": {"non-stress": 0.96, "stress": 0.958}, "90": {"non-stress": 0.961, "stress": 0.958}, "91": {"non-stress": 0.961, "stress": 0.959}, "92": {"non-stress": 0.961, "stress": 0.959}, "93": {"non-stress": 0.961, "stress": 0.959}, "94": {"non-stress": 0.962, "stress": 0.96}, "95": {"non-stress": 0.962, "stress": 0.96}, "96": {"non-stress": 0.962, "stress": 0.96}, "97": {"non-stress": 0.962, "stress": 0.96}, "98": {"non-stress": 0.962, "stress": 0.96}, "99": {"non-stress": 0.962, "stress": 0.96}, "100": {"non-stress": 0.962, "stress": 0.961}, "101": {"non-stress": 0.963, "stress": 0.961}, "102": {"non-stress": 0.963, "stress": 0.961}, "103": {"non-stress": 0.963, "stress": 0.961}, "104": {"non-stress": 0.963, "stress": 0.962}, "105": {"non-stress": 0.963, "stress": 0.962}, "106": {"non-stress": 0.964, "stress": 0.962}, "107": {"non-stress": 0.964, "stress": 0.962}, "108": {"non-stress": 0.964, "stress": 0.962}, "109": {"non-stress": 0.964, "stress": 0.962}, "110": {"non-stress": 0.964, "stress": 0.963}, "111": {"non-stress": 0.964, "stress": 0.963}, "112": {"non-stress": 0.964, "stress": 0.963}, "113": {"non-stress": 0.965, "stress": 0.963}, "114": {"non-stress": 0.965, "stress": 0.963}, "115": {"non-stress": 0.965, "stress": 0.963}, "116": {"non-stress": 0.965, "stress": 0.963}, "117": {"non-stress": 0.965, "stress": 0.963}, "118": {"non-stress": 0.966, "stress": 0.963}, "119": {"non-stress": 0.966, "stress": 0.964}, "120": {"non-stress": 0.966, "stress": 0.964}, "121": {"non-stress": 0.966, "stress": 0.964}, "122": {"non-stress": 0.966, "stress": 0.964}, "123": {"non-stress": 0.966, "stress": 0.964}, "124": {"non-stress": 0.967, "stress": 0.964}, "125": {"non-stress": 0.967, "stress": 0.964}, "126": {"non-stress": 0.967, "stress": 0.965}, "127": {"non-stress": 0.967, "stress": 0.965}, "128": {"non-stress": 0.967, "stress": 0.965}, "129": {"non-stress": 0.968, "stress": 0.965}, "130": {"non-stress": 0.968, "stress": 0.966}, "131": {"non-stress": 0.968, "stress": 0.966}, "132": {"non-stress": 0.968, "stress": 0.966}, "133": {"non-stress": 0.968, "stress": 0.966}, "134": {"non-stress": 0.968, "stress": 0.966}, "135": {"non-stress": 0.968, "stress": 0.966}, "136": {"non-stress": 0.969, "stress": 0.966}, "137": {"non-stress": 0.969, "stress": 0.966}, "138": {"non-stress": 0.969, "stress": 0.966}, "139": {"non-stress": 0.969, "stress": 0.967}, "140": {"non-stress": 0.969, "stress": 0.967}, "141": {"non-stress": 0.969, "stress": 0.967}, "142": {"non-stress": 0.97, "stress": 0.967}, "143": {"non-stress": 0.97, "stress": 0.967}, "144": {"non-stress": 0.97, "stress": 0.967}, "145": {"non-stress": 0.97, "stress": 0.968}, "146": {"non-stress": 0.971, "stress": 0.968}, "147": {"non-stress": 0.971, "stress": 0.968}, "148": {"non-stress": 0.971, "stress": 0.968}, "149": {"non-stress": 0.971, "stress": 0.969}, "150": {"non-stress": 0.971, "stress": 0.969}, "151": {"non-stress": 0.971, "stress": 0.969}, "152": {"non-stress": 0.971, "stress": 0.969}, "153": {"non-stress": 0.971, "stress": 0.969}, "154": {"non-stress": 0.971, "stress": 0.969}, "155": {"non-stress": 0.972, "stress": 0.969}, "156": {"non-stress": 0.972, "stress": 0.97}, "157": {"non-stress": 0.972, "stress": 0.97}, "158": {"non-stress": 0.972, "stress": 0.97}, "159": {"non-stress": 0.972, "stress": 0.97}, "160": {"non-stress": 0.972, "stress": 0.97}, "161": {"non-stress": 0.972, "stress": 0.97}, "162": {"non-stress": 0.972, "stress": 0.97}, "163": {"non-stress": 0.973, "stress": 0.97}, "164": {"non-stress": 0.973, "stress": 0.97}, "165": {"non-stress": 0.973, "stress": 0.971}, "166": {"non-stress": 0.973, "stress": 0.971}, "167": {"non-stress": 0.973, "stress": 0.971}, "168": {"non-stress": 0.973, "stress": 0.971}, "169": {"non-stress": 0.973, "stress": 0.971}, "170": {"non-stress": 0.974, "stress": 0.971}, "171": {"non-stress": 0.974, "stress": 0.971}, "172": {"non-stress": 0.974, "stress": 0.971}, "173": {"non-stress": 0.974, "stress": 0.971}, "174": {"non-stress": 0.974, "stress": 0.972}, "175": {"non-stress": 0.974, "stress": 0.972}, "176": {"non-stress": 0.974, "stress": 0.972}, "177": {"non-stress": 0.974, "stress": 0.972}, "178": {"non-stress": 0.974, "stress": 0.972}, "179": {"non-stress": 0.974, "stress": 0.972}, "180": {"non-stress": 0.975, "stress": 0.972}, "181": {"non-stress": 0.975, "stress": 0.973}, "182": {"non-stress": 0.975, "stress": 0.973}, "183": {"non-stress": 0.975, "stress": 0.973}, "184": {"non-stress": 0.975, "stress": 0.973}, "185": {"non-stress": 0.976, "stress": 0.973}, "186": {"non-stress": 0.976, "stress": 0.973}, "187": {"non-stress": 0.976, "stress": 0.973}, "188": {"non-stress": 0.976, "stress": 0.974}, "189": {"non-stress": 0.976, "stress": 0.974}, "190": {"non-stress": 0.976, "stress": 0.974}, "191": {"non-stress": 0.977, "stress": 0.974}, "192": {"non-stress": 0.977, "stress": 0.974}, "193": {"non-stress": 0.977, "stress": 0.974}, "194": {"non-stress": 0.977, "stress": 0.974}, "195": {"non-stress": 0.977, "stress": 0.974}, "196": {"non-stress": 0.977, "stress": 0.974}, "197": {"non-stress": 0.977, "stress": 0.974}, "198": {"non-stress": 0.978, "stress": 0.975}, "199": {"non-stress": 0.978, "stress": 0.975}, "200": {"non-stress": 0.978, "stress": 0.975}, "201": {"non-stress": 0.978, "stress": 0.975}, "202": {"non-stress": 0.978, "stress": 0.975}, "203": {"non-stress": 0.978, "stress": 0.976}, "204": {"non-stress": 0.979, "stress": 0.976}, "205": {"non-stress": 0.979, "stress": 0.976}, "206": {"non-stress": 0.979, "stress": 0.976}, "207": {"non-stress": 0.979, "stress": 0.976}, "208": {"non-stress": 0.979, "stress": 0.976}, "209": {"non-stress": 0.979, "stress": 0.976}, "210": {"non-stress": 0.979, "stress": 0.976}, "211": {"non-stress": 0.979, "stress": 0.976}, "212": {"non-stress": 0.979, "stress": 0.976}, "213": {"non-stress": 0.979, "stress": 0.976}, "214": {"non-stress": 0.979, "stress": 0.976}, "215": {"non-stress": 0.98, "stress": 0.977}, "216": {"non-stress": 0.98, "stress": 0.977}, "217": {"non-stress": 0.98, "stress": 0.977}, "218": {"non-stress": 0.98, "stress": 0.977}, "219": {"non-stress": 0.98, "stress": 0.977}, "220": {"non-stress": 0.98, "stress": 0.977}, "221": {"non-stress": 0.98, "stress": 0.977}, "222": {"non-stress": 0.98, "stress": 0.977}, "223": {"non-stress": 0.98, "stress": 0.977}, "224": {"non-stress": 0.98, "stress": 0.977}, "225": {"non-stress": 0.981, "stress": 0.977}, "226": {"non-stress": 0.981, "stress": 0.977}, "227": {"non-stress": 0.981, "stress": 0.977}, "228": {"non-stress": 0.981, "stress": 0.977}, "229": {"non-stress": 0.981, "stress": 0.978}, "230": {"non-stress": 0.981, "stress": 0.978}, "231": {"non-stress": 0.981, "stress": 0.978}, "232": {"non-stress": 0.981, "stress": 0.978}, "233": {"non-stress": 0.981, "stress": 0.978}, "234": {"non-stress": 0.981, "stress": 0.978}, "235": {"non-stress": 0.981, "stress": 0.978}, "236": {"non-stress": 0.982, "stress": 0.978}, "237": {"non-stress": 0.982, "stress": 0.978}, "238": {"non-stress": 0.982, "stress": 0.978}, "239": {"non-stress": 0.982, "stress": 0.978}, "240": {"non-stress": 0.982, "stress": 0.978}, "241": {"non-stress": 0.982, "stress": 0.978}, "242": {"non-stress": 0.982, "stress": 0.978}, "243": {"non-stress": 0.982, "stress": 0.979}, "244": {"non-stress": 0.982, "stress": 0.979}, "245": {"non-stress": 0.983, "stress": 0.979}, "246": {"non-stress": 0.983, "stress": 0.979}, "247": {"non-stress": 0.983, "stress": 0.979}, "248": {"non-stress": 0.983, "stress": 0.979}, "249": {"non-stress": 0.983, "stress": 0.979}, "250": {"non-stress": 0.983, "stress": 0.979}, "251": {"non-stress": 0.983, "stress": 0.98}, "252": {"non-stress": 0.983, "stress": 0.98}, "253": {"non-stress": 0.983, "stress": 0.98}, "254": {"non-stress": 0.983, "stress": 0.98}, "255": {"non-stress": 0.984, "stress": 0.98}, "256": {"non-stress": 0.984, "stress": 0.98}, "257": {"non-stress": 0.984, "stress": 0.98}, "258": {"non-stress": 0.984, "stress": 0.98}, "259": {"non-stress": 0.984, "stress": 0.98}, "260": {"non-stress": 0.984, "stress": 0.98}, "261": {"non-stress": 0.984, "stress": 0.98}, "262": {"non-stress": 0.984, "stress": 0.98}, "263": {"non-stress": 0.984, "stress": 0.981}, "264": {"non-stress": 0.984, "stress": 0.981}, "265": {"non-stress": 0.984, "stress": 0.981}, "266": {"non-stress": 0.985, "stress": 0.981}, "267": {"non-stress": 0.985, "stress": 0.981}, "268": {"non-stress": 0.985, "stress": 0.981}, "269": {"non-stress": 0.985, "stress": 0.981}, "270": {"non-stress": 0.985, "stress": 0.981}, "271": {"non-stress": 0.985, "stress": 0.981}, "272": {"non-stress": 0.986, "stress": 0.982}, "273": {"non-stress": 0.986, "stress": 0.982}, "274": {"non-stress": 0.986, "stress": 0.982}, "275": {"non-stress": 0.986, "stress": 0.982}, "276": {"non-stress": 0.986, "stress": 0.982}, "277": {"non-stress": 0.986, "stress": 0.982}, "278": {"non-stress": 0.986, "stress": 0.982}, "279": {"non-stress": 0.986, "stress": 0.982}, "280": {"non-stress": 0.986, "stress": 0.982}, "281": {"non-stress": 0.986, "stress": 0.983}, "282": {"non-stress": 0.986, "stress": 0.983}, "283": {"non-stress": 0.986, "stress": 0.983}, "284": {"non-stress": 0.986, "stress": 0.983}, "285": {"non-stress": 0.987, "stress": 0.983}, "286": {"non-stress": 0.987, "stress": 0.983}, "287": {"non-stress": 0.987, "stress": 0.983}, "288": {"non-stress": 0.987, "stress": 0.983}, "289": {"non-stress": 0.987, "stress": 0.983}, "290": {"non-stress": 0.987, "stress": 0.983}, "291": {"non-stress": 0.987, "stress": 0.983}, "292": {"non-stress": 0.987, "stress": 0.983}, "293": {"non-stress": 0.987, "stress": 0.983}, "294": {"non-stress": 0.987, "stress": 0.984}, "295": {"non-stress": 0.987, "stress": 0.984}, "296": {"non-stress": 0.987, "stress": 0.984}, "297": {"non-stress": 0.987, "stress": 0.984}, "298": {"non-stress": 0.988, "stress": 0.984}, "299": {"non-stress": 0.988, "stress": 0.984}, "300": {"non-stress": 0.988, "stress": 0.984}, "301": {"non-stress": 0.988, "stress": 0.984}, "302": {"non-stress": 0.988, "stress": 0.984}, "303": {"non-stress": 0.988, "stress": 0.984}, "304": {"non-stress": 0.988, "stress": 0.984}, "305": {"non-stress": 0.988, "stress": 0.984}, "306": {"non-stress": 0.988, "stress": 0.984}, "307": {"non-stress": 0.988, "stress": 0.984}, "308": {"non-stress": 0.988, "stress": 0.984}, "309": {"non-stress": 0.988, "stress": 0.984}, "310": {"non-stress": 0.988, "stress": 0.984}, "311": {"non-stress": 0.988, "stress": 0.985}, "312": {"non-stress": 0.988, "stress": 0.985}, "313": {"non-stress": 0.988, "stress": 0.985}, "314": {"non-stress": 0.988, "stress": 0.985}, "315": {"non-stress": 0.989, "stress": 0.985}, "316": {"non-stress": 0.989, "stress": 0.985}, "317": {"non-stress": 0.989, "stress": 0.985}, "318": {"non-stress": 0.989, "stress": 0.985}, "319": {"non-stress": 0.989, "stress": 0.985}, "320": {"non-stress": 0.989, "stress": 0.985}, "321": {"non-stress": 0.989, "stress": 0.985}, "322": {"non-stress": 0.989, "stress": 0.985}, "323": {"non-stress": 0.989, "stress": 0.985}, "324": {"non-stress": 0.989, "stress": 0.985}, "325": {"non-stress": 0.989, "stress": 0.985}, "326": {"non-stress": 0.989, "stress": 0.985}, "327": {"non-stress": 0.989, "stress": 0.985}, "328": {"non-stress": 0.989, "stress": 0.985}, "329": {"non-stress": 0.989, "stress": 0.985}, "330": {"non-stress": 0.99, "stress": 0.985}, "331": {"non-stress": 0.99, "stress": 0.986}, "332": {"non-stress": 0.99, "stress": 0.986}, "333": {"non-stress": 0.99, "stress": 0.986}, "334": {"non-stress": 0.99, "stress": 0.986}, "335": {"non-stress": 0.99, "stress": 0.986}, "336": {"non-stress": 0.99, "stress": 0.986}, "337": {"non-stress": 0.99, "stress": 0.986}, "338": {"non-stress": 0.99, "stress": 0.986}, "339": {"non-stress": 0.99, "stress": 0.986}, "340": {"non-stress": 0.99, "stress": 0.986}, "341": {"non-stress": 0.99, "stress": 0.986}, "342": {"non-stress": 0.99, "stress": 0.986}, "343": {"non-stress": 0.99, "stress": 0.986}, "344": {"non-stress": 0.99, "stress": 0.986}, "345": {"non-stress": 0.99, "stress": 0.987}, "346": {"non-stress": 0.99, "stress": 0.987}, "347": {"non-stress": 0.99, "stress": 0.987}, "348": {"non-stress": 0.991, "stress": 0.987}, "349": {"non-stress": 0.991, "stress": 0.987}, "350": {"non-stress": 0.991, "stress": 0.987}, "351": {"non-stress": 0.991, "stress": 0.987}, "352": {"non-stress": 0.991, "stress": 0.987}, "353": {"non-stress": 0.991, "stress": 0.987}, "354": {"non-stress": 0.991, "stress": 0.987}, "355": {"non-stress": 0.991, "stress": 0.987}, "356": {"non-stress": 0.991, "stress": 0.987}, "357": {"non-stress": 0.991, "stress": 0.987}, "358": {"non-stress": 0.991, "stress": 0.987}, "359": {"non-stress": 0.991, "stress": 0.987}, "360": {"non-stress": 0.991, "stress": 0.987}, "361": {"non-stress": 0.991, "stress": 0.987}, "362": {"non-stress": 0.991, "stress": 0.987}, "363": {"non-stress": 0.991, "stress": 0.987}, "364": {"non-stress": 0.991, "stress": 0.987}, "365": {"non-stress": 0.991, "stress": 0.987}, "366": {"non-stress": 0.991, "stress": 0.987}, "367": {"non-stress": 0.991, "stress": 0.987}, "368": {"non-stress": 0.991, "stress": 0.988}, "369": {"non-stress": 0.991, "stress": 0.988}, "370": {"non-stress": 0.991, "stress": 0.988}, "371": {"non-stress": 0.991, "stress": 0.988}, "372": {"non-stress": 0.992, "stress": 0.988}, "373": {"non-stress": 0.992, "stress": 0.988}, "374": {"non-stress": 0.992, "stress": 0.988}, "375": {"non-stress": 0.992, "stress": 0.988}, "376": {"non-stress": 0.992, "stress": 0.988}, "377": {"non-stress": 0.992, "stress": 0.988}, "378": {"non-stress": 0.992, "stress": 0.988}, "379": {"non-stress": 0.992, "stress": 0.988}, "380": {"non-stress": 0.992, "stress": 0.988}, "381": {"non-stress": 0.992, "stress": 0.988}, "382": {"non-stress": 0.992, "stress": 0.989}, "383": {"non-stress": 0.992, "stress": 0.989}, "384": {"non-stress": 0.992, "stress": 0.989}, "385": {"non-stress": 0.992, "stress": 0.989}, "386": {"non-stress": 0.992, "stress": 0.989}, "387": {"non-stress": 0.992, "stress": 0.989}, "388": {"non-stress": 0.992, "stress": 0.989}, "389": {"non-stress": 0.993, "stress": 0.989}, "390": {"non-stress": 0.993, "stress": 0.989}, "391": {"non-stress": 0.993, "stress": 0.989}, "392": {"non-stress": 0.993, "stress": 0.989}, "393": {"non-stress": 0.993, "stress": 0.989}, "394": {"non-stress": 0.993, "stress": 0.989}, "395": {"non-stress": 0.993, "stress": 0.989}, "396": {"non-stress": 0.993, "stress": 0.989}, "397": {"non-stress": 0.993, "stress": 0.989}, "398": {"non-stress": 0.993, "stress": 0.989}, "399": {"non-stress": 0.993, "stress": 0.989}, "400": {"non-stress": 0.993, "stress": 0.989}, "401": {"non-stress": 0.993, "stress": 0.989}, "402": {"non-stress": 0.993, "stress": 0.989}, "403": {"non-stress": 0.994, "stress": 0.989}, "404": {"non-stress": 0.994, "stress": 0.99}, "405": {"non-stress": 0.994, "stress": 0.99}, "406": {"non-stress": 0.994, "stress": 0.99}, "407": {"non-stress": 0.994, "stress": 0.99}, "408": {"non-stress": 0.994, "stress": 0.99}, "409": {"non-stress": 0.994, "stress": 0.99}, "410": {"non-stress": 0.994, "stress": 0.99}, "411": {"non-stress": 0.994, "stress": 0.99}, "412": {"non-stress": 0.994, "stress": 0.99}, "413": {"non-stress": 0.994, "stress": 0.99}, "414": {"non-stress": 0.994, "stress": 0.99}, "415": {"non-stress": 0.994, "stress": 0.99}, "416": {"non-stress": 0.994, "stress": 0.99}, "417": {"non-stress": 0.994, "stress": 0.99}, "418": {"non-stress": 0.994, "stress": 0.99}, "419": {"non-stress": 0.994, "stress": 0.99}, "420": {"non-stress": 0.994, "stress": 0.99}, "421": {"non-stress": 0.994, "stress": 0.99}, "422": {"non-stress": 0.994, "stress": 0.99}, "423": {"non-stress": 0.994, "stress": 0.99}, "424": {"non-stress": 0.994, "stress": 0.991}, "425": {"non-stress": 0.994, "stress": 0.991}, "426": {"non-stress": 0.994, "stress": 0.991}, "427": {"non-stress": 0.994, "stress": 0.991}, "428": {"non-stress": 0.994, "stress": 0.991}, "429": {"non-stress": 0.994, "stress": 0.991}, "430": {"non-stress": 0.995, "stress": 0.991}, "431": {"non-stress": 0.995, "stress": 0.991}, "432": {"non-stress": 0.995, "stress": 0.991}, "433": {"non-stress": 0.995, "stress": 0.991}, "434": {"non-stress": 0.995, "stress": 0.991}, "435": {"non-stress": 0.995, "stress": 0.991}, "436": {"non-stress": 0.995, "stress": 0.991}, "437": {"non-stress": 0.995, "stress": 0.991}, "438": {"non-stress": 0.995, "stress": 0.991}, "439": {"non-stress": 0.995, "stress": 0.991}, "440": {"non-stress": 0.995, "stress": 0.991}, "441": {"non-stress": 0.995, "stress": 0.991}, "442": {"non-stress": 0.995, "stress": 0.991}, "443": {"non-stress": 0.995, "stress": 0.991}, "444": {"non-stress": 0.995, "stress": 0.991}, "445": {"non-stress": 0.995, "stress": 0.991}, "446": {"non-stress": 0.995, "stress": 0.992}, "447": {"non-stress": 0.995, "stress": 0.992}, "448": {"non-stress": 0.995, "stress": 0.992}, "449": {"non-stress": 0.995, "stress": 0.992}, "450": {"non-stress": 0.995, "stress": 0.992}, "451": {"non-stress": 0.995, "stress": 0.992}, "452": {"non-stress": 0.995, "stress": 0.992}, "453": {"non-stress": 0.995, "stress": 0.992}, "454": {"non-stress": 0.995, "stress": 0.992}, "455": {"non-stress": 0.995, "stress": 0.992}, "456": {"non-stress": 0.995, "stress": 0.992}, "457": {"non-stress": 0.995, "stress": 0.992}, "458": {"non-stress": 0.995, "stress": 0.992}, "459": {"non-stress": 0.995, "stress": 0.992}, "460": {"non-stress": 0.995, "stress": 0.992}, "461": {"non-stress": 0.995, "stress": 0.992}, "462": {"non-stress": 0.996, "stress": 0.992}, "463": {"non-stress": 0.996, "stress": 0.992}, "464": {"non-stress": 0.996, "stress": 0.992}, "465": {"non-stress": 0.996, "stress": 0.992}, "466": {"non-stress": 0.996, "stress": 0.992}, "467": {"non-stress": 0.996, "stress": 0.992}, "468": {"non-stress": 0.996, "stress": 0.992}, "469": {"non-stress": 0.996, "stress": 0.992}, "470": {"non-stress": 0.996, "stress": 0.992}, "471": {"non-stress": 0.996, "stress": 0.993}, "472": {"non-stress": 0.996, "stress": 0.993}, "473": {"non-stress": 0.996, "stress": 0.993}, "474": {"non-stress": 0.996, "stress": 0.993}, "475": {"non-stress": 0.996, "stress": 0.993}, "476": {"non-stress": 0.996, "stress": 0.993}, "477": {"non-stress": 0.996, "stress": 0.993}, "478": {"non-stress": 0.996, "stress": 0.993}, "479": {"non-stress": 0.996, "stress": 0.993}, "480": {"non-stress": 0.996, "stress": 0.993}, "481": {"non-stress": 0.996, "stress": 0.993}, "482": {"non-stress": 0.996, "stress": 0.993}, "483": {"non-stress": 0.996, "stress": 0.993}, "484": {"non-stress": 0.996, "stress": 0.993}, "485": {"non-stress": 0.996, "stress": 0.993}, "486": {"non-stress": 0.996, "stress": 0.993}, "487": {"non-stress": 0.996, "stress": 0.993}, "488": {"non-stress": 0.996, "stress": 0.993}, "489": {"non-stress": 0.996, "stress": 0.993}, "490": {"non-stress": 0.996, "stress": 0.993}, "491": {"non-stress": 0.996, "stress": 0.993}, "492": {"non-stress": 0.996, "stress": 0.993}, "493": {"non-stress": 0.996, "stress": 0.993}, "494": {"non-stress": 0.996, "stress": 0.994}, "495": {"non-stress": 0.996, "stress": 0.994}, "496": {"non-stress": 0.996, "stress": 0.994}, "497": {"non-stress": 0.996, "stress": 0.994}, "498": {"non-stress": 0.996, "stress": 0.994}, "499": {"non-stress": 0.996, "stress": 0.994}, "500": {"non-stress": 0.996, "stress": 0.994}, "501": {"non-stress": 0.996, "stress": 0.994}, "502": {"non-stress": 0.996, "stress": 0.994}, "503": {"non-stress": 0.996, "stress": 0.994}, "504": {"non-stress": 0.996, "stress": 0.994}, "505": {"non-stress": 0.996, "stress": 0.994}, "506": {"non-stress": 0.996, "stress": 0.994}, "507": {"non-stress": 0.996, "stress": 0.994}, "508": {"non-stress": 0.996, "stress": 0.994}, "509": {"non-stress": 0.996, "stress": 0.994}, "510": {"non-stress": 0.996, "stress": 0.994}, "511": {"non-stress": 0.997, "stress": 0.994}, "512": {"non-stress": 0.997, "stress": 0.994}, "513": {"non-stress": 0.997, "stress": 0.994}, "514": {"non-stress": 0.997, "stress": 0.994}, "515": {"non-stress": 0.997, "stress": 0.994}, "516": {"non-stress": 0.997, "stress": 0.994}, "517": {"non-stress": 0.997, "stress": 0.994}, "518": {"non-stress": 0.997, "stress": 0.994}, "519": {"non-stress": 0.997, "stress": 0.994}, "520": {"non-stress": 0.997, "stress": 0.994}, "521": {"non-stress": 0.997, "stress": 0.994}, "522": {"non-stress": 0.997, "stress": 0.994}, "523": {"non-stress": 0.997, "stress": 0.994}, "524": {"non-stress": 0.997, "stress": 0.994}, "525": {"non-stress": 0.997, "stress": 0.994}, "526": {"non-stress": 0.997, "stress": 0.994}, "527": {"non-stress": 0.997, "stress": 0.994}, "528": {"non-stress": 0.997, "stress": 0.994}, "529": {"non-stress": 0.997, "stress": 0.994}, "530": {"non-stress": 0.997, "stress": 0.994}, "531": {"non-stress": 0.997, "stress": 0.994}, "532": {"non-stress": 0.997, "stress": 0.994}, "533": {"non-stress": 0.997, "stress": 0.994}, "534": {"non-stress": 0.997, "stress": 0.994}, "535": {"non-stress": 0.997, "stress": 0.994}, "536": {"non-stress": 0.997, "stress": 0.994}, "537": {"non-stress": 0.997, "stress": 0.994}, "538": {"non-stress": 0.997, "stress": 0.994}, "539": {"non-stress": 0.997, "stress": 0.995}, "540": {"non-stress": 0.997, "stress": 0.995}, "541": {"non-stress": 0.997, "stress": 0.995}, "542": {"non-stress": 0.997, "stress": 0.995}, "543": {"non-stress": 0.997, "stress": 0.995}, "544": {"non-stress": 0.997, "stress": 0.995}, "545": {"non-stress": 0.997, "stress": 0.995}, "546": {"non-stress": 0.997, "stress": 0.995}, "547": {"non-stress": 0.997, "stress": 0.995}, "548": {"non-stress": 0.997, "stress": 0.995}, "549": {"non-stress": 0.997, "stress": 0.995}, "550": {"non-stress": 0.997, "stress": 0.995}, "551": {"non-stress": 0.997, "stress": 0.995}, "552": {"non-stress": 0.997, "stress": 0.995}, "553": {"non-stress": 0.997, "stress": 0.995}, "554": {"non-stress": 0.997, "stress": 0.995}, "555": {"non-stress": 0.997, "stress": 0.995}, "556": {"non-stress": 0.997, "stress": 0.995}, "557": {"non-stress": 0.997, "stress": 0.995}, "558": {"non-stress": 0.997, "stress": 0.995}, "559": {"non-stress": 0.997, "stress": 0.995}, "560": {"non-stress": 0.997, "stress": 0.995}, "561": {"non-stress": 0.997, "stress": 0.995}, "562": {"non-stress": 0.997, "stress": 0.995}, "563": {"non-stress": 0.997, "stress": 0.995}, "564": {"non-stress": 0.997, "stress": 0.995}, "565": {"non-stress": 0.998, "stress": 0.995}, "566": {"non-stress": 0.998, "stress": 0.995}, "567": {"non-stress": 0.998, "stress": 0.995}, "568": {"non-stress": 0.998, "stress": 0.995}, "569": {"non-stress": 0.998, "stress": 0.995}, "570": {"non-stress": 0.998, "stress": 0.995}, "571": {"non-stress": 0.998, "stress": 0.995}, "572": {"non-stress": 0.998, "stress": 0.995}, "573": {"non-stress": 0.998, "stress": 0.995}, "574": {"non-stress": 0.998, "stress": 0.995}, "575": {"non-stress": 0.998, "stress": 0.995}, "576": {"non-stress": 0.998, "stress": 0.995}, "577": {"non-stress": 0.998, "stress": 0.995}, "578": {"non-stress": 0.998, "stress": 0.995}, "579": {"non-stress": 0.998, "stress": 0.996}, "580": {"non-stress": 0.998, "stress": 0.996}, "581": {"non-stress": 0.998, "stress": 0.996}, "582": {"non-stress": 0.998, "stress": 0.996}, "583": {"non-stress": 0.998, "stress": 0.996}, "584": {"non-stress": 0.998, "stress": 0.996}, "585": {"non-stress": 0.998, "stress": 0.996}, "586": {"non-stress": 0.998, "stress": 0.996}, "587": {"non-stress": 0.998, "stress": 0.996}, "588": {"non-stress": 0.998, "stress": 0.996}, "589": {"non-stress": 0.998, "stress": 0.996}, "590": {"non-stress": 0.998, "stress": 0.996}, "591": {"non-stress": 0.998, "stress": 0.996}, "592": {"non-stress": 0.998, "stress": 0.996}, "593": {"non-stress": 0.998, "stress": 0.996}, "594": {"non-stress": 0.998, "stress": 0.996}, "595": {"non-stress": 0.998, "stress": 0.996}, "596": {"non-stress": 0.998, "stress": 0.996}, "597": {"non-stress": 0.998, "stress": 0.996}, "598": {"non-stress": 0.998, "stress": 0.996}, "599": {"non-stress": 0.998, "stress": 0.996}, "600": {"non-stress": 0.998, "stress": 0.996}, "601": {"non-stress": 0.998, "stress": 0.996}, "602": {"non-stress": 0.998, "stress": 0.996}, "603": {"non-stress": 0.998, "stress": 0.996}, "604": {"non-stress": 0.998, "stress": 0.996}, "605": {"non-stress": 0.998, "stress": 0.996}, "606": {"non-stress": 0.998, "stress": 0.996}, "607": {"non-stress": 0.998, "stress": 0.996}, "608": {"non-stress": 0.998, "stress": 0.996}, "609": {"non-stress": 0.998, "stress": 0.996}, "610": {"non-stress": 0.998, "stress": 0.996}, "611": {"non-stress": 0.998, "stress": 0.996}, "612": {"non-stress": 0.998, "stress": 0.996}, "613": {"non-stress": 0.998, "stress": 0.996}, "614": {"non-stress": 0.998, "stress": 0.997}, "615": {"non-stress": 0.999, "stress": 0.997}, "616": {"non-stress": 0.999, "stress": 0.997}, "617": {"non-stress": 0.999, "stress": 0.997}, "618": {"non-stress": 0.999, "stress": 0.997}, "619": {"non-stress": 0.999, "stress": 0.997}, "620": {"non-stress": 0.999, "stress": 0.997}, "621": {"non-stress": 0.999, "stress": 0.997}, "622": {"non-stress": 0.999, "stress": 0.997}, "623": {"non-stress": 0.999, "stress": 0.997}, "624": {"non-stress": 0.999, "stress": 0.997}, "625": {"non-stress": 0.999, "stress": 0.997}, "626": {"non-stress": 0.999, "stress": 0.997}, "627": {"non-stress": 0.999, "stress": 0.997}, "628": {"non-stress": 0.999, "stress": 0.997}, "629": {"non-stress": 0.999, "stress": 0.997}, "630": {"non-stress": 0.999, "stress": 0.997}, "631": {"non-stress": 0.999, "stress": 0.997}, "632": {"non-stress": 0.999, "stress": 0.997}, "633": {"non-stress": 0.999, "stress": 0.997}, "634": {"non-stress": 0.999, "stress": 0.997}, "635": {"non-stress": 0.999, "stress": 0.997}, "636": {"non-stress": 0.999, "stress": 0.997}, "637": {"non-stress": 0.999, "stress": 0.997}, "638": {"non-stress": 0.999, "stress": 0.997}, "639": {"non-stress": 0.999, "stress": 0.997}, "640": {"non-stress": 0.999, "stress": 0.997}, "641": {"non-stress": 0.999, "stress": 0.997}, "642": {"non-stress": 0.999, "stress": 0.998}, "643": {"non-stress": 0.999, "stress": 0.998}, "644": {"non-stress": 0.999, "stress": 0.998}, "645": {"non-stress": 0.999, "stress": 0.998}, "646": {"non-stress": 0.999, "stress": 0.998}, "647": {"non-stress": 0.999, "stress": 0.998}, "648": {"non-stress": 0.999, "stress": 0.998}, "649": {"non-stress": 0.999, "stress": 0.998}, "650": {"non-stress": 0.999, "stress": 0.998}, "651": {"non-stress": 0.999, "stress": 0.998}, "652": {"non-stress": 0.999, "stress": 0.998}, "653": {"non-stress": 0.999, "stress": 0.998}, "654": {"non-stress": 0.999, "stress": 0.998}, "655": {"non-stress": 0.999, "stress": 0.998}, "656": {"non-stress": 0.999, "stress": 0.998}, "657": {"non-stress": 0.999, "stress": 0.998}, "658": {"non-stress": 0.999, "stress": 0.998}, "659": {"non-stress": 0.999, "stress": 0.998}, "660": {"non-stress": 0.999, "stress": 0.998}, "661": {"non-stress": 0.999, "stress": 0.998}, "662": {"non-stress": 0.999, "stress": 0.998}, "663": {"non-stress": 0.999, "stress": 0.998}, "664": {"non-stress": 0.999, "stress": 0.998}, "665": {"non-stress": 0.999, "stress": 0.998}, "666": {"non-stress": 0.999, "stress": 0.998}, "667": {"non-stress": 0.999, "stress": 0.998}, "668": {"non-stress": 0.999, "stress": 0.998}, "669": {"non-stress": 0.999, "stress": 0.998}, "670": {"non-stress": 0.999, "stress": 0.998}, "671": {"non-stress": 0.999, "stress": 0.998}, "672": {"non-stress": 0.999, "stress": 0.998}, "673": {"non-stress": 0.999, "stress": 0.998}, "674": {"non-stress": 0.999, "stress": 0.998}, "675": {"non-stress": 0.999, "stress": 0.998}, "676": {"non-stress": 0.999, "stress": 0.998}, "677": {"non-stress": 0.999, "stress": 0.998}, "678": {"non-stress": 0.999, "stress": 0.998}, "679": {"non-stress": 0.999, "stress": 0.998}, "680": {"non-stress": 0.999, "stress": 0.998}, "681": {"non-stress": 0.999, "stress": 0.998}, "682": {"non-stress": 0.999, "stress": 0.998}, "683": {"non-stress": 0.999, "stress": 0.998}, "684": {"non-stress": 0.999, "stress": 0.998}, "685": {"non-stress": 0.999, "stress": 0.998}, "686": {"non-stress": 0.999, "stress": 0.998}, "687": {"non-stress": 0.999, "stress": 0.998}, "688": {"non-stress": 0.999, "stress": 0.998}, "689": {"non-stress": 0.999, "stress": 0.998}, "690": {"non-stress": 0.999, "stress": 0.999}, "691": {"non-stress": 0.999, "stress": 0.999}, "692": {"non-stress": 0.999, "stress": 0.999}, "693": {"non-stress": 0.999, "stress": 0.999}, "694": {"non-stress": 0.999, "stress": 0.999}, "695": {"non-stress": 0.999, "stress": 0.999}, "696": {"non-stress": 0.999, "stress": 0.999}, "697": {"non-stress": 0.999, "stress": 0.999}, "698": {"non-stress": 0.999, "stress": 0.999}, "699": {"non-stress": 0.999, "stress": 0.999}, "700": {"non-stress": 0.999, "stress": 0.999}, "701": {"non-stress": 0.999, "stress": 0.999}, "702": {"non-stress": 0.999, "stress": 0.999}, "703": {"non-stress": 0.999, "stress": 0.999}, "704": {"non-stress": 0.999, "stress": 0.999}, "705": {"non-stress": 0.999, "stress": 0.999}, "706": {"non-stress": 0.999, "stress": 0.999}, "707": {"non-stress": 0.999, "stress": 0.999}, "708": {"non-stress": 0.999, "stress": 0.999}, "709": {"non-stress": 0.999, "stress": 0.999}, "710": {"non-stress": 0.999, "stress": 0.999}, "711": {"non-stress": 0.999, "stress": 0.999}, "712": {"non-stress": 0.999, "stress": 0.999}, "713": {"non-stress": 0.999, "stress": 0.999}, "714": {"non-stress": 0.999, "stress": 0.999}, "715": {"non-stress": 0.999, "stress": 0.999}, "716": {"non-stress": 0.999, "stress": 0.999}, "717": {"non-stress": 0.999, "stress": 0.999}, "718": {"non-stress": 0.999, "stress": 0.999}, "719": {"non-stress": 0.999, "stress": 0.999}, "720": {"non-stress": 0.999, "stress": 0.999}, "721": {"non-stress": 0.999, "stress": 0.999}, "722": {"non-stress": 0.999, "stress": 0.999}, "723": {"non-stress": 0.999, "stress": 0.999}, "724": {"non-stress": 0.999, "stress": 0.999}, "725": {"non-stress": 0.999, "stress": 0.999}, "726": {"non-stress": 0.999, "stress": 0.999}, "727": {"non-stress": 0.999, "stress": 0.999}, "728": {"non-stress": 0.999, "stress": 0.999}, "729": {"non-stress": 0.999, "stress": 0.999}, "730": {"non-stress": 0.999, "stress": 0.999}, "731": {"non-stress": 0.999, "stress": 0.999}, "732": {"non-stress": 0.999, "stress": 0.999}, "733": {"non-stress": 0.999, "stress": 0.999}, "734": {"non-stress": 0.999, "stress": 0.999}, "735": {"non-stress": 0.999, "stress": 0.999}, "736": {"non-stress": 0.999, "stress": 0.999}, "737": {"non-stress": 0.999, "stress": 0.999}, "738": {"non-stress": 0.999, "stress": 0.999}, "739": {"non-stress": 0.999, "stress": 0.999}, "740": {"non-stress": 0.999, "stress": 0.999}, "741": {"non-stress": 0.999, "stress": 0.999}, "742": {"non-stress": 0.999, "stress": 0.999}, "743": {"non-stress": 0.999, "stress": 0.999}, "744": {"non-stress": 0.999, "stress": 0.999}, "745": {"non-stress": 0.999, "stress": 0.999}, "746": {"non-stress": 0.999, "stress": 0.999}, "747": {"non-stress": 0.999, "stress": 0.999}, "748": {"non-stress": 0.999, "stress": 0.999}, "749": {"non-stress": 0.999, "stress": 0.999}, "750": {"non-stress": 0.999, "stress": 0.999}, "751": {"non-stress": 0.999, "stress": 0.999}, "752": {"non-stress": 0.999, "stress": 0.999}, "753": {"non-stress": 0.999, "stress": 0.999}, "754": {"non-stress": 0.999, "stress": 0.999}, "755": {"non-stress": 0.999, "stress": 0.999}, "756": {"non-stress": 0.999, "stress": 0.999}, "757": {"non-stress": 0.999, "stress": 0.999}, "758": {"non-stress": 0.999, "stress": 0.999}, "759": {"non-stress": 0.999, "stress": 0.999}, "760": {"non-stress": 0.999, "stress": 0.999}, "761": {"non-stress": 0.999, "stress": 0.999}, "762": {"non-stress": 0.999, "stress": 0.999}, "763": {"non-stress": 0.999, "stress": 0.999}, "764": {"non-stress": 0.999, "stress": 0.999}, "765": {"non-stress": 0.999, "stress": 0.999}, "766": {"non-stress": 0.999, "stress": 0.999}, "767": {"non-stress": 0.999, "stress": 0.999}, "768": {"non-stress": 0.999, "stress": 0.999}, "769": {"non-stress": 0.999, "stress": 0.999}, "770": {"non-stress": 1.0, "stress": 0.999}, "771": {"non-stress": 1.0, "stress": 0.999}, "772": {"non-stress": 1.0, "stress": 0.999}, "773": {"non-stress": 1.0, "stress": 0.999}, "774": {"non-stress": 1.0, "stress": 0.999}, "775": {"non-stress": 1.0, "stress": 0.999}, "776": {"non-stress": 1.0, "stress": 0.999}, "777": {"non-stress": 1.0, "stress": 0.999}, "778": {"non-stress": 1.0, "stress": 0.999}, "779": {"non-stress": 1.0, "stress": 0.999}, "780": {"non-stress": 1.0, "stress": 0.999}, "781": {"non-stress": 1.0, "stress": 0.999}, "782": {"non-stress": 1.0, "stress": 0.999}, "783": {"non-stress": 1.0, "stress": 0.999}, "784": {"non-stress": 1.0, "stress": 0.999}, "785": {"non-stress": 1.0, "stress": 0.999}, "786": {"non-stress": 1.0, "stress": 0.999}, "787": {"non-stress": 1.0, "stress": 0.999}, "788": {"non-stress": 1.0, "stress": 0.999}, "789": {"non-stress": 1.0, "stress": 0.999}, "790": {"non-stress": 1.0, "stress": 0.999}, "791": {"non-stress": 1.0, "stress": 0.999}, "792": {"non-stress": 1.0, "stress": 0.999}, "793": {"non-stress": 1.0, "stress": 0.999}, "794": {"non-stress": 1.0, "stress": 0.999}, "795": {"non-stress": 1.0, "stress": 0.999}, "796": {"non-stress": 1.0, "stress": 0.999}, "797": {"non-stress": 1.0, "stress": 0.999}, "798": {"non-stress": 1.0, "stress": 0.999}, "799": {"non-stress": 1.0, "stress": 0.999}, "800": {"non-stress": 1.0, "stress": 0.999}, "801": {"non-stress": 1.0, "stress": 0.999}, "802": {"non-stress": 1.0, "stress": 0.999}, "803": {"non-stress": 1.0, "stress": 0.999}, "804": {"non-stress": 1.0, "stress": 0.999}, "805": {"non-stress": 1.0, "stress": 0.999}, "806": {"non-stress": 1.0, "stress": 0.999}, "807": {"non-stress": 1.0, "stress": 1.0}, "808": {"non-stress": 1.0, "stress": 1.0}, "809": {"non-stress": 1.0, "stress": 1.0}, "810": {"non-stress": 1.0, "stress": 1.0}, "811": {"non-stress": 1.0, "stress": 1.0}, "812": {"non-stress": 1.0, "stress": 1.0}, "813": {"non-stress": 1.0, "stress": 1.0}, "814": {"non-stress": 1.0, "stress": 1.0}, "815": {"non-stress": 1.0, "stress": 1.0}, "816": {"non-stress": 1.0, "stress": 1.0}, "817": {"non-stress": 1.0, "stress": 1.0}, "818": {"non-stress": 1.0, "stress": 1.0}, "819": {"non-stress": 1.0, "stress": 1.0}, "820": {"non-stress": 1.0, "stress": 1.0}, "821": {"non-stress": 1.0, "stress": 1.0}, "822": {"non-stress": 1.0, "stress": 1.0}, "823": {"non-stress": 1.0, "stress": 1.0}, "824": {"non-stress": 1.0, "stress": 1.0}, "825": {"non-stress": 1.0, "stress": 1.0}, "826": {"non-stress": 1.0, "stress": 1.0}, "827": {"non-stress": 1.0, "stress": 1.0}, "828": {"non-stress": 1.0, "stress": 1.0}, "829": {"non-stress": 1.0, "stress": 1.0}, "830": {"non-stress": 1.0, "stress": 1.0}, "831": {"non-stress": 1.0, "stress": 1.0}, "832": {"non-stress": 1.0, "stress": 1.0}, "833": {"non-stress": 1.0, "stress": 1.0}, "834": {"non-stress": 1.0, "stress": 1.0}, "835": {"non-stress": 1.0, "stress": 1.0}, "836": {"non-stress": 1.0, "stress": 1.0}, "837": {"non-stress": 1.0, "stress": 1.0}, "838": {"non-stress": 1.0, "stress": 1.0}, "839": {"non-stress": 1.0, "stress": 1.0}, "840": {"non-stress": 1.0, "stress": 1.0}, "841": {"non-stress": 1.0, "stress": 1.0}, "842": {"non-stress": 1.0, "stress": 1.0}, "843": {"non-stress": 1.0, "stress": 1.0}, "844": {"non-stress": 1.0, "stress": 1.0}, "845": {"non-stress": 1.0, "stress": 1.0}, "846": {"non-stress": 1.0, "stress": 1.0}, "847": {"non-stress": 1.0, "stress": 1.0}, "848": {"non-stress": 1.0, "stress": 1.0}, "849": {"non-stress": 1.0, "stress": 1.0}, "850": {"non-stress": 1.0, "stress": 1.0}, "851": {"non-stress": 1.0, "stress": 1.0}, "852": {"non-stress": 1.0, "stress": 1.0}, "853": {"non-stress": 1.0, "stress": 1.0}, "854": {"non-stress": 1.0, "stress": 1.0}, "855": {"non-stress": 1.0, "stress": 1.0}, "856": {"non-stress": 1.0, "stress": 1.0}, "857": {"non-stress": 1.0, "stress": 1.0}, "858": {"non-stress": 1.0, "stress": 1.0}, "859": {"non-stress": 1.0, "stress": 1.0}, "860": {"non-stress": 1.0, "stress": 1.0}, "861": {"non-stress": 1.0, "stress": 1.0}, "862": {"non-stress": 1.0, "stress": 1.0}, "863": {"non-stress": 1.0, "stress": 1.0}, "864": {"non-stress": 1.0, "stress": 1.0}, "865": {"non-stress": 1.0, "stress": 1.0}, "866": {"non-stress": 1.0, "stress": 1.0}, "867": {"non-stress": 1.0, "stress": 1.0}, "868": {"non-stress": 1.0, "stress": 1.0}, "869": {"non-stress": 1.0, "stress": 1.0}, "870": {"non-stress": 1.0, "stress": 1.0}, "871": {"non-stress": 1.0, "stress": 1.0}, "872": {"non-stress": 1.0, "stress": 1.0}, "873": {"non-stress": 1.0, "stress": 1.0}, "874": {"non-stress": 1.0, "stress": 1.0}, "875": {"non-stress": 1.0, "stress": 1.0}, "876": {"non-stress": 1.0, "stress": 1.0}, "877": {"non-stress": 1.0, "stress": 1.0}, "878": {"non-stress": 1.0, "stress": 1.0}, "879": {"non-stress": 1.0, "stress": 1.0}, "880": {"non-stress": 1.0, "stress": 1.0}, "881": {"non-stress": 1.0, "stress": 1.0}, "882": {"non-stress": 1.0, "stress": 1.0}, "883": {"non-stress": 1.0, "stress": 1.0}, "884": {"non-stress": 1.0, "stress": 1.0}, "885": {"non-stress": 1.0, "stress": 1.0}, "886": {"non-stress": 1.0, "stress": 1.0}, "887": {"non-stress": 1.0, "stress": 1.0}, "888": {"non-stress": 1.0, "stress": 1.0}, "889": {"non-stress": 1.0, "stress": 1.0}, "890": {"non-stress": 1.0, "stress": 1.0}, "891": {"non-stress": 1.0, "stress": 1.0}, "892": {"non-stress": 1.0, "stress": 1.0}, "893": {"non-stress": 1.0, "stress": 1.0}, "894": {"non-stress": 1.0, "stress": 1.0}, "895": {"non-stress": 1.0, "stress": 1.0}, "896": {"non-stress": 1.0, "stress": 1.0}, "897": {"non-stress": 1.0, "stress": 1.0}, "898": {"non-stress": 1.0, "stress": 1.0}, "899": {"non-stress": 1.0, "stress": 1.0}, "900": {"non-stress": 1.0, "stress": 1.0}, "901": {"non-stress": 1.0, "stress": 1.0}, "902": {"non-stress": 1.0, "stress": 1.0}, "903": {"non-stress": 1.0, "stress": 1.0}, "904": {"non-stress": 1.0, "stress": 1.0}, "905": {"non-stress": 1.0, "stress": 1.0}, "906": {"non-stress": 1.0, "stress": 1.0}, "907": {"non-stress": 1.0, "stress": 1.0}, "908": {"non-stress": 1.0, "stress": 1.0}, "909": {"non-stress": 1.0, "stress": 1.0}, "910": {"non-stress": 1.0, "stress": 1.0}, "911": {"non-stress": 1.0, "stress": 1.0}, "912": {"non-stress": 1.0, "stress": 1.0}, "913": {"non-stress": 1.0, "stress": 1.0}, "914": {"non-stress": 1.0, "stress": 1.0}, "915": {"non-stress": 1.0, "stress": 1.0}, "916": {"non-stress": 1.0, "stress": 1.0}, "917": {"non-stress": 1.0, "stress": 1.0}, "918": {"non-stress": 1.0, "stress": 1.0}, "919": {"non-stress": 1.0, "stress": 1.0}, "920": {"non-stress": 1.0, "stress": 1.0}, "921": {"non-stress": 1.0, "stress": 1.0}, "922": {"non-stress": 1.0, "stress": 1.0}, "923": {"non-stress": 1.0, "stress": 1.0}, "924": {"non-stress": 1.0, "stress": 1.0}, "925": {"non-stress": 1.0, "stress": 1.0}, "926": {"non-stress": 1.0, "stress": 1.0}, "927": {"non-stress": 1.0, "stress": 1.0}, "928": {"non-stress": 1.0, "stress": 1.0}, "929": {"non-stress": 1.0, "stress": 1.0}, "930": {"non-stress": 1.0, "stress": 1.0}, "931": {"non-stress": 1.0, "stress": 1.0}, "932": {"non-stress": 1.0, "stress": 1.0}, "933": {"non-stress": 1.0, "stress": 1.0}, "934": {"non-stress": 1.0, "stress": 1.0}, "935": {"non-stress": 1.0, "stress": 1.0}, "936": {"non-stress": 1.0, "stress": 1.0}, "937": {"non-stress": 1.0, "stress": 1.0}, "938": {"non-stress": 1.0, "stress": 1.0}, "939": {"non-stress": 1.0, "stress": 1.0}, "940": {"non-stress": 1.0, "stress": 1.0}, "941": {"non-stress": 1.0, "stress": 1.0}, "942": {"non-stress": 1.0, "stress": 1.0}, "943": {"non-stress": 1.0, "stress": 1.0}, "944": {"non-stress": 1.0, "stress": 1.0}, "945": {"non-stress": 1.0, "stress": 1.0}, "946": {"non-stress": 1.0, "stress": 1.0}, "947": {"non-stress": 1.0, "stress": 1.0}, "948": {"non-stress": 1.0, "stress": 1.0}, "949": {"non-stress": 1.0, "stress": 1.0}, "950": {"non-stress": 1.0, "stress": 1.0}, "951": {"non-stress": 1.0, "stress": 1.0}, "952": {"non-stress": 1.0, "stress": 1.0}, "953": {"non-stress": 1.0, "stress": 1.0}, "954": {"non-stress": 1.0, "stress": 1.0}, "955": {"non-stress": 1.0, "stress": 1.0}, "956": {"non-stress": 1.0, "stress": 1.0}, "957": {"non-stress": 1.0, "stress": 1.0}, "958": {"non-stress": 1.0, "stress": 1.0}, "959": {"non-stress": 1.0, "stress": 1.0}, "960": {"non-stress": 1.0, "stress": 1.0}, "961": {"non-stress": 1.0, "stress": 1.0}, "962": {"non-stress": 1.0, "stress": 1.0}, "963": {"non-stress": 1.0, "stress": 1.0}, "964": {"non-stress": 1.0, "stress": 1.0}, "965": {"non-stress": 1.0, "stress": 1.0}, "966": {"non-stress": 1.0, "stress": 1.0}, "967": {"non-stress": 1.0, "stress": 1.0}, "968": {"non-stress": 1.0, "stress": 1.0}, "969": {"non-stress": 1.0, "stress": 1.0}, "970": {"non-stress": 1.0, "stress": 1.0}, "971": {"non-stress": 1.0, "stress": 1.0}, "972": {"non-stress": 1.0, "stress": 1.0}, "973": {"non-stress": 1.0, "stress": 1.0}, "974": {"non-stress": 1.0, "stress": 1.0}, "975": {"non-stress": 1.0, "stress": 1.0}, "976": {"non-stress": 1.0, "stress": 1.0}, "977": {"non-stress": 1.0, "stress": 1.0}, "978": {"non-stress": 1.0, "stress": 1.0}, "979": {"non-stress": 1.0, "stress": 1.0}, "980": {"non-stress": 1.0, "stress": 1.0}, "981": {"non-stress": 1.0, "stress": 1.0}, "982": {"non-stress": 1.0, "stress": 1.0}, "983": {"non-stress": 1.0, "stress": 1.0}, "984": {"non-stress": 1.0, "stress": 1.0}, "985": {"non-stress": 1.0, "stress": 1.0}, "986": {"non-stress": 1.0, "stress": 1.0}, "987": {"non-stress": 1.0, "stress": 1.0}, "988": {"non-stress": 1.0, "stress": 1.0}, "989": {"non-stress": 1.0, "stress": 1.0}, "990": {"non-stress": 1.0, "stress": 1.0}, "991": {"non-stress": 1.0, "stress": 1.0}, "992": {"non-stress": 1.0, "stress": 1.0}, "993": {"non-stress": 1.0, "stress": 1.0}, "994": {"non-stress": 1.0, "stress": 1.0}, "995": {"non-stress": 1.0, "stress": 1.0}, "996": {"non-stress": 1.0, "stress": 1.0}, "997": {"non-stress": 1.0, "stress": 1.0}, "998": {"non-stress": 1.0, "stress": 1.0}, "999": {"non-stress": 1.0, "stress": 1.0}, "1000": {"non-stress": 1.0, "stress": 1.0}}