{"rank": {"bvp": [0, 0, 0, 0, 0, 0, 0, 0, 0, 0, 0, 0, 0, 0, 0], "eda": [0, 2, 11, 4, 5, 3, 10, 4, 11, 1, 1, 0, 4, 7, 0], "temp": [5, 3, 2, 0, 0, 0, 12, 2, 10, 8, 13, 13, 4, 13, 2], "acc": [0, 0, 7, 4, 0, 0, 0, 3, 1, 1, 0, 4, 0, 4, 0], "bvp+eda": [0, 0, 4, 1, 1, 0, 2, 1, 5, 0, 0, 0, 1, 2, 0], "bvp+temp": [1, 0, 0, 0, 0, 0, 6, 0, 5, 3, 4, 5, 1, 6, 0], "bvp+acc": [0, 0, 3, 1, 0, 0, 0, 1, 1, 0, 0, 1, 0, 0, 0], "eda+temp": [1, 1, 5, 1, 1, 1, 13, 2, 13, 4, 7, 6, 3, 12, 0], "eda+acc": [0, 0, 11, 3, 1, 0, 6, 3, 5, 0, 0, 1, 1, 7, 0], "temp+acc": [0, 1, 2, 0, 0, 0, 5, 1, 6, 2, 8, 9, 1, 9, 1], "bvp+eda+temp": [0, 0, 2, 0, 0, 0, 7, 1, 7, 1, 3, 1, 1, 8, 0], "bvp+eda+acc": [0, 0, 5, 2, 0, 0, 1, 0, 2, 0, 0, 1, 0, 1, 0], "bvp+temp+acc": [0, 0, 1, 0, 0, 0, 1, 0, 4, 0, 0, 3, 0, 4, 0], "eda+temp+acc": [0, 0, 8, 1, 0, 0, 7, 1, 7, 1, 4, 6, 1, 9, 0], "bvp+eda+temp+acc": [0, 0, 3, 0, 0, 0, 5, 0, 3, 0, 1, 1, 1, 5, 0]}, "score": {"bvp": [0, 0, 0, 0, 0, 0, 0, 0, 0, 0, 0, 0, 0, 0, 0], "eda": [0, 2, 11, 4, 5, 3, 10, 4, 11, 1, 1, 0, 4, 7, 0], "temp": [5, 3, 2, 0, 0, 0, 12, 2, 10, 8, 13, 13, 4, 13, 2], "acc": [0, 0, 7, 4, 0, 0, 0, 3, 1, 1, 0, 4, 0, 4, 0], "bvp+eda": [0, 0, 10, 0, 2, 0, 3, 2, 4, 0, 0, 0, 0, 4, 0], "bvp+temp": [0, 0, 1, 0, 0, 0, 7, 0, 1, 4, 3, 2, 1, 8, 2], "bvp+acc": [0, 0, 1, 0, 0, 0, 0, 0, 1, 0, 0, 0, 0, 0, 0], "eda+temp": [0, 1, 8, 0, 4, 0, 10, 4, 12, 1, 4, 0, 2, 12, 0], "eda+acc": [0, 0, 11, 4, 3, 0, 7, 4, 10, 0, 0, 0, 0, 7, 0], "temp+acc": [2, 2, 1, 0, 0, 0, 11, 1, 7, 3, 8, 10, 0, 13, 2], "bvp+eda+temp": [0, 0, 5, 0, 1, 0, 7, 0, 3, 0, 1, 0, 0, 8, 0], "bvp+eda+acc": [0, 0, 10, 1, 1, 0, 1, 1, 2, 0, 0, 0, 0, 3, 0], "bvp+temp+acc": [0, 0, 1, 0, 0, 0, 7, 0, 1, 1, 0, 2, 0, 7, 2], "eda+temp+acc": [0, 0, 9, 0, 1, 0, 8, 4, 10, 0, 2, 1, 0, 11, 0], "bvp+eda+temp+acc": [0, 0, 6, 0, 1, 0, 6, 0, 2, 0, 0, 0, 0, 7, 0]}}