{"rank": {"bvp": [0, 0, 0, 0, 0, 0, 0, 0, 0, 0, 0, 0, 0, 0, 0], "eda": [6, 4, 14, 6, 14, 2, 8, 13, 13, 7, 1, 0, 5, 8, 1], "temp": [11, 8, 10, 1, 4, 2, 14, 7, 5, 10, 13, 0, 0, 6, 9], "acc": [0, 2, 7, 14, 4, 0, 9, 0, 8, 2, 0, 13, 0, 10, 11], "bvp+eda": [2, 1, 8, 2, 9, 0, 2, 5, 6, 3, 0, 0, 1, 3, 0], "bvp+temp": [5, 2, 4, 0, 1, 0, 9, 2, 1, 3, 6, 0, 0, 2, 2], "bvp+acc": [0, 0, 2, 8, 1, 0, 1, 0, 4, 1, 0, 6, 0, 4, 6], "eda+temp": [10, 6, 14, 2, 10, 0, 13, 12, 12, 8, 8, 0, 1, 8, 3], "eda+acc": [1, 2, 11, 11, 10, 0, 10, 6, 12, 4, 0, 5, 2, 10, 4], "temp+acc": [6, 3, 10, 10, 3, 0, 13, 2, 5, 4, 5, 7, 0, 9, 12], "bvp+eda+temp": [4, 1, 8, 0, 5, 0, 7, 6, 4, 5, 3, 0, 0, 3, 1], "bvp+eda+acc": [0, 1, 9, 7, 5, 0, 6, 1, 6, 1, 0, 2, 0, 5, 1], "bvp+temp+acc": [2, 1, 4, 3, 1, 0, 9, 0, 1, 1, 2, 2, 0, 2, 8], "eda+temp+acc": [5, 2, 13, 7, 7, 0, 13, 7, 11, 6, 5, 2, 1, 9, 8], "bvp+eda+temp+acc": [0, 1, 10, 4, 5, 0, 10, 2, 5, 4, 1, 0, 0, 6, 1]}, "score": {"bvp": [0, 0, 0, 0, 0, 0, 0, 0, 0, 0, 0, 0, 0, 0, 0], "eda": [6, 4, 14, 6, 14, 2, 8, 13, 13, 7, 1, 0, 5, 8, 1], "temp": [11, 8, 10, 1, 4, 2, 14, 7, 5, 10, 13, 0, 0, 6, 9], "acc": [0, 2, 7, 14, 4, 0, 9, 0, 8, 2, 0, 13, 0, 10, 11], "bvp+eda": [1, 0, 9, 2, 11, 0, 2, 2, 2, 3, 0, 0, 1, 4, 0], "bvp+temp": [4, 3, 8, 0, 1, 0, 10, 1, 1, 8, 9, 0, 0, 3, 7], "bvp+acc": [0, 0, 3, 8, 2, 0, 0, 0, 1, 1, 0, 3, 0, 5, 4], "eda+temp": [10, 6, 13, 2, 8, 0, 13, 10, 6, 9, 9, 0, 1, 6, 6], "eda+acc": [0, 2, 13, 9, 13, 0, 8, 7, 11, 5, 0, 1, 3, 10, 2], "temp+acc": [7, 5, 12, 3, 4, 1, 13, 5, 4, 7, 12, 0, 0, 4, 10], "bvp+eda+temp": [3, 1, 9, 0, 6, 0, 9, 2, 3, 6, 6, 0, 0, 3, 2], "bvp+eda+acc": [0, 0, 10, 6, 7, 0, 2, 1, 4, 1, 0, 0, 1, 6, 0], "bvp+temp+acc": [1, 2, 8, 2, 1, 0, 9, 1, 1, 6, 5, 0, 0, 3, 8], "eda+temp+acc": [5, 5, 13, 4, 7, 0, 13, 7, 8, 7, 6, 0, 0, 8, 6], "bvp+eda+temp+acc": [1, 1, 11, 3, 4, 0, 11, 1, 3, 5, 2, 0, 0, 5, 5]}}