{"1": {"rank": 0.989, "score": 0.991, "mean": 0.99}, "2": {"rank": 0.999, "score": 0.999, "mean": 0.999}, "3": {"rank": 1.0, "score": 1.0, "mean": 1.0}, "4": {"rank": 1.0, "score": 1.0, "mean": 1.0}, "5": {"rank": 1.0, "score": 1.0, "mean": 1.0}, "6": {"rank": 1.0, "score": 1.0, "mean": 1.0}, "7": {"rank": 1.0, "score": 1.0, "mean": 1.0}, "8": {"rank": 1.0, "score": 1.0, "mean": 1.0}, "9": {"rank": 1.0, "score": 1.0, "mean": 1.0}, "10": {"rank": 1.0, "score": 1.0, "mean": 1.0}, "11": {"rank": 1.0, "score": 1.0, "mean": 1.0}, "12": {"rank": 1.0, "score": 1.0, "mean": 1.0}, "13": {"rank": 1.0, "score": 1.0, "mean": 1.0}, "14": {"rank": 1.0, "score": 1.0, "mean": 1.0}, "15": {"rank": 1.0, "score": 1.0, "mean": 1.0}}