{"rank": {"bvp": [0, 0, 0, 0, 0, 0, 0, 0, 0, 0, 0, 0, 0, 0, 0], "eda": [3, 6, 0, 1, 5, 2, 3, 5, 8, 0, 2, 1, 4, 11, 7], "temp": [11, 5, 0, 1, 8, 2, 0, 0, 0, 7, 0, 5, 12, 13, 6], "acc": [2, 0, 7, 0, 0, 0, 0, 0, 8, 0, 0, 0, 1, 3, 8], "bvp+eda": [1, 2, 0, 0, 1, 0, 1, 1, 3, 0, 0, 0, 0, 4, 4], "bvp+temp": [5, 1, 0, 0, 2, 0, 0, 0, 0, 2, 0, 1, 5, 5, 0], "bvp+acc": [1, 0, 3, 0, 0, 0, 0, 0, 4, 0, 0, 0, 1, 0, 2], "eda+temp": [7, 5, 0, 1, 6, 2, 1, 1, 2, 3, 0, 2, 10, 14, 7], "eda+acc": [2, 2, 2, 0, 1, 0, 1, 2, 9, 0, 0, 0, 1, 6, 10], "temp+acc": [4, 1, 3, 0, 2, 1, 0, 0, 3, 2, 0, 1, 6, 7, 7], "bvp+eda+temp": [3, 2, 0, 0, 0, 0, 0, 0, 1, 0, 0, 0, 3, 10, 3], "bvp+eda+acc": [1, 0, 1, 0, 0, 0, 0, 1, 3, 0, 0, 0, 0, 2, 2], "bvp+temp+acc": [2, 1, 0, 0, 0, 0, 0, 0, 1, 0, 0, 0, 2, 3, 3], "eda+temp+acc": [2, 3, 0, 0, 2, 0, 0, 1, 4, 1, 0, 1, 5, 10, 8], "bvp+eda+temp+acc": [1, 2, 0, 0, 0, 0, 0, 0, 2, 0, 0, 0, 1, 6, 2]}, "score": {"bvp": [0, 0, 0, 0, 0, 0, 0, 0, 0, 0, 0, 0, 0, 0, 0], "eda": [3, 6, 0, 1, 5, 2, 3, 5, 8, 0, 2, 1, 4, 11, 7], "temp": [11, 5, 0, 1, 8, 2, 0, 0, 0, 7, 0, 5, 12, 13, 6], "acc": [2, 0, 7, 0, 0, 0, 0, 0, 8, 0, 0, 0, 1, 3, 8], "bvp+eda": [0, 0, 0, 0, 1, 0, 1, 0, 2, 0, 0, 0, 0, 3, 4], "bvp+temp": [5, 1, 0, 0, 3, 0, 0, 0, 0, 2, 0, 0, 10, 12, 5], "bvp+acc": [1, 0, 2, 0, 0, 0, 0, 0, 1, 0, 0, 0, 0, 0, 2], "eda+temp": [9, 4, 0, 1, 6, 1, 1, 1, 5, 0, 0, 1, 10, 13, 7], "eda+acc": [3, 3, 0, 0, 2, 0, 1, 4, 8, 0, 0, 0, 2, 8, 9], "temp+acc": [10, 3, 1, 0, 1, 0, 0, 0, 4, 2, 0, 2, 10, 12, 8], "bvp+eda+temp": [4, 1, 0, 0, 1, 0, 1, 0, 1, 0, 0, 0, 8, 11, 6], "bvp+eda+acc": [1, 0, 0, 0, 1, 0, 0, 0, 2, 0, 0, 0, 0, 1, 3], "bvp+temp+acc": [3, 1, 0, 0, 0, 0, 0, 0, 1, 0, 0, 0, 6, 10, 4], "eda+temp+acc": [6, 3, 0, 0, 2, 0, 0, 1, 5, 0, 0, 1, 6, 13, 7], "bvp+eda+temp+acc": [2, 1, 0, 0, 1, 0, 0, 0, 2, 0, 0, 0, 4, 11, 5]}}