{"rank": {"bvp": [0, 0, 0, 0, 0, 0, 0, 0, 0, 0, 0, 0, 0, 0, 0], "eda": [7, 5, 14, 6, 10, 1, 10, 6, 13, 7, 1, 0, 5, 8, 3], "temp": [11, 9, 8, 3, 6, 2, 13, 6, 5, 7, 13, 0, 0, 5, 9], "acc": [1, 3, 13, 14, 1, 0, 2, 2, 9, 1, 0, 13, 0, 10, 8], "bvp+eda": [2, 1, 8, 2, 1, 0, 3, 2, 4, 3, 0, 0, 1, 3, 2], "bvp+temp": [5, 2, 1, 1, 2, 0, 7, 2, 1, 2, 7, 0, 0, 1, 2], "bvp+acc": [1, 0, 6, 8, 0, 0, 0, 0, 4, 0, 0, 6, 0, 3, 3], "eda+temp": [12, 7, 13, 3, 9, 1, 14, 6, 12, 7, 8, 0, 1, 6, 5], "eda+acc": [1, 2, 14, 11, 5, 0, 5, 2, 14, 4, 0, 6, 2, 9, 4], "temp+acc": [6, 5, 13, 9, 3, 0, 8, 2, 7, 3, 5, 7, 0, 9, 10], "bvp+eda+temp": [4, 2, 6, 0, 2, 0, 9, 2, 5, 3, 3, 0, 0, 2, 1], "bvp+eda+acc": [0, 1, 11, 7, 1, 0, 3, 0, 6, 1, 0, 1, 0, 5, 1], "bvp+temp+acc": [2, 2, 7, 5, 1, 0, 3, 1, 2, 1, 2, 2, 0, 2, 6], "eda+temp+acc": [5, 5, 14, 9, 4, 0, 9, 2, 12, 3, 5, 1, 1, 9, 7], "bvp+eda+temp+acc": [2, 2, 11, 5, 1, 0, 4, 1, 6, 1, 2, 0, 0, 6, 2]}, "score": {"bvp": [0, 0, 0, 0, 0, 0, 0, 0, 0, 0, 0, 0, 0, 0, 0], "eda": [7, 5, 14, 6, 10, 1, 10, 6, 13, 7, 1, 0, 5, 8, 3], "temp": [11, 9, 8, 3, 6, 2, 13, 6, 5, 7, 13, 0, 0, 5, 9], "acc": [1, 3, 13, 14, 1, 0, 2, 2, 9, 1, 0, 13, 0, 10, 8], "bvp+eda": [2, 0, 10, 2, 3, 0, 4, 1, 3, 4, 0, 0, 1, 4, 1], "bvp+temp": [5, 4, 2, 2, 3, 0, 10, 1, 1, 7, 8, 0, 0, 2, 7], "bvp+acc": [0, 0, 5, 8, 0, 0, 0, 0, 1, 0, 0, 3, 0, 5, 2], "eda+temp": [12, 7, 13, 2, 8, 1, 14, 7, 6, 8, 9, 0, 0, 5, 6], "eda+acc": [1, 2, 14, 10, 3, 0, 4, 4, 13, 5, 0, 2, 3, 9, 2], "temp+acc": [7, 5, 12, 4, 3, 1, 11, 5, 3, 6, 11, 0, 0, 4, 10], "bvp+eda+temp": [5, 4, 9, 0, 5, 0, 9, 1, 2, 6, 4, 0, 0, 3, 4], "bvp+eda+acc": [0, 0, 10, 6, 1, 0, 2, 0, 4, 1, 0, 0, 1, 5, 1], "bvp+temp+acc": [1, 2, 4, 3, 1, 0, 7, 1, 1, 5, 5, 0, 0, 2, 8], "eda+temp+acc": [7, 5, 13, 4, 4, 0, 12, 5, 8, 6, 6, 0, 0, 8, 6], "bvp+eda+temp+acc": [2, 2, 10, 4, 2, 0, 7, 1, 3, 4, 2, 0, 0, 5, 5]}}