{"1": {"non-stress": 0.571, "stress": 0.374}, "2": {"non-stress": 0.685, "stress": 0.474}, "3": {"non-stress": 0.758, "stress": 0.537}, "4": {"non-stress": 0.807, "stress": 0.594}, "5": {"non-stress": 0.842, "stress": 0.642}, "6": {"non-stress": 0.865, "stress": 0.693}, "7": {"non-stress": 0.887, "stress": 0.733}, "8": {"non-stress": 0.908, "stress": 0.778}, "9": {"non-stress": 0.926, "stress": 0.819}, "10": {"non-stress": 0.945, "stress": 0.85}, "11": {"non-stress": 0.962, "stress": 0.891}, "12": {"non-stress": 0.977, "stress": 0.925}, "13": {"non-stress": 0.984, "stress": 0.95}, "14": {"non-stress": 0.996, "stress": 0.976}, "15": {"non-stress": 1.0, "stress": 1.0}}