{"1": {"bvp": 0.991, "eda": 0.174, "temp": 0.045, "acc": 0.547, "bvp+eda": 0.701, "bvp+temp": 0.508, "bvp+acc": 0.923, "eda+temp": 0.077, "eda+acc": 0.415, "temp+acc": 0.297, "bvp+eda+temp": 0.506, "bvp+eda+acc": 0.822, "bvp+temp+acc": 0.715, "eda+temp+acc": 0.3, "bvp+eda+temp+acc": 0.66}, "2": {"bvp": 1.0, "eda": 0.259, "temp": 0.112, "acc": 0.691, "bvp+eda": 0.839, "bvp+temp": 0.655, "bvp+acc": 0.966, "eda+temp": 0.147, "eda+acc": 0.608, "temp+acc": 0.423, "bvp+eda+temp": 0.651, "bvp+eda+acc": 0.887, "bvp+temp+acc": 0.833, "eda+temp+acc": 0.452, "bvp+eda+temp+acc": 0.801}, "3": {"bvp": 1.0, "eda": 0.351, "temp": 0.172, "acc": 0.793, "bvp+eda": 0.894, "bvp+temp": 0.758, "bvp+acc": 0.975, "eda+temp": 0.197, "eda+acc": 0.692, "temp+acc": 0.524, "bvp+eda+temp": 0.799, "bvp+eda+acc": 0.91, "bvp+temp+acc": 0.873, "eda+temp+acc": 0.562, "bvp+eda+temp+acc": 0.875}, "4": {"bvp": 1.0, "eda": 0.42, "temp": 0.24, "acc": 0.872, "bvp+eda": 0.912, "bvp+temp": 0.817, "bvp+acc": 0.985, "eda+temp": 0.274, "eda+acc": 0.753, "temp+acc": 0.626, "bvp+eda+temp": 0.881, "bvp+eda+acc": 0.933, "bvp+temp+acc": 0.894, "eda+temp+acc": 0.631, "bvp+eda+temp+acc": 0.908}, "5": {"bvp": 1.0, "eda": 0.471, "temp": 0.307, "acc": 0.903, "bvp+eda": 0.947, "bvp+temp": 0.874, "bvp+acc": 0.987, "eda+temp": 0.358, "eda+acc": 0.783, "temp+acc": 0.707, "bvp+eda+temp": 0.902, "bvp+eda+acc": 0.96, "bvp+temp+acc": 0.92, "eda+temp+acc": 0.676, "bvp+eda+temp+acc": 0.936}, "6": {"bvp": 1.0, "eda": 0.537, "temp": 0.375, "acc": 0.919, "bvp+eda": 0.962, "bvp+temp": 0.917, "bvp+acc": 0.992, "eda+temp": 0.452, "eda+acc": 0.806, "temp+acc": 0.736, "bvp+eda+temp": 0.918, "bvp+eda+acc": 0.965, "bvp+temp+acc": 0.941, "eda+temp+acc": 0.729, "bvp+eda+temp+acc": 0.949}, "7": {"bvp": 1.0, "eda": 0.592, "temp": 0.429, "acc": 0.936, "bvp+eda": 0.965, "bvp+temp": 0.929, "bvp+acc": 0.993, "eda+temp": 0.557, "eda+acc": 0.85, "temp+acc": 0.75, "bvp+eda+temp": 0.948, "bvp+eda+acc": 0.97, "bvp+temp+acc": 0.959, "eda+temp+acc": 0.767, "bvp+eda+temp+acc": 0.963}, "8": {"bvp": 1.0, "eda": 0.658, "temp": 0.474, "acc": 0.953, "bvp+eda": 0.977, "bvp+temp": 0.951, "bvp+acc": 1.0, "eda+temp": 0.667, "eda+acc": 0.887, "temp+acc": 0.774, "bvp+eda+temp": 0.963, "bvp+eda+acc": 0.978, "bvp+temp+acc": 0.971, "eda+temp+acc": 0.809, "bvp+eda+temp+acc": 0.97}, "9": {"bvp": 1.0, "eda": 0.725, "temp": 0.545, "acc": 0.962, "bvp+eda": 0.982, "bvp+temp": 0.961, "bvp+acc": 1.0, "eda+temp": 0.731, "eda+acc": 0.922, "temp+acc": 0.814, "bvp+eda+temp": 0.97, "bvp+eda+acc": 0.985, "bvp+temp+acc": 0.982, "eda+temp+acc": 0.851, "bvp+eda+temp+acc": 0.977}, "10": {"bvp": 1.0, "eda": 0.812, "temp": 0.636, "acc": 0.965, "bvp+eda": 0.987, "bvp+temp": 0.969, "bvp+acc": 1.0, "eda+temp": 0.791, "eda+acc": 0.943, "temp+acc": 0.835, "bvp+eda+temp": 0.978, "bvp+eda+acc": 0.985, "bvp+temp+acc": 0.983, "eda+temp+acc": 0.888, "bvp+eda+temp+acc": 0.98}, "11": {"bvp": 1.0, "eda": 0.867, "temp": 0.728, "acc": 0.973, "bvp+eda": 0.99, "bvp+temp": 0.982, "bvp+acc": 1.0, "eda+temp": 0.853, "eda+acc": 0.969, "temp+acc": 0.89, "bvp+eda+temp": 0.982, "bvp+eda+acc": 0.987, "bvp+temp+acc": 0.987, "eda+temp+acc": 0.923, "bvp+eda+temp+acc": 0.983}, "12": {"bvp": 1.0, "eda": 0.942, "temp": 0.792, "acc": 0.982, "bvp+eda": 0.993, "bvp+temp": 0.983, "bvp+acc": 1.0, "eda+temp": 0.904, "eda+acc": 0.978, "temp+acc": 0.923, "bvp+eda+temp": 0.99, "bvp+eda+acc": 0.993, "bvp+temp+acc": 0.988, "eda+temp+acc": 0.959, "bvp+eda+temp+acc": 0.99}, "13": {"bvp": 1.0, "eda": 0.967, "temp": 0.842, "acc": 0.987, "bvp+eda": 0.995, "bvp+temp": 0.99, "bvp+acc": 1.0, "eda+temp": 0.943, "eda+acc": 0.988, "temp+acc": 0.949, "bvp+eda+temp": 0.993, "bvp+eda+acc": 0.995, "bvp+temp+acc": 0.993, "eda+temp+acc": 0.974, "bvp+eda+temp+acc": 0.995}, "14": {"bvp": 1.0, "eda": 0.991, "temp": 0.933, "acc": 0.99, "bvp+eda": 1.0, "bvp+temp": 0.997, "bvp+acc": 1.0, "eda+temp": 0.984, "eda+acc": 0.993, "temp+acc": 0.977, "bvp+eda+temp": 0.997, "bvp+eda+acc": 1.0, "bvp+temp+acc": 1.0, "eda+temp+acc": 0.99, "bvp+eda+temp+acc": 0.997}, "15": {"bvp": 1.0, "eda": 1.0, "temp": 1.0, "acc": 1.0, "bvp+eda": 1.0, "bvp+temp": 1.0, "bvp+acc": 1.0, "eda+temp": 1.0, "eda+acc": 1.0, "temp+acc": 1.0, "bvp+eda+temp": 1.0, "bvp+eda+acc": 1.0, "bvp+temp+acc": 1.0, "eda+temp+acc": 1.0, "bvp+eda+temp+acc": 1.0}}