{"1": {"rank": 0.35, "score": 0.473, "mean": 0.411}, "2": {"rank": 0.495, "score": 0.579, "mean": 0.537}, "3": {"rank": 0.597, "score": 0.648, "mean": 0.622}, "4": {"rank": 0.674, "score": 0.701, "mean": 0.687}, "5": {"rank": 0.724, "score": 0.742, "mean": 0.733}, "6": {"rank": 0.782, "score": 0.779, "mean": 0.781}, "7": {"rank": 0.829, "score": 0.81, "mean": 0.819}, "8": {"rank": 0.862, "score": 0.843, "mean": 0.853}, "9": {"rank": 0.89, "score": 0.872, "mean": 0.881}, "10": {"rank": 0.915, "score": 0.898, "mean": 0.906}, "11": {"rank": 0.938, "score": 0.927, "mean": 0.932}, "12": {"rank": 0.954, "score": 0.951, "mean": 0.953}, "13": {"rank": 0.973, "score": 0.967, "mean": 0.97}, "14": {"rank": 0.988, "score": 0.986, "mean": 0.987}, "15": {"rank": 1.0, "score": 1.0, "mean": 1.0}}