{"rank": {"bvp": [0, 0, 0, 0, 0, 0, 0, 0, 0, 0, 0, 0, 0, 0, 0], "eda": [3, 7, 13, 4, 8, 1, 4, 7, 14, 5, 2, 0, 6, 12, 1], "temp": [11, 5, 9, 3, 3, 2, 13, 7, 3, 14, 14, 14, 0, 11, 10], "acc": [12, 6, 8, 14, 1, 0, 2, 7, 10, 11, 0, 10, 1, 9, 2], "bvp+eda": [1, 3, 6, 1, 2, 0, 1, 2, 7, 1, 0, 0, 1, 6, 0], "bvp+temp": [5, 1, 1, 1, 1, 0, 7, 3, 1, 9, 8, 8, 0, 6, 3], "bvp+acc": [4, 2, 2, 8, 0, 0, 0, 3, 4, 7, 0, 3, 0, 2, 0], "eda+temp": [5, 3, 14, 2, 2, 0, 9, 5, 9, 12, 9, 8, 0, 14, 6], "eda+acc": [9, 5, 11, 12, 4, 0, 1, 7, 14, 10, 0, 6, 3, 12, 0], "temp+acc": [14, 4, 9, 8, 1, 0, 8, 6, 5, 14, 5, 13, 0, 13, 4], "bvp+eda+temp": [2, 1, 7, 0, 1, 0, 5, 2, 4, 6, 3, 3, 0, 10, 1], "bvp+eda+acc": [5, 2, 9, 6, 0, 0, 0, 3, 9, 2, 0, 1, 0, 7, 0], "bvp+temp+acc": [9, 2, 4, 5, 0, 0, 3, 3, 2, 9, 3, 10, 0, 7, 1], "eda+temp+acc": [12, 4, 13, 6, 2, 0, 4, 6, 12, 13, 3, 10, 0, 14, 1], "bvp+eda+temp+acc": [4, 1, 10, 2, 1, 0, 2, 3, 6, 11, 1, 4, 0, 11, 0]}, "score": {"bvp": [0, 0, 0, 0, 0, 0, 0, 0, 0, 0, 0, 0, 0, 0, 0], "eda": [3, 7, 13, 4, 8, 1, 4, 7, 14, 5, 2, 0, 6, 12, 1], "temp": [11, 5, 9, 3, 3, 2, 13, 7, 3, 14, 14, 14, 0, 11, 10], "acc": [12, 6, 8, 14, 1, 0, 2, 7, 10, 11, 0, 10, 1, 9, 2], "bvp+eda": [0, 3, 8, 1, 3, 0, 2, 0, 3, 2, 0, 0, 2, 7, 0], "bvp+temp": [6, 1, 4, 1, 1, 0, 10, 1, 0, 8, 8, 5, 0, 8, 8], "bvp+acc": [3, 0, 2, 8, 0, 0, 0, 0, 1, 4, 0, 1, 0, 4, 0], "eda+temp": [11, 5, 13, 3, 4, 0, 13, 5, 9, 13, 7, 7, 3, 13, 6], "eda+acc": [8, 6, 12, 12, 4, 0, 3, 7, 13, 9, 0, 0, 3, 13, 1], "temp+acc": [13, 6, 9, 5, 1, 1, 10, 5, 4, 14, 10, 14, 0, 12, 9], "bvp+eda+temp": [4, 1, 7, 2, 2, 0, 8, 0, 3, 7, 2, 0, 0, 10, 1], "bvp+eda+acc": [3, 2, 9, 7, 2, 0, 2, 1, 5, 2, 0, 0, 1, 8, 0], "bvp+temp+acc": [7, 1, 5, 3, 1, 0, 8, 0, 2, 9, 4, 5, 0, 8, 7], "eda+temp+acc": [12, 4, 13, 4, 4, 0, 11, 5, 11, 13, 6, 8, 1, 12, 4], "bvp+eda+temp+acc": [4, 2, 7, 4, 1, 0, 6, 0, 3, 8, 1, 0, 0, 10, 1]}}