{"rank": {"bvp": [0, 0, 0, 0, 0, 0, 0, 0, 0, 0, 0, 0, 0, 0, 0], "eda": [9, 12, 1, 1, 2, 0, 8, 2, 0, 6, 9, 0, 0, 0, 11], "temp": [0, 4, 4, 9, 9, 1, 1, 6, 1, 1, 0, 0, 0, 12, 1], "acc": [0, 0, 0, 0, 0, 0, 0, 0, 3, 0, 0, 0, 0, 0, 8], "bvp+eda": [3, 7, 0, 0, 1, 0, 2, 0, 0, 2, 3, 0, 0, 0, 6], "bvp+temp": [0, 2, 2, 2, 3, 0, 0, 1, 0, 0, 0, 0, 0, 4, 0], "bvp+acc": [0, 0, 0, 0, 0, 0, 0, 0, 2, 0, 0, 0, 0, 0, 2], "eda+temp": [2, 9, 0, 3, 5, 0, 2, 1, 0, 4, 2, 0, 0, 4, 6], "eda+acc": [3, 5, 0, 0, 0, 0, 2, 1, 1, 2, 2, 0, 0, 0, 13], "temp+acc": [0, 1, 1, 2, 3, 0, 0, 1, 0, 0, 0, 0, 0, 5, 2], "bvp+eda+temp": [0, 4, 0, 0, 2, 0, 0, 0, 0, 1, 0, 0, 0, 2, 2], "bvp+eda+acc": [0, 1, 0, 0, 0, 0, 0, 0, 0, 1, 1, 0, 0, 0, 5], "bvp+temp+acc": [0, 0, 0, 0, 1, 0, 0, 0, 0, 0, 0, 0, 0, 1, 0], "eda+temp+acc": [0, 1, 0, 0, 1, 0, 0, 0, 0, 1, 0, 0, 0, 2, 6], "bvp+eda+temp+acc": [0, 0, 0, 0, 0, 0, 0, 0, 0, 1, 0, 0, 0, 0, 2]}, "score": {"bvp": [0, 0, 0, 0, 0, 0, 0, 0, 0, 0, 0, 0, 0, 0, 0], "eda": [9, 12, 1, 1, 2, 0, 8, 2, 0, 6, 9, 0, 0, 0, 11], "temp": [0, 4, 4, 9, 9, 1, 1, 6, 1, 1, 0, 0, 0, 12, 1], "acc": [0, 0, 0, 0, 0, 0, 0, 0, 3, 0, 0, 0, 0, 0, 8], "bvp+eda": [3, 7, 1, 0, 1, 0, 5, 0, 0, 2, 0, 0, 0, 0, 7], "bvp+temp": [0, 2, 2, 7, 7, 0, 0, 0, 0, 0, 0, 0, 0, 6, 0], "bvp+acc": [0, 0, 0, 0, 0, 0, 0, 0, 1, 0, 0, 0, 0, 0, 1], "eda+temp": [0, 5, 0, 6, 5, 0, 0, 1, 0, 2, 0, 0, 0, 4, 6], "eda+acc": [1, 3, 0, 0, 0, 0, 0, 0, 1, 1, 1, 0, 0, 0, 10], "temp+acc": [0, 1, 0, 5, 6, 0, 0, 0, 1, 0, 0, 0, 0, 5, 0], "bvp+eda+temp": [0, 2, 0, 2, 2, 0, 0, 0, 0, 1, 0, 0, 0, 2, 2], "bvp+eda+acc": [0, 0, 0, 0, 0, 0, 0, 0, 0, 0, 0, 0, 0, 0, 6], "bvp+temp+acc": [0, 0, 0, 2, 4, 0, 0, 0, 0, 0, 0, 0, 0, 1, 0], "eda+temp+acc": [0, 1, 0, 3, 2, 0, 0, 0, 0, 0, 0, 0, 0, 1, 6], "bvp+eda+temp+acc": [0, 0, 0, 0, 0, 0, 0, 0, 0, 0, 0, 0, 0, 0, 2]}}