{"rank": {"bvp": [0, 0, 0, 0, 0, 0, 0, 0, 0, 0, 0, 0, 0, 0, 0], "eda": [4, 2, 12, 6, 14, 0, 3, 11, 11, 5, 0, 0, 5, 9, 1], "temp": [11, 8, 10, 1, 3, 2, 13, 8, 3, 12, 14, 0, 0, 8, 10], "acc": [1, 3, 6, 14, 4, 0, 8, 0, 6, 2, 0, 13, 0, 10, 9], "bvp+eda": [1, 0, 5, 2, 9, 0, 1, 5, 5, 1, 0, 0, 1, 2, 0], "bvp+temp": [5, 2, 3, 0, 0, 0, 7, 2, 1, 7, 8, 0, 0, 3, 3], "bvp+acc": [1, 0, 1, 8, 1, 0, 2, 0, 3, 1, 0, 6, 0, 3, 3], "eda+temp": [9, 4, 14, 2, 9, 0, 10, 11, 8, 8, 9, 0, 1, 10, 6], "eda+acc": [1, 0, 10, 12, 11, 0, 6, 6, 9, 3, 0, 6, 2, 11, 2], "temp+acc": [5, 4, 10, 9, 2, 0, 12, 2, 3, 7, 6, 6, 0, 10, 12], "bvp+eda+temp": [3, 1, 7, 0, 4, 0, 3, 4, 3, 4, 3, 0, 1, 5, 1], "bvp+eda+acc": [0, 0, 6, 7, 4, 0, 1, 1, 5, 0, 0, 2, 0, 5, 0], "bvp+temp+acc": [2, 2, 2, 3, 1, 0, 6, 0, 1, 3, 3, 1, 0, 6, 5], "eda+temp+acc": [3, 1, 11, 6, 8, 0, 10, 6, 6, 6, 4, 1, 0, 10, 8], "bvp+eda+temp+acc": [0, 1, 7, 3, 2, 0, 4, 2, 3, 3, 1, 0, 0, 9, 1]}, "score": {"bvp": [0, 0, 0, 0, 0, 0, 0, 0, 0, 0, 0, 0, 0, 0, 0], "eda": [4, 2, 12, 6, 14, 0, 3, 11, 11, 5, 0, 0, 5, 9, 1], "temp": [11, 8, 10, 1, 3, 2, 13, 8, 3, 12, 14, 0, 0, 8, 10], "acc": [1, 3, 6, 14, 4, 0, 8, 0, 6, 2, 0, 13, 0, 10, 9], "bvp+eda": [2, 0, 7, 2, 10, 0, 1, 2, 2, 1, 0, 0, 1, 5, 0], "bvp+temp": [4, 2, 8, 0, 0, 0, 10, 1, 1, 9, 11, 0, 0, 3, 5], "bvp+acc": [1, 0, 2, 7, 1, 0, 1, 0, 1, 1, 0, 3, 0, 4, 3], "eda+temp": [7, 4, 13, 1, 8, 0, 11, 9, 7, 10, 9, 0, 1, 10, 1], "eda+acc": [1, 2, 10, 10, 11, 0, 5, 8, 9, 3, 0, 0, 4, 10, 0], "temp+acc": [6, 5, 11, 3, 2, 0, 13, 4, 3, 9, 12, 2, 0, 9, 9], "bvp+eda+temp": [3, 1, 9, 0, 4, 0, 7, 3, 2, 5, 5, 0, 0, 6, 0], "bvp+eda+acc": [0, 0, 7, 7, 6, 0, 2, 1, 3, 1, 0, 0, 1, 7, 0], "bvp+temp+acc": [1, 1, 5, 0, 1, 0, 9, 1, 1, 5, 6, 0, 0, 6, 5], "eda+temp+acc": [4, 3, 13, 2, 6, 0, 12, 6, 6, 6, 4, 0, 1, 10, 2], "bvp+eda+temp+acc": [1, 1, 7, 2, 3, 0, 8, 1, 1, 5, 0, 0, 0, 8, 0]}}