{"1": {"non-stress": 0.217, "stress": 0.132}, "2": {"non-stress": 0.34, "stress": 0.233}, "3": {"non-stress": 0.428, "stress": 0.331}, "4": {"non-stress": 0.504, "stress": 0.424}, "5": {"non-stress": 0.576, "stress": 0.499}, "6": {"non-stress": 0.628, "stress": 0.563}, "7": {"non-stress": 0.672, "stress": 0.617}, "8": {"non-stress": 0.723, "stress": 0.668}, "9": {"non-stress": 0.769, "stress": 0.715}, "10": {"non-stress": 0.82, "stress": 0.766}, "11": {"non-stress": 0.86, "stress": 0.814}, "12": {"non-stress": 0.901, "stress": 0.866}, "13": {"non-stress": 0.939, "stress": 0.922}, "14": {"non-stress": 0.97, "stress": 0.961}, "15": {"non-stress": 1.0, "stress": 1.0}}