{"1": {"bvp": 0.259, "eda": 0.126, "temp": 0.059, "acc": 0.125, "bvp+eda": 0.255, "bvp+temp": 0.211, "bvp+acc": 0.302, "eda+temp": 0.114, "eda+acc": 0.18, "temp+acc": 0.13, "bvp+eda+temp": 0.207, "bvp+eda+acc": 0.291, "bvp+temp+acc": 0.243, "eda+temp+acc": 0.145, "bvp+eda+temp+acc": 0.241}, "2": {"bvp": 0.426, "eda": 0.244, "temp": 0.148, "acc": 0.23, "bvp+eda": 0.401, "bvp+temp": 0.339, "bvp+acc": 0.447, "eda+temp": 0.211, "eda+acc": 0.268, "temp+acc": 0.201, "bvp+eda+temp": 0.365, "bvp+eda+acc": 0.403, "bvp+temp+acc": 0.361, "eda+temp+acc": 0.235, "bvp+eda+temp+acc": 0.352}, "3": {"bvp": 0.562, "eda": 0.329, "temp": 0.234, "acc": 0.296, "bvp+eda": 0.528, "bvp+temp": 0.433, "bvp+acc": 0.555, "eda+temp": 0.303, "eda+acc": 0.342, "temp+acc": 0.27, "bvp+eda+temp": 0.447, "bvp+eda+acc": 0.494, "bvp+temp+acc": 0.462, "eda+temp+acc": 0.301, "bvp+eda+temp+acc": 0.443}, "4": {"bvp": 0.664, "eda": 0.378, "temp": 0.338, "acc": 0.383, "bvp+eda": 0.604, "bvp+temp": 0.5, "bvp+acc": 0.645, "eda+temp": 0.374, "eda+acc": 0.417, "temp+acc": 0.354, "bvp+eda+temp": 0.527, "bvp+eda+acc": 0.58, "bvp+temp+acc": 0.534, "eda+temp+acc": 0.378, "bvp+eda+temp+acc": 0.533}, "5": {"bvp": 0.76, "eda": 0.47, "temp": 0.41, "acc": 0.45, "bvp+eda": 0.689, "bvp+temp": 0.594, "bvp+acc": 0.701, "eda+temp": 0.45, "eda+acc": 0.478, "temp+acc": 0.436, "bvp+eda+temp": 0.578, "bvp+eda+acc": 0.663, "bvp+temp+acc": 0.582, "eda+temp+acc": 0.453, "bvp+eda+temp+acc": 0.592}, "6": {"bvp": 0.815, "eda": 0.541, "temp": 0.471, "acc": 0.511, "bvp+eda": 0.743, "bvp+temp": 0.651, "bvp+acc": 0.741, "eda+temp": 0.507, "eda+acc": 0.56, "temp+acc": 0.496, "bvp+eda+temp": 0.621, "bvp+eda+acc": 0.71, "bvp+temp+acc": 0.626, "eda+temp+acc": 0.505, "bvp+eda+temp+acc": 0.645}, "7": {"bvp": 0.852, "eda": 0.612, "temp": 0.517, "acc": 0.555, "bvp+eda": 0.782, "bvp+temp": 0.703, "bvp+acc": 0.778, "eda+temp": 0.547, "eda+acc": 0.601, "temp+acc": 0.557, "bvp+eda+temp": 0.671, "bvp+eda+acc": 0.745, "bvp+temp+acc": 0.694, "eda+temp+acc": 0.554, "bvp+eda+temp+acc": 0.675}, "8": {"bvp": 0.901, "eda": 0.684, "temp": 0.575, "acc": 0.615, "bvp+eda": 0.814, "bvp+temp": 0.746, "bvp+acc": 0.823, "eda+temp": 0.586, "eda+acc": 0.655, "temp+acc": 0.616, "bvp+eda+temp": 0.718, "bvp+eda+acc": 0.802, "bvp+temp+acc": 0.732, "eda+temp+acc": 0.611, "bvp+eda+temp+acc": 0.727}, "9": {"bvp": 0.939, "eda": 0.734, "temp": 0.637, "acc": 0.668, "bvp+eda": 0.85, "bvp+temp": 0.785, "bvp+acc": 0.857, "eda+temp": 0.641, "eda+acc": 0.71, "temp+acc": 0.646, "bvp+eda+temp": 0.754, "bvp+eda+acc": 0.842, "bvp+temp+acc": 0.798, "eda+temp+acc": 0.67, "bvp+eda+temp+acc": 0.77}, "10": {"bvp": 0.959, "eda": 0.785, "temp": 0.699, "acc": 0.726, "bvp+eda": 0.884, "bvp+temp": 0.841, "bvp+acc": 0.904, "eda+temp": 0.72, "eda+acc": 0.765, "temp+acc": 0.702, "bvp+eda+temp": 0.803, "bvp+eda+acc": 0.88, "bvp+temp+acc": 0.846, "eda+temp+acc": 0.725, "bvp+eda+temp+acc": 0.823}, "11": {"bvp": 0.966, "eda": 0.832, "temp": 0.765, "acc": 0.766, "bvp+eda": 0.929, "bvp+temp": 0.886, "bvp+acc": 0.923, "eda+temp": 0.755, "eda+acc": 0.81, "temp+acc": 0.776, "bvp+eda+temp": 0.856, "bvp+eda+acc": 0.915, "bvp+temp+acc": 0.885, "eda+temp+acc": 0.771, "bvp+eda+temp+acc": 0.866}, "12": {"bvp": 0.99, "eda": 0.872, "temp": 0.822, "acc": 0.829, "bvp+eda": 0.947, "bvp+temp": 0.909, "bvp+acc": 0.955, "eda+temp": 0.813, "eda+acc": 0.874, "temp+acc": 0.849, "bvp+eda+temp": 0.901, "bvp+eda+acc": 0.942, "bvp+temp+acc": 0.924, "eda+temp+acc": 0.831, "bvp+eda+temp+acc": 0.909}, "13": {"bvp": 1.0, "eda": 0.901, "temp": 0.888, "acc": 0.883, "bvp+eda": 0.968, "bvp+temp": 0.949, "bvp+acc": 0.981, "eda+temp": 0.873, "eda+acc": 0.911, "temp+acc": 0.914, "bvp+eda+temp": 0.956, "bvp+eda+acc": 0.953, "bvp+temp+acc": 0.972, "eda+temp+acc": 0.897, "bvp+eda+temp+acc": 0.962}, "14": {"bvp": 1.0, "eda": 0.947, "temp": 0.926, "acc": 0.945, "bvp+eda": 0.986, "bvp+temp": 0.976, "bvp+acc": 0.99, "eda+temp": 0.947, "eda+acc": 0.94, "temp+acc": 0.959, "bvp+eda+temp": 0.984, "bvp+eda+acc": 0.983, "bvp+temp+acc": 0.986, "eda+temp+acc": 0.955, "bvp+eda+temp+acc": 0.99}, "15": {"bvp": 1.0, "eda": 1.0, "temp": 1.0, "acc": 1.0, "bvp+eda": 1.0, "bvp+temp": 1.0, "bvp+acc": 1.0, "eda+temp": 1.0, "eda+acc": 1.0, "temp+acc": 1.0, "bvp+eda+temp": 1.0, "bvp+eda+acc": 1.0, "bvp+temp+acc": 1.0, "eda+temp+acc": 1.0, "bvp+eda+temp+acc": 1.0}}