{"1": {"rank": 0.15, "score": 0.175, "mean": 0.162}, "2": {"rank": 0.279, "score": 0.286, "mean": 0.283}, "3": {"rank": 0.379, "score": 0.379, "mean": 0.379}, "4": {"rank": 0.458, "score": 0.464, "mean": 0.461}, "5": {"rank": 0.531, "score": 0.538, "mean": 0.534}, "6": {"rank": 0.604, "score": 0.596, "mean": 0.6}, "7": {"rank": 0.661, "score": 0.644, "mean": 0.653}, "8": {"rank": 0.714, "score": 0.695, "mean": 0.705}, "9": {"rank": 0.759, "score": 0.742, "mean": 0.75}, "10": {"rank": 0.814, "score": 0.793, "mean": 0.803}, "11": {"rank": 0.856, "score": 0.837, "mean": 0.847}, "12": {"rank": 0.896, "score": 0.884, "mean": 0.89}, "13": {"rank": 0.936, "score": 0.93, "mean": 0.933}, "14": {"rank": 0.971, "score": 0.966, "mean": 0.969}, "15": {"rank": 1.0, "score": 1.0, "mean": 1.0}}