{"rank": {"bvp": [0, 0, 0, 0, 0, 0, 0, 0, 0, 0, 0, 0, 0, 0, 0], "eda": [0, 0, 5, 0, 0, 1, 5, 0, 5, 3, 0, 0, 0, 1, 0], "temp": [4, 0, 1, 1, 6, 0, 1, 0, 4, 1, 1, 2, 8, 12, 4], "acc": [7, 0, 0, 0, 0, 0, 0, 0, 2, 0, 0, 0, 0, 1, 1], "bvp+eda": [0, 0, 1, 0, 0, 0, 0, 0, 1, 0, 0, 0, 0, 0, 0], "bvp+temp": [0, 0, 0, 0, 1, 0, 0, 0, 2, 0, 0, 0, 2, 5, 1], "bvp+acc": [3, 0, 0, 0, 0, 0, 0, 0, 1, 0, 0, 0, 0, 0, 1], "eda+temp": [1, 0, 1, 0, 2, 0, 1, 0, 2, 0, 0, 1, 2, 7, 2], "eda+acc": [3, 0, 0, 0, 0, 0, 1, 0, 3, 1, 0, 0, 0, 0, 0], "temp+acc": [5, 0, 1, 0, 1, 0, 0, 0, 2, 1, 0, 0, 3, 5, 1], "bvp+eda+temp": [0, 0, 0, 0, 0, 0, 0, 0, 1, 0, 0, 0, 0, 1, 0], "bvp+eda+acc": [0, 0, 0, 0, 0, 0, 0, 0, 1, 0, 0, 0, 0, 0, 0], "bvp+temp+acc": [1, 0, 0, 0, 0, 0, 0, 0, 1, 0, 0, 0, 1, 1, 0], "eda+temp+acc": [1, 0, 0, 0, 0, 0, 0, 0, 1, 0, 0, 0, 1, 3, 0], "bvp+eda+temp+acc": [0, 0, 0, 0, 0, 0, 0, 0, 1, 0, 0, 0, 0, 1, 0]}, "score": {"bvp": [0, 0, 0, 0, 0, 0, 0, 0, 0, 0, 0, 0, 0, 0, 0], "eda": [0, 0, 5, 0, 0, 1, 5, 0, 5, 3, 0, 0, 0, 1, 0], "temp": [4, 0, 1, 1, 6, 0, 1, 0, 4, 1, 1, 2, 8, 12, 4], "acc": [7, 0, 0, 0, 0, 0, 0, 0, 2, 0, 0, 0, 0, 1, 1], "bvp+eda": [0, 0, 2, 0, 0, 0, 2, 0, 2, 0, 0, 0, 0, 0, 0], "bvp+temp": [0, 0, 0, 0, 2, 0, 0, 0, 1, 0, 0, 0, 5, 7, 1], "bvp+acc": [1, 0, 0, 0, 0, 0, 0, 0, 0, 0, 0, 0, 0, 0, 0], "eda+temp": [0, 0, 1, 0, 1, 0, 1, 0, 5, 0, 0, 0, 6, 7, 2], "eda+acc": [2, 0, 3, 0, 0, 0, 1, 0, 5, 0, 0, 0, 0, 0, 0], "temp+acc": [3, 0, 0, 0, 1, 0, 0, 0, 2, 0, 0, 0, 6, 10, 4], "bvp+eda+temp": [0, 0, 0, 0, 0, 0, 0, 0, 2, 0, 0, 0, 1, 6, 1], "bvp+eda+acc": [0, 0, 2, 0, 0, 0, 0, 0, 2, 0, 0, 0, 0, 0, 0], "bvp+temp+acc": [0, 0, 0, 0, 0, 0, 0, 0, 1, 0, 0, 0, 2, 6, 0], "eda+temp+acc": [1, 0, 1, 0, 0, 0, 0, 0, 4, 0, 0, 0, 2, 6, 2], "bvp+eda+temp+acc": [0, 0, 0, 0, 0, 0, 0, 0, 2, 0, 0, 0, 0, 4, 0]}}