{"1": {"non-stress": 0.411, "stress": 0.229}, "2": {"non-stress": 0.548, "stress": 0.328}, "3": {"non-stress": 0.623, "stress": 0.391}, "4": {"non-stress": 0.681, "stress": 0.444}, "5": {"non-stress": 0.724, "stress": 0.494}, "6": {"non-stress": 0.762, "stress": 0.551}, "7": {"non-stress": 0.804, "stress": 0.596}, "8": {"non-stress": 0.836, "stress": 0.656}, "9": {"non-stress": 0.879, "stress": 0.72}, "10": {"non-stress": 0.908, "stress": 0.768}, "11": {"non-stress": 0.935, "stress": 0.83}, "12": {"non-stress": 0.953, "stress": 0.871}, "13": {"non-stress": 0.971, "stress": 0.918}, "14": {"non-stress": 0.989, "stress": 0.976}, "15": {"non-stress": 1.0, "stress": 1.0}}