{"1": {"bvp": 0.994, "eda": 0.105, "temp": 0.069, "acc": 0.451, "bvp+eda": 0.264, "bvp+temp": 0.313, "bvp+acc": 0.788, "eda+temp": 0.103, "eda+acc": 0.248, "temp+acc": 0.173, "bvp+eda+temp": 0.332, "bvp+eda+acc": 0.401, "bvp+temp+acc": 0.462, "eda+temp+acc": 0.204, "bvp+eda+temp+acc": 0.445}, "2": {"bvp": 1.0, "eda": 0.173, "temp": 0.154, "acc": 0.63, "bvp+eda": 0.444, "bvp+temp": 0.463, "bvp+acc": 0.928, "eda+temp": 0.184, "eda+acc": 0.369, "temp+acc": 0.33, "bvp+eda+temp": 0.494, "bvp+eda+acc": 0.499, "bvp+temp+acc": 0.624, "eda+temp+acc": 0.368, "bvp+eda+temp+acc": 0.569}, "3": {"bvp": 1.0, "eda": 0.22, "temp": 0.218, "acc": 0.719, "bvp+eda": 0.501, "bvp+temp": 0.584, "bvp+acc": 0.963, "eda+temp": 0.283, "eda+acc": 0.407, "temp+acc": 0.433, "bvp+eda+temp": 0.602, "bvp+eda+acc": 0.564, "bvp+temp+acc": 0.693, "eda+temp+acc": 0.45, "bvp+eda+temp+acc": 0.664}, "4": {"bvp": 1.0, "eda": 0.267, "temp": 0.293, "acc": 0.792, "bvp+eda": 0.564, "bvp+temp": 0.689, "bvp+acc": 0.982, "eda+temp": 0.386, "eda+acc": 0.448, "temp+acc": 0.506, "bvp+eda+temp": 0.648, "bvp+eda+acc": 0.626, "bvp+temp+acc": 0.727, "eda+temp+acc": 0.507, "bvp+eda+temp+acc": 0.713}, "5": {"bvp": 1.0, "eda": 0.318, "temp": 0.393, "acc": 0.832, "bvp+eda": 0.607, "bvp+temp": 0.718, "bvp+acc": 0.985, "eda+temp": 0.457, "eda+acc": 0.487, "temp+acc": 0.593, "bvp+eda+temp": 0.696, "bvp+eda+acc": 0.689, "bvp+temp+acc": 0.744, "eda+temp+acc": 0.539, "bvp+eda+temp+acc": 0.765}, "6": {"bvp": 1.0, "eda": 0.402, "temp": 0.435, "acc": 0.876, "bvp+eda": 0.662, "bvp+temp": 0.738, "bvp+acc": 0.99, "eda+temp": 0.561, "eda+acc": 0.529, "temp+acc": 0.614, "bvp+eda+temp": 0.744, "bvp+eda+acc": 0.741, "bvp+temp+acc": 0.763, "eda+temp+acc": 0.617, "bvp+eda+temp+acc": 0.808}, "7": {"bvp": 1.0, "eda": 0.482, "temp": 0.515, "acc": 0.882, "bvp+eda": 0.732, "bvp+temp": 0.76, "bvp+acc": 0.995, "eda+temp": 0.598, "eda+acc": 0.556, "temp+acc": 0.634, "bvp+eda+temp": 0.778, "bvp+eda+acc": 0.856, "bvp+temp+acc": 0.812, "eda+temp+acc": 0.671, "bvp+eda+temp+acc": 0.848}, "8": {"bvp": 1.0, "eda": 0.549, "temp": 0.589, "acc": 0.903, "bvp+eda": 0.828, "bvp+temp": 0.779, "bvp+acc": 1.0, "eda+temp": 0.622, "eda+acc": 0.603, "temp+acc": 0.646, "bvp+eda+temp": 0.824, "bvp+eda+acc": 0.92, "bvp+temp+acc": 0.839, "eda+temp+acc": 0.707, "bvp+eda+temp+acc": 0.917}, "9": {"bvp": 1.0, "eda": 0.605, "temp": 0.627, "acc": 0.937, "bvp+eda": 0.885, "bvp+temp": 0.861, "bvp+acc": 1.0, "eda+temp": 0.644, "eda+acc": 0.689, "temp+acc": 0.727, "bvp+eda+temp": 0.906, "bvp+eda+acc": 0.964, "bvp+temp+acc": 0.923, "eda+temp+acc": 0.766, "bvp+eda+temp+acc": 0.933}, "10": {"bvp": 1.0, "eda": 0.674, "temp": 0.662, "acc": 0.957, "bvp+eda": 0.946, "bvp+temp": 0.928, "bvp+acc": 1.0, "eda+temp": 0.668, "eda+acc": 0.756, "temp+acc": 0.768, "bvp+eda+temp": 0.941, "bvp+eda+acc": 0.973, "bvp+temp+acc": 0.97, "eda+temp+acc": 0.8, "bvp+eda+temp+acc": 0.952}, "11": {"bvp": 1.0, "eda": 0.741, "temp": 0.728, "acc": 0.965, "bvp+eda": 0.981, "bvp+temp": 0.959, "bvp+acc": 1.0, "eda+temp": 0.746, "eda+acc": 0.816, "temp+acc": 0.821, "bvp+eda+temp": 0.973, "bvp+eda+acc": 0.985, "bvp+temp+acc": 0.992, "eda+temp+acc": 0.873, "bvp+eda+temp+acc": 0.975}, "12": {"bvp": 1.0, "eda": 0.812, "temp": 0.761, "acc": 0.972, "bvp+eda": 0.995, "bvp+temp": 0.992, "bvp+acc": 1.0, "eda+temp": 0.842, "eda+acc": 0.852, "temp+acc": 0.858, "bvp+eda+temp": 0.978, "bvp+eda+acc": 0.992, "bvp+temp+acc": 0.993, "eda+temp+acc": 0.908, "bvp+eda+temp+acc": 0.978}, "13": {"bvp": 1.0, "eda": 0.882, "temp": 0.822, "acc": 0.982, "bvp+eda": 0.997, "bvp+temp": 0.995, "bvp+acc": 1.0, "eda+temp": 0.889, "eda+acc": 0.949, "temp+acc": 0.89, "bvp+eda+temp": 0.992, "bvp+eda+acc": 0.997, "bvp+temp+acc": 1.0, "eda+temp+acc": 0.947, "bvp+eda+temp+acc": 0.988}, "14": {"bvp": 1.0, "eda": 0.968, "temp": 0.89, "acc": 0.988, "bvp+eda": 1.0, "bvp+temp": 1.0, "bvp+acc": 1.0, "eda+temp": 0.986, "eda+acc": 0.992, "temp+acc": 0.964, "bvp+eda+temp": 1.0, "bvp+eda+acc": 1.0, "bvp+temp+acc": 1.0, "eda+temp+acc": 0.987, "bvp+eda+temp+acc": 1.0}, "15": {"bvp": 1.0, "eda": 1.0, "temp": 1.0, "acc": 1.0, "bvp+eda": 1.0, "bvp+temp": 1.0, "bvp+acc": 1.0, "eda+temp": 1.0, "eda+acc": 1.0, "temp+acc": 1.0, "bvp+eda+temp": 1.0, "bvp+eda+acc": 1.0, "bvp+temp+acc": 1.0, "eda+temp+acc": 1.0, "bvp+eda+temp+acc": 1.0}}