{"1": {"rank": 0.295, "score": 0.32, "mean": 0.308}, "2": {"rank": 0.449, "score": 0.438, "mean": 0.443}, "3": {"rank": 0.54, "score": 0.507, "mean": 0.524}, "4": {"rank": 0.603, "score": 0.562, "mean": 0.583}, "5": {"rank": 0.658, "score": 0.609, "mean": 0.634}, "6": {"rank": 0.726, "score": 0.656, "mean": 0.691}, "7": {"rank": 0.786, "score": 0.7, "mean": 0.743}, "8": {"rank": 0.821, "score": 0.746, "mean": 0.783}, "9": {"rank": 0.856, "score": 0.799, "mean": 0.828}, "10": {"rank": 0.881, "score": 0.838, "mean": 0.86}, "11": {"rank": 0.905, "score": 0.883, "mean": 0.894}, "12": {"rank": 0.928, "score": 0.912, "mean": 0.92}, "13": {"rank": 0.954, "score": 0.945, "mean": 0.949}, "14": {"rank": 0.98, "score": 0.982, "mean": 0.981}, "15": {"rank": 1.0, "score": 1.0, "mean": 1.0}}