{"1": {"non-stress": 0.999, "stress": 0.999}, "2": {"non-stress": 1.0, "stress": 1.0}, "3": {"non-stress": 1.0, "stress": 1.0}, "4": {"non-stress": 1.0, "stress": 1.0}, "5": {"non-stress": 1.0, "stress": 1.0}, "6": {"non-stress": 1.0, "stress": 1.0}, "7": {"non-stress": 1.0, "stress": 1.0}, "8": {"non-stress": 1.0, "stress": 1.0}, "9": {"non-stress": 1.0, "stress": 1.0}, "10": {"non-stress": 1.0, "stress": 1.0}, "11": {"non-stress": 1.0, "stress": 1.0}, "12": {"non-stress": 1.0, "stress": 1.0}, "13": {"non-stress": 1.0, "stress": 1.0}, "14": {"non-stress": 1.0, "stress": 1.0}, "15": {"non-stress": 1.0, "stress": 1.0}}