{"rank": {"bvp": [0, 0, 0, 0, 0, 0, 0, 0, 0, 0, 0, 0, 0, 0, 0], "eda": [3, 2, 13, 6, 14, 1, 7, 10, 12, 4, 0, 0, 3, 8, 1], "temp": [10, 9, 10, 1, 4, 2, 13, 7, 4, 10, 14, 0, 0, 6, 9], "acc": [0, 3, 6, 14, 4, 0, 9, 0, 6, 2, 0, 13, 1, 10, 10], "bvp+eda": [1, 0, 6, 2, 9, 0, 2, 3, 5, 1, 0, 0, 1, 2, 0], "bvp+temp": [4, 2, 3, 0, 1, 0, 7, 2, 1, 3, 8, 0, 0, 2, 1], "bvp+acc": [0, 0, 1, 8, 1, 0, 2, 0, 3, 1, 0, 6, 0, 4, 5], "eda+temp": [5, 5, 14, 2, 11, 0, 12, 10, 8, 8, 9, 0, 1, 8, 3], "eda+acc": [1, 0, 11, 11, 11, 0, 10, 3, 11, 0, 0, 6, 2, 11, 5], "temp+acc": [4, 5, 10, 10, 3, 0, 13, 2, 3, 5, 6, 7, 0, 8, 12], "bvp+eda+temp": [2, 1, 9, 0, 4, 0, 6, 5, 2, 3, 3, 0, 0, 3, 0], "bvp+eda+acc": [0, 0, 6, 7, 4, 0, 2, 1, 4, 0, 0, 2, 0, 5, 1], "bvp+temp+acc": [1, 2, 2, 3, 1, 0, 6, 0, 2, 1, 3, 2, 0, 2, 5], "eda+temp+acc": [0, 4, 14, 7, 8, 0, 13, 5, 7, 4, 4, 1, 0, 10, 9], "bvp+eda+temp+acc": [0, 2, 7, 4, 4, 0, 7, 1, 4, 1, 1, 0, 0, 6, 1]}, "score": {"bvp": [0, 0, 0, 0, 0, 0, 0, 0, 0, 0, 0, 0, 0, 0, 0], "eda": [3, 2, 13, 6, 14, 1, 7, 10, 12, 4, 0, 0, 3, 8, 1], "temp": [10, 9, 10, 1, 4, 2, 13, 7, 4, 10, 14, 0, 0, 6, 9], "acc": [0, 3, 6, 14, 4, 0, 9, 0, 6, 2, 0, 13, 1, 10, 10], "bvp+eda": [1, 0, 8, 3, 10, 0, 2, 2, 2, 1, 0, 0, 1, 3, 0], "bvp+temp": [4, 2, 8, 0, 1, 0, 10, 1, 2, 8, 9, 0, 0, 3, 7], "bvp+acc": [0, 0, 2, 7, 1, 0, 2, 0, 1, 1, 0, 2, 0, 3, 4], "eda+temp": [7, 5, 14, 1, 8, 0, 13, 10, 8, 9, 9, 0, 1, 7, 2], "eda+acc": [1, 2, 11, 7, 12, 0, 6, 7, 11, 1, 0, 0, 3, 8, 0], "temp+acc": [6, 6, 11, 3, 3, 1, 13, 4, 4, 8, 12, 0, 0, 9, 8], "bvp+eda+temp": [3, 1, 10, 0, 5, 0, 8, 3, 3, 4, 4, 0, 0, 4, 1], "bvp+eda+acc": [0, 0, 8, 6, 6, 0, 2, 1, 4, 0, 0, 0, 1, 4, 0], "bvp+temp+acc": [0, 2, 6, 0, 1, 0, 10, 1, 1, 5, 5, 0, 0, 6, 6], "eda+temp+acc": [2, 5, 13, 2, 7, 0, 13, 7, 7, 6, 4, 0, 1, 8, 3], "bvp+eda+temp+acc": [1, 1, 9, 2, 3, 0, 9, 1, 3, 5, 0, 0, 0, 5, 0]}}