{"rank": {"bvp": [0, 0, 0, 0, 0, 0, 0, 0, 0, 0, 0, 0, 0, 0, 0], "eda": [5, 6, 13, 4, 8, 1, 5, 7, 14, 4, 2, 0, 6, 12, 1], "temp": [11, 7, 9, 4, 3, 2, 13, 8, 3, 14, 14, 14, 0, 13, 10], "acc": [12, 7, 9, 14, 1, 0, 2, 7, 10, 12, 0, 4, 1, 9, 2], "bvp+eda": [1, 2, 6, 1, 2, 0, 1, 2, 7, 1, 0, 0, 1, 6, 0], "bvp+temp": [5, 2, 1, 1, 1, 0, 7, 3, 1, 8, 8, 8, 0, 6, 3], "bvp+acc": [5, 2, 2, 8, 0, 0, 0, 3, 4, 6, 0, 1, 0, 2, 0], "eda+temp": [9, 4, 14, 2, 3, 0, 12, 10, 9, 10, 9, 7, 1, 14, 6], "eda+acc": [9, 6, 12, 11, 4, 0, 3, 7, 14, 9, 0, 1, 4, 12, 0], "temp+acc": [14, 8, 11, 11, 1, 0, 9, 9, 6, 14, 5, 9, 0, 13, 4], "bvp+eda+temp": [2, 1, 7, 0, 1, 0, 5, 2, 4, 5, 3, 4, 0, 10, 1], "bvp+eda+acc": [7, 2, 9, 5, 0, 0, 0, 3, 9, 3, 0, 0, 0, 6, 0], "bvp+temp+acc": [9, 2, 4, 5, 0, 0, 3, 3, 2, 11, 3, 6, 0, 7, 1], "eda+temp+acc": [12, 6, 13, 5, 2, 0, 6, 6, 12, 13, 3, 6, 1, 14, 1], "bvp+eda+temp+acc": [5, 3, 10, 4, 1, 0, 2, 5, 6, 10, 1, 1, 0, 10, 0]}, "score": {"bvp": [0, 0, 0, 0, 0, 0, 0, 0, 0, 0, 0, 0, 0, 0, 0], "eda": [5, 6, 13, 4, 8, 1, 5, 7, 14, 4, 2, 0, 6, 12, 1], "temp": [11, 7, 9, 4, 3, 2, 13, 8, 3, 14, 14, 14, 0, 13, 10], "acc": [12, 7, 9, 14, 1, 0, 2, 7, 10, 12, 0, 4, 1, 9, 2], "bvp+eda": [1, 0, 8, 1, 3, 0, 2, 1, 3, 1, 0, 0, 2, 8, 0], "bvp+temp": [6, 1, 4, 3, 2, 0, 10, 1, 0, 8, 7, 5, 0, 9, 8], "bvp+acc": [3, 0, 3, 8, 0, 0, 0, 0, 2, 4, 0, 0, 0, 4, 0], "eda+temp": [11, 6, 14, 3, 4, 1, 13, 8, 11, 10, 7, 2, 3, 13, 7], "eda+acc": [8, 7, 12, 11, 4, 0, 4, 7, 13, 7, 2, 0, 3, 12, 1], "temp+acc": [13, 8, 9, 7, 1, 1, 10, 8, 5, 14, 10, 13, 0, 12, 9], "bvp+eda+temp": [4, 0, 8, 2, 3, 0, 8, 0, 2, 5, 2, 0, 0, 11, 4], "bvp+eda+acc": [4, 0, 9, 8, 2, 0, 2, 1, 5, 2, 0, 0, 1, 8, 0], "bvp+temp+acc": [7, 1, 4, 5, 1, 0, 8, 0, 1, 9, 3, 4, 0, 9, 7], "eda+temp+acc": [12, 5, 14, 4, 4, 0, 12, 7, 13, 13, 3, 2, 1, 13, 6], "bvp+eda+temp+acc": [4, 0, 8, 4, 2, 0, 7, 0, 3, 7, 1, 0, 0, 11, 3]}}