{"rank": {"bvp": [0, 0, 0, 0, 0, 0, 0, 0, 0, 0, 0, 0, 0, 0, 0], "eda": [8, 6, 14, 3, 11, 1, 7, 8, 13, 0, 2, 0, 3, 10, 5], "temp": [11, 8, 6, 3, 5, 2, 13, 6, 4, 11, 1, 0, 1, 10, 8], "acc": [0, 0, 13, 9, 1, 0, 2, 2, 8, 2, 0, 12, 0, 10, 8], "bvp+eda": [3, 1, 8, 1, 5, 0, 2, 3, 4, 0, 0, 0, 1, 2, 1], "bvp+temp": [4, 3, 0, 0, 1, 0, 6, 2, 1, 6, 0, 0, 0, 4, 2], "bvp+acc": [0, 0, 6, 3, 0, 0, 0, 0, 4, 0, 0, 6, 0, 3, 3], "eda+temp": [11, 7, 12, 3, 9, 1, 13, 8, 10, 4, 0, 0, 1, 13, 4], "eda+acc": [2, 2, 14, 5, 5, 0, 4, 4, 11, 0, 0, 5, 2, 11, 5], "temp+acc": [5, 3, 13, 4, 2, 0, 9, 2, 4, 4, 0, 4, 0, 12, 10], "bvp+eda+temp": [4, 3, 6, 0, 2, 0, 6, 3, 4, 1, 0, 0, 0, 6, 2], "bvp+eda+acc": [1, 0, 11, 2, 1, 0, 2, 0, 7, 0, 0, 1, 0, 8, 2], "bvp+temp+acc": [2, 2, 4, 2, 1, 0, 3, 1, 2, 2, 0, 2, 0, 8, 3], "eda+temp+acc": [4, 3, 14, 3, 4, 0, 6, 2, 8, 2, 0, 2, 0, 12, 6], "bvp+eda+temp+acc": [3, 2, 10, 2, 1, 0, 4, 1, 4, 0, 0, 0, 0, 10, 2]}, "score": {"bvp": [0, 0, 0, 0, 0, 0, 0, 0, 0, 0, 0, 0, 0, 0, 0], "eda": [8, 6, 14, 3, 11, 1, 7, 8, 13, 0, 2, 0, 3, 10, 5], "temp": [11, 8, 6, 3, 5, 2, 13, 6, 4, 11, 1, 0, 1, 10, 8], "acc": [0, 0, 13, 9, 1, 0, 2, 2, 8, 2, 0, 12, 0, 10, 8], "bvp+eda": [2, 0, 9, 1, 3, 0, 1, 1, 3, 0, 0, 0, 1, 3, 0], "bvp+temp": [6, 3, 2, 1, 2, 0, 9, 1, 1, 8, 0, 0, 0, 4, 7], "bvp+acc": [0, 0, 6, 4, 0, 0, 0, 0, 1, 0, 0, 1, 0, 5, 2], "eda+temp": [12, 6, 13, 3, 6, 1, 13, 6, 5, 3, 1, 0, 3, 10, 6], "eda+acc": [1, 2, 14, 5, 4, 0, 4, 4, 9, 0, 0, 1, 3, 10, 3], "temp+acc": [5, 4, 10, 3, 3, 1, 11, 3, 3, 9, 0, 0, 0, 10, 9], "bvp+eda+temp": [5, 2, 7, 0, 4, 0, 7, 1, 1, 1, 0, 0, 0, 4, 3], "bvp+eda+acc": [0, 0, 10, 2, 1, 0, 2, 0, 3, 0, 0, 0, 1, 7, 1], "bvp+temp+acc": [2, 2, 4, 1, 1, 0, 5, 1, 1, 6, 0, 0, 0, 5, 7], "eda+temp+acc": [6, 3, 13, 3, 3, 0, 9, 3, 6, 3, 0, 0, 2, 10, 6], "bvp+eda+temp+acc": [2, 2, 8, 1, 1, 0, 5, 1, 3, 0, 0, 0, 0, 9, 4]}}