{"1": {"non-stress": 0.066, "stress": 0.092}, "2": {"non-stress": 0.136, "stress": 0.204}, "3": {"non-stress": 0.204, "stress": 0.307}, "4": {"non-stress": 0.286, "stress": 0.401}, "5": {"non-stress": 0.375, "stress": 0.48}, "6": {"non-stress": 0.452, "stress": 0.555}, "7": {"non-stress": 0.535, "stress": 0.617}, "8": {"non-stress": 0.616, "stress": 0.676}, "9": {"non-stress": 0.683, "stress": 0.734}, "10": {"non-stress": 0.746, "stress": 0.784}, "11": {"non-stress": 0.808, "stress": 0.827}, "12": {"non-stress": 0.858, "stress": 0.866}, "13": {"non-stress": 0.912, "stress": 0.903}, "14": {"non-stress": 0.96, "stress": 0.935}, "15": {"non-stress": 1.0, "stress": 1.0}}