{"1": {"rank": 0.073, "score": 0.079, "mean": 0.076}, "2": {"rank": 0.165, "score": 0.17, "mean": 0.167}, "3": {"rank": 0.252, "score": 0.256, "mean": 0.254}, "4": {"rank": 0.336, "score": 0.344, "mean": 0.34}, "5": {"rank": 0.404, "score": 0.428, "mean": 0.416}, "6": {"rank": 0.492, "score": 0.504, "mean": 0.498}, "7": {"rank": 0.567, "score": 0.576, "mean": 0.571}, "8": {"rank": 0.624, "score": 0.646, "mean": 0.635}, "9": {"rank": 0.68, "score": 0.709, "mean": 0.694}, "10": {"rank": 0.75, "score": 0.765, "mean": 0.758}, "11": {"rank": 0.808, "score": 0.818, "mean": 0.813}, "12": {"rank": 0.857, "score": 0.862, "mean": 0.86}, "13": {"rank": 0.904, "score": 0.907, "mean": 0.906}, "14": {"rank": 0.948, "score": 0.948, "mean": 0.948}, "15": {"rank": 1.0, "score": 1.0, "mean": 1.0}}