{"1": {"bvp": 0.117, "eda": 0.05, "temp": 0.077, "acc": 0.044, "bvp+eda": 0.058, "bvp+temp": 0.085, "bvp+acc": 0.086, "eda+temp": 0.073, "eda+acc": 0.073, "temp+acc": 0.032, "bvp+eda+temp": 0.089, "bvp+eda+acc": 0.098, "bvp+temp+acc": 0.07, "eda+temp+acc": 0.06, "bvp+eda+temp+acc": 0.095}, "2": {"bvp": 0.183, "eda": 0.122, "temp": 0.146, "acc": 0.13, "bvp+eda": 0.183, "bvp+temp": 0.134, "bvp+acc": 0.172, "eda+temp": 0.161, "eda+acc": 0.143, "temp+acc": 0.103, "bvp+eda+temp": 0.16, "bvp+eda+acc": 0.174, "bvp+temp+acc": 0.173, "eda+temp+acc": 0.149, "bvp+eda+temp+acc": 0.2}, "3": {"bvp": 0.285, "eda": 0.218, "temp": 0.186, "acc": 0.212, "bvp+eda": 0.266, "bvp+temp": 0.205, "bvp+acc": 0.287, "eda+temp": 0.23, "eda+acc": 0.201, "temp+acc": 0.181, "bvp+eda+temp": 0.236, "bvp+eda+acc": 0.265, "bvp+temp+acc": 0.239, "eda+temp+acc": 0.241, "bvp+eda+temp+acc": 0.26}, "4": {"bvp": 0.404, "eda": 0.307, "temp": 0.244, "acc": 0.281, "bvp+eda": 0.343, "bvp+temp": 0.299, "bvp+acc": 0.343, "eda+temp": 0.287, "eda+acc": 0.316, "temp+acc": 0.268, "bvp+eda+temp": 0.339, "bvp+eda+acc": 0.362, "bvp+temp+acc": 0.32, "eda+temp+acc": 0.319, "bvp+eda+temp+acc": 0.359}, "5": {"bvp": 0.474, "eda": 0.412, "temp": 0.299, "acc": 0.371, "bvp+eda": 0.417, "bvp+temp": 0.407, "bvp+acc": 0.415, "eda+temp": 0.38, "eda+acc": 0.416, "temp+acc": 0.339, "bvp+eda+temp": 0.449, "bvp+eda+acc": 0.434, "bvp+temp+acc": 0.408, "eda+temp+acc": 0.41, "bvp+eda+temp+acc": 0.455}, "6": {"bvp": 0.523, "eda": 0.489, "temp": 0.396, "acc": 0.449, "bvp+eda": 0.451, "bvp+temp": 0.49, "bvp+acc": 0.478, "eda+temp": 0.502, "eda+acc": 0.513, "temp+acc": 0.441, "bvp+eda+temp": 0.507, "bvp+eda+acc": 0.51, "bvp+temp+acc": 0.491, "eda+temp+acc": 0.484, "bvp+eda+temp+acc": 0.503}, "7": {"bvp": 0.592, "eda": 0.588, "temp": 0.492, "acc": 0.5, "bvp+eda": 0.534, "bvp+temp": 0.565, "bvp+acc": 0.545, "eda+temp": 0.592, "eda+acc": 0.583, "temp+acc": 0.51, "bvp+eda+temp": 0.566, "bvp+eda+acc": 0.581, "bvp+temp+acc": 0.573, "eda+temp+acc": 0.562, "bvp+eda+temp+acc": 0.602}, "8": {"bvp": 0.645, "eda": 0.637, "temp": 0.597, "acc": 0.564, "bvp+eda": 0.603, "bvp+temp": 0.651, "bvp+acc": 0.637, "eda+temp": 0.644, "eda+acc": 0.633, "temp+acc": 0.607, "bvp+eda+temp": 0.666, "bvp+eda+acc": 0.644, "bvp+temp+acc": 0.634, "eda+temp+acc": 0.671, "bvp+eda+temp+acc": 0.668}, "9": {"bvp": 0.685, "eda": 0.666, "temp": 0.656, "acc": 0.61, "bvp+eda": 0.7, "bvp+temp": 0.725, "bvp+acc": 0.732, "eda+temp": 0.713, "eda+acc": 0.697, "temp+acc": 0.678, "bvp+eda+temp": 0.736, "bvp+eda+acc": 0.709, "bvp+temp+acc": 0.705, "eda+temp+acc": 0.722, "bvp+eda+temp+acc": 0.736}, "10": {"bvp": 0.729, "eda": 0.708, "temp": 0.736, "acc": 0.678, "bvp+eda": 0.784, "bvp+temp": 0.765, "bvp+acc": 0.806, "eda+temp": 0.752, "eda+acc": 0.766, "temp+acc": 0.719, "bvp+eda+temp": 0.778, "bvp+eda+acc": 0.801, "bvp+temp+acc": 0.784, "eda+temp+acc": 0.757, "bvp+eda+temp+acc": 0.796}, "11": {"bvp": 0.795, "eda": 0.782, "temp": 0.788, "acc": 0.741, "bvp+eda": 0.848, "bvp+temp": 0.811, "bvp+acc": 0.852, "eda+temp": 0.798, "eda+acc": 0.838, "temp+acc": 0.772, "bvp+eda+temp": 0.836, "bvp+eda+acc": 0.885, "bvp+temp+acc": 0.83, "eda+temp+acc": 0.798, "bvp+eda+temp+acc": 0.834}, "12": {"bvp": 0.892, "eda": 0.849, "temp": 0.829, "acc": 0.824, "bvp+eda": 0.922, "bvp+temp": 0.859, "bvp+acc": 0.883, "eda+temp": 0.82, "eda+acc": 0.853, "temp+acc": 0.832, "bvp+eda+temp": 0.871, "bvp+eda+acc": 0.9, "bvp+temp+acc": 0.876, "eda+temp+acc": 0.825, "bvp+eda+temp+acc": 0.871}, "13": {"bvp": 0.937, "eda": 0.912, "temp": 0.865, "acc": 0.907, "bvp+eda": 0.971, "bvp+temp": 0.933, "bvp+acc": 0.936, "eda+temp": 0.843, "eda+acc": 0.906, "temp+acc": 0.884, "bvp+eda+temp": 0.912, "bvp+eda+acc": 0.937, "bvp+temp+acc": 0.944, "eda+temp+acc": 0.843, "bvp+eda+temp+acc": 0.912}, "14": {"bvp": 0.983, "eda": 0.96, "temp": 0.938, "acc": 0.949, "bvp+eda": 0.987, "bvp+temp": 0.966, "bvp+acc": 0.977, "eda+temp": 0.911, "eda+acc": 0.939, "temp+acc": 0.943, "bvp+eda+temp": 0.939, "bvp+eda+acc": 0.98, "bvp+temp+acc": 0.972, "eda+temp+acc": 0.907, "bvp+eda+temp+acc": 0.942}, "15": {"bvp": 1.0, "eda": 1.0, "temp": 1.0, "acc": 1.0, "bvp+eda": 1.0, "bvp+temp": 1.0, "bvp+acc": 1.0, "eda+temp": 1.0, "eda+acc": 1.0, "temp+acc": 1.0, "bvp+eda+temp": 1.0, "bvp+eda+acc": 1.0, "bvp+temp+acc": 1.0, "eda+temp+acc": 1.0, "bvp+eda+temp+acc": 1.0}}