{"rank": {"bvp": [0, 0, 0, 0, 0, 0, 0, 0, 0, 0, 0, 0, 0, 0, 0], "eda": [3, 2, 6, 7, 13, 8, 4, 11, 5, 4, 14, 0, 10, 8, 1], "temp": [4, 6, 1, 14, 5, 13, 3, 7, 3, 7, 1, 1, 0, 7, 10], "acc": [0, 2, 0, 10, 3, 0, 2, 0, 3, 6, 2, 5, 1, 9, 9], "bvp+eda": [1, 0, 1, 2, 7, 3, 1, 4, 1, 1, 6, 0, 3, 2, 0], "bvp+temp": [2, 2, 0, 8, 1, 6, 1, 3, 0, 2, 0, 0, 0, 3, 4], "bvp+acc": [0, 0, 0, 4, 1, 0, 0, 0, 1, 1, 0, 1, 0, 1, 3], "eda+temp": [2, 2, 2, 12, 10, 13, 2, 11, 2, 6, 9, 0, 5, 10, 6], "eda+acc": [1, 0, 1, 10, 10, 3, 1, 6, 1, 5, 10, 1, 5, 9, 5], "temp+acc": [1, 3, 1, 13, 3, 5, 1, 2, 1, 6, 1, 2, 0, 9, 12], "bvp+eda+temp": [0, 1, 0, 9, 5, 8, 0, 6, 0, 1, 3, 0, 0, 3, 2], "bvp+eda+acc": [0, 0, 0, 4, 2, 1, 0, 2, 1, 1, 2, 1, 1, 4, 1], "bvp+temp+acc": [1, 2, 0, 9, 2, 2, 0, 0, 0, 2, 0, 0, 0, 2, 5], "eda+temp+acc": [0, 1, 0, 14, 7, 6, 1, 5, 1, 5, 5, 0, 1, 11, 8], "bvp+eda+temp+acc": [0, 0, 0, 11, 3, 2, 0, 1, 0, 1, 2, 0, 0, 4, 3]}, "score": {"bvp": [0, 0, 0, 0, 0, 0, 0, 0, 0, 0, 0, 0, 0, 0, 0], "eda": [3, 2, 6, 7, 13, 8, 4, 11, 5, 4, 14, 0, 10, 8, 1], "temp": [4, 6, 1, 14, 5, 13, 3, 7, 3, 7, 1, 1, 0, 7, 10], "acc": [0, 2, 0, 10, 3, 0, 2, 0, 3, 6, 2, 5, 1, 9, 9], "bvp+eda": [1, 1, 3, 4, 11, 1, 2, 4, 1, 1, 6, 0, 9, 6, 0], "bvp+temp": [1, 1, 0, 11, 2, 1, 1, 0, 0, 2, 0, 0, 0, 3, 5], "bvp+acc": [0, 0, 0, 3, 0, 0, 0, 0, 1, 1, 0, 0, 0, 1, 2], "eda+temp": [3, 2, 4, 13, 12, 13, 5, 10, 6, 5, 9, 0, 4, 8, 1], "eda+acc": [2, 2, 3, 8, 13, 5, 4, 5, 5, 3, 14, 0, 5, 7, 1], "temp+acc": [1, 4, 0, 13, 3, 2, 2, 1, 3, 5, 0, 2, 0, 8, 10], "bvp+eda+temp": [0, 0, 1, 11, 9, 4, 1, 4, 1, 2, 4, 0, 3, 6, 0], "bvp+eda+acc": [0, 1, 1, 4, 10, 1, 2, 3, 1, 1, 4, 0, 4, 5, 0], "bvp+temp+acc": [1, 1, 0, 11, 1, 0, 0, 0, 1, 3, 0, 0, 0, 3, 5], "eda+temp+acc": [1, 2, 2, 13, 11, 7, 4, 7, 5, 5, 8, 0, 3, 10, 2], "bvp+eda+temp+acc": [0, 0, 1, 12, 7, 1, 1, 3, 1, 2, 4, 0, 0, 7, 0]}}