{"rank": {"bvp": [0, 0, 0, 0, 0, 0, 0, 0, 0, 0, 0, 0, 0, 0, 0], "eda": [2, 3, 13, 5, 14, 1, 6, 13, 13, 9, 2, 0, 6, 8, 3], "temp": [12, 7, 9, 3, 4, 2, 13, 7, 3, 9, 14, 0, 0, 6, 9], "acc": [7, 1, 7, 14, 2, 0, 2, 0, 9, 2, 0, 13, 0, 10, 9], "bvp+eda": [0, 1, 6, 1, 7, 0, 1, 6, 6, 2, 0, 0, 2, 2, 1], "bvp+temp": [6, 3, 2, 1, 1, 0, 6, 3, 1, 2, 7, 0, 0, 2, 2], "bvp+acc": [3, 0, 2, 8, 0, 0, 0, 0, 3, 0, 0, 6, 0, 3, 2], "eda+temp": [7, 5, 14, 2, 9, 0, 13, 12, 9, 8, 8, 0, 2, 7, 5], "eda+acc": [4, 0, 11, 11, 10, 0, 4, 5, 13, 7, 0, 6, 2, 10, 4], "temp+acc": [13, 3, 10, 9, 2, 0, 8, 3, 5, 5, 7, 7, 0, 9, 11], "bvp+eda+temp": [3, 1, 7, 0, 5, 0, 5, 5, 2, 5, 3, 0, 0, 4, 2], "bvp+eda+acc": [1, 0, 9, 6, 2, 0, 2, 0, 5, 2, 0, 2, 0, 6, 1], "bvp+temp+acc": [5, 1, 2, 5, 1, 0, 2, 0, 2, 2, 3, 2, 0, 3, 5], "eda+temp+acc": [7, 2, 12, 6, 6, 0, 6, 5, 10, 7, 4, 1, 1, 9, 7], "bvp+eda+temp+acc": [4, 1, 7, 5, 2, 0, 3, 3, 4, 3, 1, 0, 0, 6, 2]}, "score": {"bvp": [0, 0, 0, 0, 0, 0, 0, 0, 0, 0, 0, 0, 0, 0, 0], "eda": [2, 3, 13, 5, 14, 1, 6, 13, 13, 9, 2, 0, 6, 8, 3], "temp": [12, 7, 9, 3, 4, 2, 13, 7, 3, 9, 14, 0, 0, 6, 9], "acc": [7, 1, 7, 14, 2, 0, 2, 0, 9, 2, 0, 13, 0, 10, 9], "bvp+eda": [0, 0, 9, 1, 9, 0, 2, 2, 3, 3, 0, 0, 1, 5, 0], "bvp+temp": [7, 2, 6, 2, 1, 0, 10, 1, 0, 7, 8, 0, 0, 3, 7], "bvp+acc": [1, 0, 3, 8, 1, 0, 0, 0, 1, 0, 0, 3, 0, 5, 2], "eda+temp": [11, 5, 13, 4, 8, 1, 13, 8, 10, 10, 7, 0, 2, 6, 7], "eda+acc": [3, 0, 13, 11, 10, 1, 5, 9, 14, 4, 1, 2, 3, 10, 4], "temp+acc": [11, 4, 11, 6, 3, 1, 11, 4, 6, 8, 10, 0, 0, 8, 10], "bvp+eda+temp": [5, 2, 8, 2, 6, 0, 8, 2, 2, 7, 3, 0, 0, 3, 5], "bvp+eda+acc": [0, 0, 10, 7, 6, 0, 2, 1, 4, 1, 0, 0, 1, 7, 1], "bvp+temp+acc": [7, 2, 5, 5, 1, 0, 9, 1, 1, 6, 3, 0, 0, 5, 7], "eda+temp+acc": [10, 2, 13, 5, 5, 0, 13, 6, 12, 7, 5, 0, 2, 9, 8], "bvp+eda+temp+acc": [5, 2, 8, 4, 3, 0, 8, 1, 3, 6, 0, 0, 0, 5, 6]}}