{"rank": {"bvp": [0, 0, 0, 0, 0, 0, 0, 0, 0, 0, 0, 0, 0, 0, 0], "eda": [8, 13, 14, 5, 11, 1, 8, 10, 14, 14, 2, 0, 9, 12, 10], "temp": [11, 11, 4, 5, 10, 3, 12, 12, 9, 14, 7, 14, 2, 13, 10], "acc": [13, 10, 10, 14, 3, 0, 2, 8, 10, 12, 0, 5, 1, 12, 5], "bvp+eda": [2, 6, 7, 1, 6, 0, 2, 4, 6, 8, 0, 0, 2, 5, 4], "bvp+temp": [5, 6, 0, 1, 4, 1, 6, 6, 4, 7, 3, 7, 0, 7, 3], "bvp+acc": [5, 5, 3, 7, 1, 0, 0, 3, 5, 6, 0, 1, 0, 6, 1], "eda+temp": [13, 13, 12, 3, 11, 1, 13, 13, 13, 14, 3, 7, 5, 14, 11], "eda+acc": [10, 13, 13, 11, 7, 0, 5, 11, 14, 14, 0, 1, 5, 13, 10], "temp+acc": [14, 11, 8, 12, 6, 1, 6, 12, 11, 14, 3, 12, 1, 14, 9], "bvp+eda+temp": [5, 10, 5, 0, 9, 0, 7, 8, 9, 11, 1, 2, 1, 10, 8], "bvp+eda+acc": [8, 11, 9, 6, 4, 0, 2, 7, 9, 11, 0, 0, 0, 10, 3], "bvp+temp+acc": [8, 9, 3, 5, 3, 0, 2, 9, 5, 11, 0, 6, 0, 10, 3], "eda+temp+acc": [14, 13, 11, 10, 9, 0, 6, 12, 13, 14, 1, 5, 2, 14, 10], "bvp+eda+temp+acc": [9, 11, 8, 4, 7, 0, 4, 10, 10, 11, 0, 2, 0, 11, 5]}, "score": {"bvp": [0, 0, 0, 0, 0, 0, 0, 0, 0, 0, 0, 0, 0, 0, 0], "eda": [8, 13, 14, 5, 11, 1, 8, 10, 14, 14, 2, 0, 9, 12, 10], "temp": [11, 11, 4, 5, 10, 3, 12, 12, 9, 14, 7, 14, 2, 13, 10], "acc": [13, 10, 10, 14, 3, 0, 2, 8, 10, 12, 0, 5, 1, 12, 5], "bvp+eda": [1, 4, 9, 1, 6, 0, 3, 2, 4, 5, 0, 0, 2, 9, 4], "bvp+temp": [6, 2, 1, 3, 4, 0, 9, 1, 3, 9, 2, 5, 0, 10, 8], "bvp+acc": [3, 2, 4, 8, 1, 0, 0, 0, 2, 5, 0, 0, 0, 5, 1], "eda+temp": [12, 13, 13, 3, 11, 1, 13, 12, 13, 14, 3, 7, 4, 14, 10], "eda+acc": [10, 13, 12, 11, 6, 0, 5, 11, 13, 14, 1, 0, 3, 14, 10], "temp+acc": [14, 12, 9, 8, 7, 1, 12, 11, 9, 14, 1, 13, 0, 13, 10], "bvp+eda+temp": [6, 6, 8, 3, 9, 0, 9, 2, 6, 12, 0, 0, 0, 12, 8], "bvp+eda+acc": [5, 5, 9, 8, 4, 0, 3, 2, 5, 8, 0, 0, 1, 9, 4], "bvp+temp+acc": [8, 3, 3, 6, 4, 0, 8, 2, 4, 11, 0, 7, 0, 12, 7], "eda+temp+acc": [14, 13, 13, 7, 9, 1, 13, 12, 13, 14, 1, 7, 2, 14, 11], "bvp+eda+temp+acc": [7, 7, 10, 5, 7, 0, 8, 2, 7, 12, 0, 0, 0, 12, 9]}}