{"1": {"bvp": 0.501, "eda": 0.07, "temp": 0.067, "acc": 0.244, "bvp+eda": 0.158, "bvp+temp": 0.228, "bvp+acc": 0.468, "eda+temp": 0.073, "eda+acc": 0.073, "temp+acc": 0.142, "bvp+eda+temp": 0.218, "bvp+eda+acc": 0.192, "bvp+temp+acc": 0.366, "eda+temp+acc": 0.129, "bvp+eda+temp+acc": 0.243}, "2": {"bvp": 0.782, "eda": 0.143, "temp": 0.162, "acc": 0.337, "bvp+eda": 0.245, "bvp+temp": 0.436, "bvp+acc": 0.704, "eda+temp": 0.137, "eda+acc": 0.156, "temp+acc": 0.268, "bvp+eda+temp": 0.334, "bvp+eda+acc": 0.359, "bvp+temp+acc": 0.484, "eda+temp+acc": 0.223, "bvp+eda+temp+acc": 0.389}, "3": {"bvp": 0.921, "eda": 0.217, "temp": 0.256, "acc": 0.42, "bvp+eda": 0.415, "bvp+temp": 0.566, "bvp+acc": 0.802, "eda+temp": 0.189, "eda+acc": 0.257, "temp+acc": 0.327, "bvp+eda+temp": 0.428, "bvp+eda+acc": 0.472, "bvp+temp+acc": 0.639, "eda+temp+acc": 0.262, "bvp+eda+temp+acc": 0.469}, "4": {"bvp": 0.942, "eda": 0.28, "temp": 0.36, "acc": 0.478, "bvp+eda": 0.512, "bvp+temp": 0.657, "bvp+acc": 0.878, "eda+temp": 0.268, "eda+acc": 0.33, "temp+acc": 0.421, "bvp+eda+temp": 0.533, "bvp+eda+acc": 0.598, "bvp+temp+acc": 0.667, "eda+temp+acc": 0.312, "bvp+eda+temp+acc": 0.552}, "5": {"bvp": 0.956, "eda": 0.384, "temp": 0.429, "acc": 0.565, "bvp+eda": 0.617, "bvp+temp": 0.694, "bvp+acc": 0.917, "eda+temp": 0.376, "eda+acc": 0.458, "temp+acc": 0.508, "bvp+eda+temp": 0.616, "bvp+eda+acc": 0.671, "bvp+temp+acc": 0.735, "eda+temp+acc": 0.43, "bvp+eda+temp+acc": 0.674}, "6": {"bvp": 0.985, "eda": 0.466, "temp": 0.526, "acc": 0.657, "bvp+eda": 0.696, "bvp+temp": 0.781, "bvp+acc": 0.927, "eda+temp": 0.473, "eda+acc": 0.546, "temp+acc": 0.564, "bvp+eda+temp": 0.651, "bvp+eda+acc": 0.754, "bvp+temp+acc": 0.8, "eda+temp+acc": 0.507, "bvp+eda+temp+acc": 0.701}, "7": {"bvp": 0.999, "eda": 0.541, "temp": 0.549, "acc": 0.708, "bvp+eda": 0.778, "bvp+temp": 0.805, "bvp+acc": 0.949, "eda+temp": 0.504, "eda+acc": 0.662, "temp+acc": 0.613, "bvp+eda+temp": 0.689, "bvp+eda+acc": 0.802, "bvp+temp+acc": 0.821, "eda+temp+acc": 0.563, "bvp+eda+temp+acc": 0.748}, "8": {"bvp": 1.0, "eda": 0.602, "temp": 0.648, "acc": 0.778, "bvp+eda": 0.807, "bvp+temp": 0.839, "bvp+acc": 0.963, "eda+temp": 0.576, "eda+acc": 0.719, "temp+acc": 0.707, "bvp+eda+temp": 0.73, "bvp+eda+acc": 0.843, "bvp+temp+acc": 0.831, "eda+temp+acc": 0.633, "bvp+eda+temp+acc": 0.793}, "9": {"bvp": 1.0, "eda": 0.647, "temp": 0.684, "acc": 0.873, "bvp+eda": 0.819, "bvp+temp": 0.881, "bvp+acc": 0.985, "eda+temp": 0.6, "eda+acc": 0.748, "temp+acc": 0.788, "bvp+eda+temp": 0.765, "bvp+eda+acc": 0.871, "bvp+temp+acc": 0.879, "eda+temp+acc": 0.69, "bvp+eda+temp+acc": 0.816}, "10": {"bvp": 1.0, "eda": 0.669, "temp": 0.747, "acc": 0.915, "bvp+eda": 0.888, "bvp+temp": 0.903, "bvp+acc": 1.0, "eda+temp": 0.64, "eda+acc": 0.783, "temp+acc": 0.798, "bvp+eda+temp": 0.861, "bvp+eda+acc": 0.9, "bvp+temp+acc": 0.921, "eda+temp+acc": 0.729, "bvp+eda+temp+acc": 0.897}, "11": {"bvp": 1.0, "eda": 0.758, "temp": 0.779, "acc": 0.92, "bvp+eda": 0.898, "bvp+temp": 0.926, "bvp+acc": 1.0, "eda+temp": 0.691, "eda+acc": 0.8, "temp+acc": 0.835, "bvp+eda+temp": 0.899, "bvp+eda+acc": 0.941, "bvp+temp+acc": 0.934, "eda+temp+acc": 0.762, "bvp+eda+temp+acc": 0.914}, "12": {"bvp": 1.0, "eda": 0.828, "temp": 0.801, "acc": 0.931, "bvp+eda": 0.983, "bvp+temp": 0.982, "bvp+acc": 1.0, "eda+temp": 0.742, "eda+acc": 0.82, "temp+acc": 0.869, "bvp+eda+temp": 0.935, "bvp+eda+acc": 0.983, "bvp+temp+acc": 0.945, "eda+temp+acc": 0.8, "bvp+eda+temp+acc": 0.933}, "13": {"bvp": 1.0, "eda": 0.862, "temp": 0.843, "acc": 0.963, "bvp+eda": 1.0, "bvp+temp": 0.993, "bvp+acc": 1.0, "eda+temp": 0.823, "eda+acc": 0.856, "temp+acc": 0.886, "bvp+eda+temp": 0.996, "bvp+eda+acc": 1.0, "bvp+temp+acc": 1.0, "eda+temp+acc": 0.889, "bvp+eda+temp+acc": 0.994}, "14": {"bvp": 1.0, "eda": 0.933, "temp": 0.918, "acc": 0.984, "bvp+eda": 1.0, "bvp+temp": 0.997, "bvp+acc": 1.0, "eda+temp": 0.955, "eda+acc": 0.921, "temp+acc": 0.964, "bvp+eda+temp": 1.0, "bvp+eda+acc": 1.0, "bvp+temp+acc": 1.0, "eda+temp+acc": 0.971, "bvp+eda+temp+acc": 1.0}, "15": {"bvp": 1.0, "eda": 1.0, "temp": 1.0, "acc": 1.0, "bvp+eda": 1.0, "bvp+temp": 1.0, "bvp+acc": 1.0, "eda+temp": 1.0, "eda+acc": 1.0, "temp+acc": 1.0, "bvp+eda+temp": 1.0, "bvp+eda+acc": 1.0, "bvp+temp+acc": 1.0, "eda+temp+acc": 1.0, "bvp+eda+temp+acc": 1.0}}