{"1": {"rank": 0.21, "score": 0.202, "mean": 0.206}, "2": {"rank": 0.363, "score": 0.325, "mean": 0.344}, "3": {"rank": 0.477, "score": 0.416, "mean": 0.446}, "4": {"rank": 0.553, "score": 0.495, "mean": 0.524}, "5": {"rank": 0.61, "score": 0.572, "mean": 0.591}, "6": {"rank": 0.677, "score": 0.631, "mean": 0.654}, "7": {"rank": 0.732, "score": 0.677, "mean": 0.704}, "8": {"rank": 0.769, "score": 0.727, "mean": 0.748}, "9": {"rank": 0.804, "score": 0.772, "mean": 0.788}, "10": {"rank": 0.843, "score": 0.818, "mean": 0.83}, "11": {"rank": 0.882, "score": 0.851, "mean": 0.867}, "12": {"rank": 0.908, "score": 0.887, "mean": 0.897}, "13": {"rank": 0.937, "score": 0.928, "mean": 0.933}, "14": {"rank": 0.965, "score": 0.97, "mean": 0.967}, "15": {"rank": 1.0, "score": 1.0, "mean": 1.0}}