{"1": {"non-stress": 0.226, "stress": 0.178}, "2": {"non-stress": 0.372, "stress": 0.279}, "3": {"non-stress": 0.483, "stress": 0.348}, "4": {"non-stress": 0.556, "stress": 0.433}, "5": {"non-stress": 0.647, "stress": 0.497}, "6": {"non-stress": 0.726, "stress": 0.536}, "7": {"non-stress": 0.773, "stress": 0.581}, "8": {"non-stress": 0.822, "stress": 0.631}, "9": {"non-stress": 0.85, "stress": 0.694}, "10": {"non-stress": 0.881, "stress": 0.756}, "11": {"non-stress": 0.9, "stress": 0.802}, "12": {"non-stress": 0.927, "stress": 0.847}, "13": {"non-stress": 0.958, "stress": 0.899}, "14": {"non-stress": 0.986, "stress": 0.954}, "15": {"non-stress": 1.0, "stress": 1.0}}