{"1": {"non-stress": 0.516, "stress": 0.31}, "2": {"non-stress": 0.633, "stress": 0.404}, "3": {"non-stress": 0.701, "stress": 0.472}, "4": {"non-stress": 0.749, "stress": 0.517}, "5": {"non-stress": 0.783, "stress": 0.562}, "6": {"non-stress": 0.814, "stress": 0.609}, "7": {"non-stress": 0.844, "stress": 0.657}, "8": {"non-stress": 0.867, "stress": 0.697}, "9": {"non-stress": 0.896, "stress": 0.748}, "10": {"non-stress": 0.916, "stress": 0.813}, "11": {"non-stress": 0.945, "stress": 0.857}, "12": {"non-stress": 0.968, "stress": 0.904}, "13": {"non-stress": 0.982, "stress": 0.933}, "14": {"non-stress": 0.994, "stress": 0.963}, "15": {"non-stress": 1.0, "stress": 1.0}}