{"1": {"rank": 0.338, "score": 0.413, "mean": 0.375}, "2": {"rank": 0.497, "score": 0.518, "mean": 0.508}, "3": {"rank": 0.599, "score": 0.586, "mean": 0.593}, "4": {"rank": 0.673, "score": 0.633, "mean": 0.653}, "5": {"rank": 0.723, "score": 0.673, "mean": 0.698}, "6": {"rank": 0.777, "score": 0.711, "mean": 0.744}, "7": {"rank": 0.826, "score": 0.751, "mean": 0.788}, "8": {"rank": 0.857, "score": 0.782, "mean": 0.82}, "9": {"rank": 0.882, "score": 0.822, "mean": 0.852}, "10": {"rank": 0.913, "score": 0.865, "mean": 0.889}, "11": {"rank": 0.937, "score": 0.901, "mean": 0.919}, "12": {"rank": 0.954, "score": 0.936, "mean": 0.945}, "13": {"rank": 0.971, "score": 0.958, "mean": 0.965}, "14": {"rank": 0.988, "score": 0.978, "mean": 0.983}, "15": {"rank": 1.0, "score": 1.0, "mean": 1.0}}