{"1": {"bvp": 0.68, "eda": 0.219, "temp": 0.087, "acc": 0.533, "bvp+eda": 0.611, "bvp+temp": 0.425, "bvp+acc": 0.861, "eda+temp": 0.136, "eda+acc": 0.41, "temp+acc": 0.376, "bvp+eda+temp": 0.387, "bvp+eda+acc": 0.693, "bvp+temp+acc": 0.551, "eda+temp+acc": 0.317, "bvp+eda+temp+acc": 0.522}, "2": {"bvp": 0.909, "eda": 0.324, "temp": 0.196, "acc": 0.691, "bvp+eda": 0.67, "bvp+temp": 0.547, "bvp+acc": 0.912, "eda+temp": 0.21, "eda+acc": 0.548, "temp+acc": 0.457, "bvp+eda+temp": 0.498, "bvp+eda+acc": 0.787, "bvp+temp+acc": 0.653, "eda+temp+acc": 0.431, "bvp+eda+temp+acc": 0.627}, "3": {"bvp": 0.985, "eda": 0.381, "temp": 0.273, "acc": 0.774, "bvp+eda": 0.724, "bvp+temp": 0.614, "bvp+acc": 0.943, "eda+temp": 0.296, "eda+acc": 0.628, "temp+acc": 0.541, "bvp+eda+temp": 0.591, "bvp+eda+acc": 0.821, "bvp+temp+acc": 0.711, "eda+temp+acc": 0.525, "bvp+eda+temp+acc": 0.676}, "4": {"bvp": 0.991, "eda": 0.445, "temp": 0.332, "acc": 0.826, "bvp+eda": 0.754, "bvp+temp": 0.666, "bvp+acc": 0.954, "eda+temp": 0.337, "eda+acc": 0.7, "temp+acc": 0.591, "bvp+eda+temp": 0.665, "bvp+eda+acc": 0.866, "bvp+temp+acc": 0.749, "eda+temp+acc": 0.596, "bvp+eda+temp+acc": 0.725}, "5": {"bvp": 0.994, "eda": 0.488, "temp": 0.389, "acc": 0.851, "bvp+eda": 0.809, "bvp+temp": 0.691, "bvp+acc": 0.971, "eda+temp": 0.423, "eda+acc": 0.723, "temp+acc": 0.644, "bvp+eda+temp": 0.703, "bvp+eda+acc": 0.884, "bvp+temp+acc": 0.771, "eda+temp+acc": 0.653, "bvp+eda+temp+acc": 0.756}, "6": {"bvp": 1.0, "eda": 0.538, "temp": 0.438, "acc": 0.896, "bvp+eda": 0.863, "bvp+temp": 0.728, "bvp+acc": 0.98, "eda+temp": 0.469, "eda+acc": 0.776, "temp+acc": 0.658, "bvp+eda+temp": 0.729, "bvp+eda+acc": 0.899, "bvp+temp+acc": 0.806, "eda+temp+acc": 0.698, "bvp+eda+temp+acc": 0.81}, "7": {"bvp": 1.0, "eda": 0.597, "temp": 0.498, "acc": 0.914, "bvp+eda": 0.883, "bvp+temp": 0.761, "bvp+acc": 0.983, "eda+temp": 0.578, "eda+acc": 0.799, "temp+acc": 0.695, "bvp+eda+temp": 0.783, "bvp+eda+acc": 0.913, "bvp+temp+acc": 0.837, "eda+temp+acc": 0.733, "bvp+eda+temp+acc": 0.848}, "8": {"bvp": 1.0, "eda": 0.632, "temp": 0.528, "acc": 0.942, "bvp+eda": 0.91, "bvp+temp": 0.793, "bvp+acc": 0.987, "eda+temp": 0.642, "eda+acc": 0.852, "temp+acc": 0.72, "bvp+eda+temp": 0.818, "bvp+eda+acc": 0.932, "bvp+temp+acc": 0.852, "eda+temp+acc": 0.766, "bvp+eda+temp+acc": 0.867}, "9": {"bvp": 1.0, "eda": 0.666, "temp": 0.583, "acc": 0.954, "bvp+eda": 0.93, "bvp+temp": 0.836, "bvp+acc": 0.988, "eda+temp": 0.72, "eda+acc": 0.89, "temp+acc": 0.768, "bvp+eda+temp": 0.862, "bvp+eda+acc": 0.944, "bvp+temp+acc": 0.896, "eda+temp+acc": 0.831, "bvp+eda+temp+acc": 0.902}, "10": {"bvp": 1.0, "eda": 0.744, "temp": 0.644, "acc": 0.968, "bvp+eda": 0.944, "bvp+temp": 0.866, "bvp+acc": 0.988, "eda+temp": 0.775, "eda+acc": 0.919, "temp+acc": 0.823, "bvp+eda+temp": 0.902, "bvp+eda+acc": 0.958, "bvp+temp+acc": 0.933, "eda+temp+acc": 0.88, "bvp+eda+temp+acc": 0.933}, "11": {"bvp": 1.0, "eda": 0.851, "temp": 0.713, "acc": 0.975, "bvp+eda": 0.957, "bvp+temp": 0.901, "bvp+acc": 0.988, "eda+temp": 0.858, "eda+acc": 0.943, "temp+acc": 0.893, "bvp+eda+temp": 0.923, "bvp+eda+acc": 0.973, "bvp+temp+acc": 0.939, "eda+temp+acc": 0.909, "bvp+eda+temp+acc": 0.957}, "12": {"bvp": 1.0, "eda": 0.928, "temp": 0.792, "acc": 0.982, "bvp+eda": 0.978, "bvp+temp": 0.935, "bvp+acc": 0.99, "eda+temp": 0.914, "eda+acc": 0.976, "temp+acc": 0.927, "bvp+eda+temp": 0.968, "bvp+eda+acc": 0.981, "bvp+temp+acc": 0.951, "eda+temp+acc": 0.939, "bvp+eda+temp+acc": 0.97}, "13": {"bvp": 1.0, "eda": 0.964, "temp": 0.867, "acc": 0.983, "bvp+eda": 0.988, "bvp+temp": 0.956, "bvp+acc": 0.995, "eda+temp": 0.949, "eda+acc": 0.983, "temp+acc": 0.941, "bvp+eda+temp": 0.985, "bvp+eda+acc": 0.986, "bvp+temp+acc": 0.966, "eda+temp+acc": 0.964, "bvp+eda+temp+acc": 0.987}, "14": {"bvp": 1.0, "eda": 0.993, "temp": 0.938, "acc": 0.993, "bvp+eda": 0.997, "bvp+temp": 0.971, "bvp+acc": 0.998, "eda+temp": 0.982, "eda+acc": 0.986, "temp+acc": 0.963, "bvp+eda+temp": 0.99, "bvp+eda+acc": 0.993, "bvp+temp+acc": 0.978, "eda+temp+acc": 0.99, "bvp+eda+temp+acc": 0.992}, "15": {"bvp": 1.0, "eda": 1.0, "temp": 1.0, "acc": 1.0, "bvp+eda": 1.0, "bvp+temp": 1.0, "bvp+acc": 1.0, "eda+temp": 1.0, "eda+acc": 1.0, "temp+acc": 1.0, "bvp+eda+temp": 1.0, "bvp+eda+acc": 1.0, "bvp+temp+acc": 1.0, "eda+temp+acc": 1.0, "bvp+eda+temp+acc": 1.0}}