{"rank": {"bvp": [0, 0, 0, 0, 0, 0, 0, 0, 0, 0, 0, 0, 0, 0, 0], "eda": [7, 11, 1, 2, 0, 6, 7, 0, 0, 11, 9, 0, 0, 0, 13], "temp": [0, 1, 4, 9, 9, 2, 1, 5, 10, 1, 0, 0, 1, 12, 0], "acc": [0, 0, 0, 0, 0, 0, 0, 0, 0, 0, 0, 0, 0, 0, 0], "bvp+eda": [3, 7, 0, 0, 0, 1, 3, 0, 0, 5, 2, 0, 0, 0, 4], "bvp+temp": [0, 0, 2, 2, 3, 0, 0, 1, 5, 0, 0, 0, 0, 6, 0], "bvp+acc": [0, 0, 0, 0, 0, 0, 0, 0, 0, 0, 0, 0, 0, 0, 0], "eda+temp": [1, 5, 0, 4, 1, 1, 2, 0, 3, 5, 1, 0, 0, 4, 6], "eda+acc": [2, 3, 0, 0, 0, 3, 1, 0, 0, 7, 2, 0, 0, 0, 5], "temp+acc": [0, 0, 2, 4, 4, 0, 0, 1, 3, 0, 0, 0, 0, 6, 0], "bvp+eda+temp": [0, 0, 0, 1, 0, 0, 1, 0, 1, 2, 0, 0, 0, 1, 2], "bvp+eda+acc": [0, 1, 0, 0, 0, 0, 0, 0, 0, 3, 1, 0, 0, 0, 1], "bvp+temp+acc": [0, 0, 0, 1, 1, 0, 0, 0, 0, 0, 0, 0, 0, 1, 0], "eda+temp+acc": [0, 1, 0, 1, 0, 0, 0, 0, 1, 4, 0, 0, 0, 1, 1], "bvp+eda+temp+acc": [0, 0, 0, 0, 0, 0, 0, 0, 0, 2, 0, 0, 0, 0, 1]}, "score": {"bvp": [0, 0, 0, 0, 0, 0, 0, 0, 0, 0, 0, 0, 0, 0, 0], "eda": [7, 11, 1, 2, 0, 6, 7, 0, 0, 11, 9, 0, 0, 0, 13], "temp": [0, 1, 4, 9, 9, 2, 1, 5, 10, 1, 0, 0, 1, 12, 0], "acc": [0, 0, 0, 0, 0, 0, 0, 0, 0, 0, 0, 0, 0, 0, 0], "bvp+eda": [0, 4, 0, 0, 0, 0, 3, 0, 0, 3, 1, 0, 0, 0, 4], "bvp+temp": [0, 0, 3, 4, 7, 0, 0, 0, 5, 0, 0, 0, 0, 12, 0], "bvp+acc": [0, 0, 0, 0, 0, 0, 0, 0, 0, 0, 0, 0, 0, 0, 0], "eda+temp": [0, 3, 0, 3, 6, 1, 1, 0, 2, 3, 2, 0, 1, 12, 4], "eda+acc": [0, 4, 0, 0, 0, 0, 1, 0, 0, 4, 2, 0, 0, 0, 4], "temp+acc": [0, 0, 0, 2, 5, 0, 0, 0, 4, 0, 0, 0, 0, 11, 0], "bvp+eda+temp": [0, 0, 0, 1, 3, 0, 0, 0, 1, 2, 0, 0, 0, 10, 2], "bvp+eda+acc": [0, 1, 0, 0, 0, 0, 0, 0, 0, 1, 0, 0, 0, 0, 1], "bvp+temp+acc": [0, 0, 0, 0, 4, 0, 0, 0, 0, 0, 0, 0, 0, 7, 0], "eda+temp+acc": [0, 0, 0, 0, 2, 0, 0, 0, 0, 0, 0, 0, 0, 7, 1], "bvp+eda+temp+acc": [0, 0, 0, 0, 0, 0, 0, 0, 0, 0, 0, 0, 0, 4, 1]}}