{"rank": {"bvp": [0, 0, 0, 0, 0, 0, 0, 0, 0, 0, 0, 0, 0, 0, 0], "eda": [6, 13, 14, 5, 11, 1, 6, 10, 14, 14, 2, 0, 9, 12, 12], "temp": [11, 11, 4, 5, 10, 3, 12, 12, 8, 14, 6, 13, 4, 13, 10], "acc": [13, 6, 10, 14, 3, 0, 3, 11, 10, 12, 0, 6, 1, 12, 7], "bvp+eda": [2, 5, 6, 1, 5, 0, 2, 4, 6, 8, 0, 0, 2, 5, 6], "bvp+temp": [5, 6, 0, 1, 3, 1, 6, 7, 4, 6, 2, 5, 1, 7, 3], "bvp+acc": [5, 1, 2, 8, 1, 0, 0, 6, 5, 6, 0, 2, 0, 6, 2], "eda+temp": [9, 13, 11, 3, 11, 1, 12, 13, 12, 14, 3, 7, 5, 14, 12], "eda+acc": [10, 13, 13, 10, 7, 0, 2, 11, 14, 14, 0, 3, 5, 13, 13], "temp+acc": [14, 9, 8, 12, 6, 1, 8, 13, 9, 14, 1, 12, 1, 14, 9], "bvp+eda+temp": [5, 10, 5, 0, 9, 0, 6, 8, 8, 11, 1, 1, 1, 10, 8], "bvp+eda+acc": [6, 5, 9, 7, 4, 0, 1, 9, 9, 10, 0, 0, 0, 10, 5], "bvp+temp+acc": [8, 6, 3, 5, 2, 0, 2, 10, 5, 11, 0, 6, 0, 10, 4], "eda+temp+acc": [13, 13, 11, 9, 10, 0, 6, 13, 12, 14, 2, 4, 3, 14, 12], "bvp+eda+temp+acc": [9, 10, 7, 5, 6, 0, 3, 10, 9, 11, 0, 3, 1, 11, 9]}, "score": {"bvp": [0, 0, 0, 0, 0, 0, 0, 0, 0, 0, 0, 0, 0, 0, 0], "eda": [6, 13, 14, 5, 11, 1, 6, 10, 14, 14, 2, 0, 9, 12, 12], "temp": [11, 11, 4, 5, 10, 3, 12, 12, 8, 14, 6, 13, 4, 13, 10], "acc": [13, 6, 10, 14, 3, 0, 3, 11, 10, 12, 0, 6, 1, 12, 7], "bvp+eda": [1, 5, 9, 1, 7, 0, 3, 2, 4, 6, 0, 0, 2, 9, 7], "bvp+temp": [6, 4, 0, 3, 6, 0, 9, 1, 4, 10, 2, 6, 0, 11, 8], "bvp+acc": [3, 0, 4, 8, 1, 0, 0, 0, 2, 5, 0, 0, 0, 5, 1], "eda+temp": [12, 13, 13, 3, 11, 1, 13, 12, 13, 14, 3, 9, 5, 14, 12], "eda+acc": [10, 13, 12, 11, 7, 0, 5, 11, 13, 13, 2, 0, 3, 14, 12], "temp+acc": [14, 11, 9, 8, 8, 2, 12, 12, 10, 14, 2, 13, 1, 13, 10], "bvp+eda+temp": [6, 8, 8, 3, 9, 0, 9, 3, 6, 12, 0, 2, 0, 12, 9], "bvp+eda+acc": [5, 4, 9, 8, 5, 0, 2, 2, 5, 8, 0, 0, 1, 9, 7], "bvp+temp+acc": [8, 3, 2, 6, 5, 0, 9, 2, 4, 11, 0, 7, 0, 12, 7], "eda+temp+acc": [14, 13, 13, 7, 10, 1, 13, 12, 13, 14, 1, 8, 2, 14, 12], "bvp+eda+temp+acc": [7, 7, 10, 6, 9, 0, 8, 3, 7, 12, 0, 1, 0, 12, 9]}}