{"rank": {"bvp": [0, 0, 0, 0, 0, 0, 0, 0, 0, 0, 0, 0, 0, 0, 0], "eda": [0, 2, 11, 5, 4, 4, 6, 4, 12, 1, 1, 0, 3, 8, 0], "temp": [4, 2, 4, 0, 0, 0, 11, 3, 10, 8, 13, 13, 3, 13, 3], "acc": [0, 0, 4, 6, 0, 0, 0, 1, 2, 2, 0, 4, 0, 4, 1], "bvp+eda": [0, 0, 5, 0, 1, 0, 1, 1, 5, 0, 0, 0, 1, 2, 0], "bvp+temp": [1, 0, 1, 0, 0, 0, 6, 1, 5, 3, 4, 4, 1, 7, 1], "bvp+acc": [0, 0, 1, 1, 0, 0, 0, 0, 1, 0, 0, 1, 0, 0, 0], "eda+temp": [1, 1, 9, 1, 1, 1, 9, 3, 13, 4, 8, 6, 2, 13, 1], "eda+acc": [0, 0, 8, 5, 1, 0, 2, 1, 7, 0, 0, 1, 1, 6, 0], "temp+acc": [0, 0, 2, 1, 0, 0, 5, 1, 6, 4, 8, 8, 1, 9, 2], "bvp+eda+temp": [0, 0, 3, 0, 0, 0, 4, 1, 8, 1, 2, 1, 1, 8, 0], "bvp+eda+acc": [0, 0, 4, 3, 0, 0, 1, 0, 3, 0, 0, 1, 0, 1, 0], "bvp+temp+acc": [0, 0, 1, 0, 0, 0, 2, 0, 4, 0, 0, 4, 0, 5, 0], "eda+temp+acc": [0, 0, 7, 1, 0, 0, 5, 1, 10, 2, 4, 6, 0, 9, 0], "bvp+eda+temp+acc": [0, 0, 3, 0, 0, 0, 2, 0, 4, 0, 1, 1, 1, 4, 0]}, "score": {"bvp": [0, 0, 0, 0, 0, 0, 0, 0, 0, 0, 0, 0, 0, 0, 0], "eda": [0, 2, 11, 5, 4, 4, 6, 4, 12, 1, 1, 0, 3, 8, 0], "temp": [4, 2, 4, 0, 0, 0, 11, 3, 10, 8, 13, 13, 3, 13, 3], "acc": [0, 0, 4, 6, 0, 0, 0, 1, 2, 2, 0, 4, 0, 4, 1], "bvp+eda": [0, 0, 9, 0, 2, 0, 1, 2, 5, 0, 0, 0, 0, 5, 0], "bvp+temp": [0, 0, 1, 0, 0, 0, 6, 0, 2, 4, 6, 2, 0, 8, 2], "bvp+acc": [0, 0, 0, 1, 0, 0, 0, 0, 1, 0, 0, 0, 0, 0, 0], "eda+temp": [0, 1, 7, 0, 4, 0, 8, 5, 12, 2, 5, 0, 2, 13, 0], "eda+acc": [0, 0, 10, 4, 3, 0, 5, 4, 11, 0, 0, 0, 0, 7, 0], "temp+acc": [0, 1, 2, 0, 0, 0, 8, 2, 7, 4, 9, 10, 0, 12, 2], "bvp+eda+temp": [0, 0, 4, 0, 1, 0, 4, 1, 5, 0, 1, 0, 0, 9, 0], "bvp+eda+acc": [0, 0, 6, 1, 1, 0, 1, 1, 4, 0, 0, 0, 0, 3, 0], "bvp+temp+acc": [0, 0, 1, 0, 0, 0, 3, 0, 1, 1, 1, 2, 0, 7, 1], "eda+temp+acc": [0, 0, 7, 1, 1, 0, 8, 4, 12, 0, 2, 0, 0, 11, 0], "bvp+eda+temp+acc": [0, 0, 3, 0, 0, 0, 3, 1, 5, 0, 0, 0, 0, 7, 0]}}