{"rank": {"bvp": [0, 0, 0, 0, 0, 0, 0, 0, 0, 0, 0, 0, 0, 0, 0], "eda": [3, 2, 6, 6, 13, 7, 4, 11, 5, 4, 14, 0, 10, 8, 1], "temp": [3, 4, 1, 13, 6, 12, 2, 8, 8, 7, 1, 0, 0, 10, 9], "acc": [1, 3, 0, 4, 3, 0, 2, 0, 8, 3, 2, 4, 1, 7, 6], "bvp+eda": [1, 0, 1, 0, 7, 3, 1, 4, 1, 1, 6, 0, 3, 2, 0], "bvp+temp": [1, 2, 0, 7, 1, 6, 0, 3, 2, 2, 0, 0, 0, 3, 3], "bvp+acc": [0, 0, 0, 1, 1, 0, 0, 0, 3, 1, 0, 1, 0, 2, 1], "eda+temp": [1, 1, 3, 12, 12, 13, 1, 12, 6, 5, 9, 0, 4, 11, 4], "eda+acc": [0, 0, 1, 2, 9, 3, 1, 6, 5, 3, 11, 1, 5, 9, 3], "temp+acc": [1, 3, 1, 8, 3, 5, 1, 3, 11, 4, 1, 2, 0, 9, 8], "bvp+eda+temp": [0, 0, 0, 5, 5, 6, 0, 6, 2, 2, 3, 0, 0, 6, 1], "bvp+eda+acc": [0, 0, 0, 0, 2, 0, 0, 2, 2, 0, 2, 0, 1, 2, 1], "bvp+temp+acc": [1, 0, 0, 6, 1, 2, 0, 1, 4, 1, 0, 0, 0, 4, 3], "eda+temp+acc": [0, 1, 0, 10, 7, 5, 1, 4, 7, 2, 5, 0, 0, 10, 2], "bvp+eda+temp+acc": [0, 0, 0, 5, 5, 3, 0, 2, 2, 1, 2, 0, 0, 5, 1]}, "score": {"bvp": [0, 0, 0, 0, 0, 0, 0, 0, 0, 0, 0, 0, 0, 0, 0], "eda": [3, 2, 6, 6, 13, 7, 4, 11, 5, 4, 14, 0, 10, 8, 1], "temp": [3, 4, 1, 13, 6, 12, 2, 8, 8, 7, 1, 0, 0, 10, 9], "acc": [1, 3, 0, 4, 3, 0, 2, 0, 8, 3, 2, 4, 1, 7, 6], "bvp+eda": [1, 1, 3, 2, 10, 1, 2, 4, 1, 1, 6, 0, 8, 4, 0], "bvp+temp": [1, 1, 0, 11, 1, 2, 1, 0, 0, 2, 0, 0, 0, 4, 4], "bvp+acc": [0, 0, 0, 1, 0, 0, 0, 0, 1, 2, 0, 0, 0, 2, 1], "eda+temp": [1, 1, 4, 13, 12, 13, 5, 11, 7, 5, 9, 0, 4, 8, 0], "eda+acc": [2, 2, 3, 4, 13, 3, 4, 4, 9, 4, 13, 0, 5, 6, 1], "temp+acc": [1, 4, 0, 13, 3, 3, 2, 0, 8, 4, 0, 1, 0, 10, 9], "bvp+eda+temp": [0, 0, 1, 11, 9, 4, 1, 3, 1, 2, 4, 0, 3, 7, 0], "bvp+eda+acc": [0, 1, 1, 3, 9, 1, 1, 2, 1, 2, 4, 0, 3, 4, 0], "bvp+temp+acc": [1, 1, 0, 10, 0, 0, 0, 0, 2, 2, 0, 0, 0, 4, 5], "eda+temp+acc": [0, 1, 1, 13, 10, 7, 4, 5, 6, 4, 6, 0, 3, 10, 0], "bvp+eda+temp+acc": [0, 0, 0, 10, 6, 1, 1, 3, 1, 2, 3, 0, 1, 7, 0]}}