{"rank": {"bvp": [0, 0, 0, 0, 0, 0, 0, 0, 0, 0, 0, 0, 0, 0, 0], "eda": [0, 7, 1, 1, 3, 2, 4, 1, 0, 0, 3, 0, 1, 3, 12], "temp": [1, 0, 0, 1, 2, 0, 0, 1, 5, 2, 0, 0, 12, 13, 1], "acc": [0, 0, 0, 0, 0, 0, 0, 0, 0, 0, 0, 0, 0, 0, 0], "bvp+eda": [0, 2, 0, 0, 0, 0, 1, 0, 0, 0, 1, 0, 0, 1, 5], "bvp+temp": [0, 0, 0, 0, 0, 0, 0, 0, 1, 0, 0, 0, 5, 6, 0], "bvp+acc": [0, 0, 0, 0, 0, 0, 0, 0, 0, 0, 0, 0, 0, 0, 0], "eda+temp": [0, 2, 0, 0, 1, 0, 1, 0, 1, 0, 0, 0, 6, 9, 6], "eda+acc": [0, 2, 0, 0, 1, 0, 1, 0, 0, 0, 1, 0, 0, 0, 5], "temp+acc": [0, 0, 0, 0, 0, 0, 0, 0, 1, 0, 0, 0, 5, 5, 0], "bvp+eda+temp": [0, 0, 0, 0, 0, 0, 0, 0, 1, 0, 0, 0, 0, 2, 3], "bvp+eda+acc": [0, 0, 0, 0, 0, 0, 0, 0, 0, 0, 0, 0, 0, 0, 1], "bvp+temp+acc": [0, 0, 0, 0, 0, 0, 0, 0, 0, 0, 0, 0, 1, 1, 0], "eda+temp+acc": [0, 0, 0, 0, 0, 0, 0, 0, 0, 0, 0, 0, 2, 2, 0], "bvp+eda+temp+acc": [0, 0, 0, 0, 0, 0, 0, 0, 0, 0, 0, 0, 0, 0, 0]}, "score": {"bvp": [0, 0, 0, 0, 0, 0, 0, 0, 0, 0, 0, 0, 0, 0, 0], "eda": [0, 7, 1, 1, 3, 2, 4, 1, 0, 0, 3, 0, 1, 3, 12], "temp": [1, 0, 0, 1, 2, 0, 0, 1, 5, 2, 0, 0, 12, 13, 1], "acc": [0, 0, 0, 0, 0, 0, 0, 0, 0, 0, 0, 0, 0, 0, 0], "bvp+eda": [0, 0, 0, 0, 0, 0, 1, 0, 0, 0, 0, 0, 0, 1, 6], "bvp+temp": [0, 0, 0, 0, 0, 0, 0, 0, 3, 0, 0, 0, 7, 7, 0], "bvp+acc": [0, 0, 0, 0, 0, 0, 0, 0, 0, 0, 0, 0, 0, 0, 0], "eda+temp": [0, 0, 0, 0, 3, 0, 1, 0, 2, 0, 0, 0, 6, 10, 4], "eda+acc": [0, 0, 0, 0, 0, 0, 0, 1, 0, 0, 0, 0, 0, 0, 8], "temp+acc": [0, 0, 0, 0, 0, 0, 0, 0, 4, 0, 0, 0, 7, 6, 0], "bvp+eda+temp": [0, 0, 0, 0, 0, 0, 1, 0, 0, 0, 0, 0, 3, 5, 4], "bvp+eda+acc": [0, 0, 0, 0, 0, 0, 0, 0, 0, 0, 0, 0, 0, 0, 3], "bvp+temp+acc": [0, 0, 0, 0, 0, 0, 0, 0, 1, 0, 0, 0, 1, 2, 0], "eda+temp+acc": [0, 0, 0, 0, 0, 0, 0, 0, 1, 0, 0, 0, 2, 4, 1], "bvp+eda+temp+acc": [0, 0, 0, 0, 0, 0, 0, 0, 0, 0, 0, 0, 0, 0, 0]}}