{"1": {"rank": 0.078, "score": 0.078, "mean": 0.078}, "2": {"rank": 0.117, "score": 0.117, "mean": 0.117}, "3": {"rank": 0.139, "score": 0.139, "mean": 0.139}, "4": {"rank": 0.192, "score": 0.192, "mean": 0.192}, "5": {"rank": 0.253, "score": 0.253, "mean": 0.253}, "6": {"rank": 0.294, "score": 0.294, "mean": 0.294}, "7": {"rank": 0.344, "score": 0.344, "mean": 0.344}, "8": {"rank": 0.397, "score": 0.397, "mean": 0.397}, "9": {"rank": 0.467, "score": 0.467, "mean": 0.467}, "10": {"rank": 0.57, "score": 0.57, "mean": 0.57}, "11": {"rank": 0.647, "score": 0.647, "mean": 0.647}, "12": {"rank": 0.761, "score": 0.761, "mean": 0.761}, "13": {"rank": 0.836, "score": 0.836, "mean": 0.836}, "14": {"rank": 0.925, "score": 0.925, "mean": 0.925}, "15": {"rank": 1.0, "score": 1.0, "mean": 1.0}}