{"1": {"non-stress": 0.122, "stress": 0.034}, "2": {"non-stress": 0.189, "stress": 0.045}, "3": {"non-stress": 0.217, "stress": 0.061}, "4": {"non-stress": 0.261, "stress": 0.122}, "5": {"non-stress": 0.317, "stress": 0.189}, "6": {"non-stress": 0.344, "stress": 0.245}, "7": {"non-stress": 0.4, "stress": 0.289}, "8": {"non-stress": 0.422, "stress": 0.372}, "9": {"non-stress": 0.506, "stress": 0.428}, "10": {"non-stress": 0.634, "stress": 0.506}, "11": {"non-stress": 0.683, "stress": 0.611}, "12": {"non-stress": 0.811, "stress": 0.711}, "13": {"non-stress": 0.85, "stress": 0.822}, "14": {"non-stress": 0.927, "stress": 0.922}, "15": {"non-stress": 1.0, "stress": 1.0}}