{"1": {"bvp": 0.131, "eda": 0.067, "temp": 0.094, "acc": 0.193, "bvp+eda": 0.073, "bvp+temp": 0.146, "bvp+acc": 0.304, "eda+temp": 0.06, "eda+acc": 0.087, "temp+acc": 0.145, "bvp+eda+temp": 0.103, "bvp+eda+acc": 0.094, "bvp+temp+acc": 0.211, "eda+temp+acc": 0.071, "bvp+eda+temp+acc": 0.136}, "2": {"bvp": 0.285, "eda": 0.143, "temp": 0.18, "acc": 0.292, "bvp+eda": 0.15, "bvp+temp": 0.221, "bvp+acc": 0.41, "eda+temp": 0.134, "eda+acc": 0.145, "temp+acc": 0.264, "bvp+eda+temp": 0.152, "bvp+eda+acc": 0.166, "bvp+temp+acc": 0.309, "eda+temp+acc": 0.207, "bvp+eda+temp+acc": 0.266}, "3": {"bvp": 0.373, "eda": 0.213, "temp": 0.232, "acc": 0.372, "bvp+eda": 0.222, "bvp+temp": 0.32, "bvp+acc": 0.46, "eda+temp": 0.191, "eda+acc": 0.257, "temp+acc": 0.31, "bvp+eda+temp": 0.215, "bvp+eda+acc": 0.287, "bvp+temp+acc": 0.406, "eda+temp+acc": 0.252, "bvp+eda+temp+acc": 0.31}, "4": {"bvp": 0.456, "eda": 0.264, "temp": 0.326, "acc": 0.457, "bvp+eda": 0.289, "bvp+temp": 0.389, "bvp+acc": 0.486, "eda+temp": 0.246, "eda+acc": 0.302, "temp+acc": 0.379, "bvp+eda+temp": 0.315, "bvp+eda+acc": 0.371, "bvp+temp+acc": 0.476, "eda+temp+acc": 0.312, "bvp+eda+temp+acc": 0.369}, "5": {"bvp": 0.566, "eda": 0.372, "temp": 0.378, "acc": 0.528, "bvp+eda": 0.418, "bvp+temp": 0.454, "bvp+acc": 0.556, "eda+temp": 0.334, "eda+acc": 0.418, "temp+acc": 0.448, "bvp+eda+temp": 0.393, "bvp+eda+acc": 0.458, "bvp+temp+acc": 0.537, "eda+temp+acc": 0.402, "bvp+eda+temp+acc": 0.423}, "6": {"bvp": 0.662, "eda": 0.435, "temp": 0.442, "acc": 0.589, "bvp+eda": 0.53, "bvp+temp": 0.544, "bvp+acc": 0.644, "eda+temp": 0.431, "eda+acc": 0.548, "temp+acc": 0.512, "bvp+eda+temp": 0.45, "bvp+eda+acc": 0.643, "bvp+temp+acc": 0.591, "eda+temp+acc": 0.447, "bvp+eda+temp+acc": 0.463}, "7": {"bvp": 0.722, "eda": 0.513, "temp": 0.507, "acc": 0.648, "bvp+eda": 0.586, "bvp+temp": 0.566, "bvp+acc": 0.706, "eda+temp": 0.468, "eda+acc": 0.614, "temp+acc": 0.546, "bvp+eda+temp": 0.48, "bvp+eda+acc": 0.689, "bvp+temp+acc": 0.655, "eda+temp+acc": 0.49, "bvp+eda+temp+acc": 0.51}, "8": {"bvp": 0.763, "eda": 0.585, "temp": 0.58, "acc": 0.727, "bvp+eda": 0.622, "bvp+temp": 0.681, "bvp+acc": 0.763, "eda+temp": 0.535, "eda+acc": 0.674, "temp+acc": 0.617, "bvp+eda+temp": 0.547, "bvp+eda+acc": 0.719, "bvp+temp+acc": 0.701, "eda+temp+acc": 0.579, "bvp+eda+temp+acc": 0.592}, "9": {"bvp": 0.808, "eda": 0.647, "temp": 0.635, "acc": 0.796, "bvp+eda": 0.632, "bvp+temp": 0.732, "bvp+acc": 0.834, "eda+temp": 0.593, "eda+acc": 0.723, "temp+acc": 0.697, "bvp+eda+temp": 0.616, "bvp+eda+acc": 0.761, "bvp+temp+acc": 0.754, "eda+temp+acc": 0.616, "bvp+eda+temp+acc": 0.635}, "10": {"bvp": 0.865, "eda": 0.682, "temp": 0.697, "acc": 0.865, "bvp+eda": 0.716, "bvp+temp": 0.78, "bvp+acc": 0.865, "eda+temp": 0.641, "eda+acc": 0.784, "temp+acc": 0.723, "bvp+eda+temp": 0.648, "bvp+eda+acc": 0.811, "bvp+temp+acc": 0.792, "eda+temp+acc": 0.654, "bvp+eda+temp+acc": 0.686}, "11": {"bvp": 0.897, "eda": 0.771, "temp": 0.778, "acc": 0.887, "bvp+eda": 0.846, "bvp+temp": 0.813, "bvp+acc": 0.908, "eda+temp": 0.697, "eda+acc": 0.819, "temp+acc": 0.809, "bvp+eda+temp": 0.751, "bvp+eda+acc": 0.835, "bvp+temp+acc": 0.833, "eda+temp+acc": 0.764, "bvp+eda+temp+acc": 0.795}, "12": {"bvp": 0.914, "eda": 0.836, "temp": 0.807, "acc": 0.91, "bvp+eda": 0.867, "bvp+temp": 0.861, "bvp+acc": 0.948, "eda+temp": 0.758, "eda+acc": 0.837, "temp+acc": 0.824, "bvp+eda+temp": 0.829, "bvp+eda+acc": 0.857, "bvp+temp+acc": 0.838, "eda+temp+acc": 0.793, "bvp+eda+temp+acc": 0.832}, "13": {"bvp": 0.946, "eda": 0.867, "temp": 0.837, "acc": 0.95, "bvp+eda": 0.9, "bvp+temp": 0.88, "bvp+acc": 0.977, "eda+temp": 0.827, "eda+acc": 0.865, "temp+acc": 0.866, "bvp+eda+temp": 0.881, "bvp+eda+acc": 0.89, "bvp+temp+acc": 0.866, "eda+temp+acc": 0.854, "bvp+eda+temp+acc": 0.878}, "14": {"bvp": 0.95, "eda": 0.931, "temp": 0.901, "acc": 0.97, "bvp+eda": 0.948, "bvp+temp": 0.92, "bvp+acc": 0.997, "eda+temp": 0.946, "eda+acc": 0.925, "temp+acc": 0.926, "bvp+eda+temp": 0.978, "bvp+eda+acc": 0.944, "bvp+temp+acc": 0.935, "eda+temp+acc": 0.963, "bvp+eda+temp+acc": 0.968}, "15": {"bvp": 1.0, "eda": 1.0, "temp": 1.0, "acc": 1.0, "bvp+eda": 1.0, "bvp+temp": 1.0, "bvp+acc": 1.0, "eda+temp": 1.0, "eda+acc": 1.0, "temp+acc": 1.0, "bvp+eda+temp": 1.0, "bvp+eda+acc": 1.0, "bvp+temp+acc": 1.0, "eda+temp+acc": 1.0, "bvp+eda+temp+acc": 1.0}}