{"1": {"non-stress": 0.148, "stress": 0.079}, "2": {"non-stress": 0.251, "stress": 0.154}, "3": {"non-stress": 0.331, "stress": 0.209}, "4": {"non-stress": 0.398, "stress": 0.28}, "5": {"non-stress": 0.487, "stress": 0.348}, "6": {"non-stress": 0.586, "stress": 0.396}, "7": {"non-stress": 0.643, "stress": 0.432}, "8": {"non-stress": 0.71, "stress": 0.496}, "9": {"non-stress": 0.757, "stress": 0.561}, "10": {"non-stress": 0.803, "stress": 0.618}, "11": {"non-stress": 0.869, "stress": 0.683}, "12": {"non-stress": 0.9, "stress": 0.725}, "13": {"non-stress": 0.922, "stress": 0.8}, "14": {"non-stress": 0.968, "stress": 0.897}, "15": {"non-stress": 1.0, "stress": 1.0}}