{"1": {"rank": 0.122, "score": 0.114, "mean": 0.118}, "2": {"rank": 0.226, "score": 0.202, "mean": 0.214}, "3": {"rank": 0.295, "score": 0.27, "mean": 0.282}, "4": {"rank": 0.38, "score": 0.339, "mean": 0.359}, "5": {"rank": 0.435, "score": 0.418, "mean": 0.426}, "6": {"rank": 0.504, "score": 0.491, "mean": 0.497}, "7": {"rank": 0.579, "score": 0.538, "mean": 0.559}, "8": {"rank": 0.632, "score": 0.603, "mean": 0.618}, "9": {"rank": 0.683, "score": 0.659, "mean": 0.671}, "10": {"rank": 0.745, "score": 0.71, "mean": 0.728}, "11": {"rank": 0.803, "score": 0.776, "mean": 0.79}, "12": {"rank": 0.843, "score": 0.812, "mean": 0.828}, "13": {"rank": 0.892, "score": 0.861, "mean": 0.877}, "14": {"rank": 0.935, "score": 0.933, "mean": 0.934}, "15": {"rank": 1.0, "score": 1.0, "mean": 1.0}}