{"rank": {"bvp": [0, 0, 0, 0, 0, 0, 0, 0, 0, 0, 0, 0, 0, 0, 0], "eda": [3, 6, 13, 3, 11, 1, 7, 9, 13, 0, 2, 0, 3, 10, 6], "temp": [12, 7, 9, 3, 5, 2, 12, 5, 5, 9, 6, 0, 2, 7, 9], "acc": [10, 0, 12, 9, 1, 0, 2, 2, 9, 1, 0, 12, 0, 10, 5], "bvp+eda": [1, 1, 6, 1, 5, 0, 2, 3, 5, 0, 0, 0, 1, 2, 2], "bvp+temp": [6, 3, 2, 0, 1, 0, 6, 1, 1, 2, 2, 0, 0, 3, 1], "bvp+acc": [3, 0, 6, 3, 0, 0, 0, 0, 4, 0, 0, 6, 0, 3, 0], "eda+temp": [9, 6, 14, 3, 8, 1, 12, 7, 11, 2, 2, 0, 0, 7, 7], "eda+acc": [6, 1, 13, 5, 6, 0, 4, 6, 14, 0, 0, 5, 2, 12, 5], "temp+acc": [14, 3, 14, 4, 2, 0, 7, 3, 7, 3, 0, 5, 0, 10, 9], "bvp+eda+temp": [3, 2, 6, 0, 3, 0, 5, 3, 5, 0, 0, 0, 0, 4, 4], "bvp+eda+acc": [3, 0, 9, 2, 2, 0, 2, 1, 6, 0, 0, 1, 0, 8, 0], "bvp+temp+acc": [6, 1, 6, 2, 1, 0, 3, 1, 5, 1, 0, 2, 0, 5, 2], "eda+temp+acc": [9, 2, 14, 4, 5, 0, 6, 3, 11, 1, 0, 2, 0, 10, 8], "bvp+eda+temp+acc": [5, 1, 10, 2, 2, 0, 3, 2, 6, 0, 0, 0, 0, 8, 2]}, "score": {"bvp": [0, 0, 0, 0, 0, 0, 0, 0, 0, 0, 0, 0, 0, 0, 0], "eda": [3, 6, 13, 3, 11, 1, 7, 9, 13, 0, 2, 0, 3, 10, 6], "temp": [12, 7, 9, 3, 5, 2, 12, 5, 5, 9, 6, 0, 2, 7, 9], "acc": [10, 0, 12, 9, 1, 0, 2, 2, 9, 1, 0, 12, 0, 10, 5], "bvp+eda": [0, 0, 9, 1, 3, 0, 1, 1, 2, 0, 0, 0, 1, 2, 4], "bvp+temp": [8, 3, 2, 1, 2, 0, 10, 1, 0, 6, 0, 0, 0, 3, 7], "bvp+acc": [2, 0, 6, 4, 0, 0, 0, 0, 2, 0, 0, 1, 0, 5, 0], "eda+temp": [10, 5, 12, 3, 5, 1, 13, 6, 10, 3, 2, 0, 2, 7, 8], "eda+acc": [5, 1, 13, 5, 5, 0, 4, 4, 13, 0, 0, 1, 3, 10, 6], "temp+acc": [13, 4, 10, 3, 3, 1, 11, 4, 7, 7, 0, 0, 0, 9, 9], "bvp+eda+temp": [6, 2, 7, 1, 4, 0, 8, 1, 4, 1, 0, 0, 0, 3, 5], "bvp+eda+acc": [3, 0, 10, 3, 2, 0, 2, 0, 4, 0, 0, 0, 1, 7, 3], "bvp+temp+acc": [8, 2, 4, 1, 1, 0, 7, 1, 4, 6, 0, 0, 0, 4, 5], "eda+temp+acc": [11, 3, 13, 3, 3, 0, 11, 4, 9, 3, 0, 0, 1, 10, 7], "bvp+eda+temp+acc": [8, 2, 7, 2, 2, 0, 5, 1, 5, 0, 0, 0, 0, 8, 4]}}