{"1": {"rank": 0.002, "score": 0.002, "mean": 0.002}, "2": {"rank": 0.004, "score": 0.004, "mean": 0.004}, "3": {"rank": 0.006, "score": 0.006, "mean": 0.006}, "4": {"rank": 0.007, "score": 0.007, "mean": 0.007}, "5": {"rank": 0.01, "score": 0.009, "mean": 0.009}, "6": {"rank": 0.011, "score": 0.011, "mean": 0.011}, "7": {"rank": 0.014, "score": 0.012, "mean": 0.013}, "8": {"rank": 0.015, "score": 0.014, "mean": 0.015}, "9": {"rank": 0.017, "score": 0.016, "mean": 0.016}, "10": {"rank": 0.019, "score": 0.017, "mean": 0.018}, "11": {"rank": 0.021, "score": 0.019, "mean": 0.02}, "12": {"rank": 0.022, "score": 0.021, "mean": 0.022}, "13": {"rank": 0.025, "score": 0.023, "mean": 0.024}, "14": {"rank": 0.027, "score": 0.024, "mean": 0.025}, "15": {"rank": 0.028, "score": 0.026, "mean": 0.027}, "16": {"rank": 0.03, "score": 0.028, "mean": 0.029}, "17": {"rank": 0.032, "score": 0.029, "mean": 0.031}, "18": {"rank": 0.034, "score": 0.031, "mean": 0.032}, "19": {"rank": 0.035, "score": 0.033, "mean": 0.034}, "20": {"rank": 0.037, "score": 0.035, "mean": 0.036}, "21": {"rank": 0.039, "score": 0.036, "mean": 0.038}, "22": {"rank": 0.04, "score": 0.038, "mean": 0.039}, "23": {"rank": 0.042, "score": 0.04, "mean": 0.041}, "24": {"rank": 0.044, "score": 0.041, "mean": 0.042}, "25": {"rank": 0.045, "score": 0.043, "mean": 0.044}, "26": {"rank": 0.047, "score": 0.045, "mean": 0.046}, "27": {"rank": 0.048, "score": 0.046, "mean": 0.047}, "28": {"rank": 0.05, "score": 0.048, "mean": 0.049}, "29": {"rank": 0.051, "score": 0.05, "mean": 0.051}, "30": {"rank": 0.053, "score": 0.052, "mean": 0.052}, "31": {"rank": 0.054, "score": 0.053, "mean": 0.054}, "32": {"rank": 0.056, "score": 0.055, "mean": 0.055}, "33": {"rank": 0.057, "score": 0.056, "mean": 0.057}, "34": {"rank": 0.059, "score": 0.058, "mean": 0.058}, "35": {"rank": 0.061, "score": 0.06, "mean": 0.06}, "36": {"rank": 0.062, "score": 0.062, "mean": 0.062}, "37": {"rank": 0.063, "score": 0.063, "mean": 0.063}, "38": {"rank": 0.065, "score": 0.065, "mean": 0.065}, "39": {"rank": 0.067, "score": 0.066, "mean": 0.066}, "40": {"rank": 0.068, "score": 0.068, "mean": 0.068}, "41": {"rank": 0.07, "score": 0.069, "mean": 0.07}, "42": {"rank": 0.072, "score": 0.071, "mean": 0.072}, "43": {"rank": 0.073, "score": 0.073, "mean": 0.073}, "44": {"rank": 0.075, "score": 0.074, "mean": 0.075}, "45": {"rank": 0.077, "score": 0.076, "mean": 0.076}, "46": {"rank": 0.078, "score": 0.077, "mean": 0.078}, "47": {"rank": 0.079, "score": 0.079, "mean": 0.079}, "48": {"rank": 0.081, "score": 0.08, "mean": 0.081}, "49": {"rank": 0.083, "score": 0.082, "mean": 0.082}, "50": {"rank": 0.084, "score": 0.083, "mean": 0.084}, "51": {"rank": 0.085, "score": 0.084, "mean": 0.085}, "52": {"rank": 0.087, "score": 0.086, "mean": 0.086}, "53": {"rank": 0.088, "score": 0.087, "mean": 0.088}, "54": {"rank": 0.09, "score": 0.088, "mean": 0.089}, "55": {"rank": 0.091, "score": 0.09, "mean": 0.09}, "56": {"rank": 0.092, "score": 0.092, "mean": 0.092}, "57": {"rank": 0.094, "score": 0.093, "mean": 0.093}, "58": {"rank": 0.095, "score": 0.095, "mean": 0.095}, "59": {"rank": 0.096, "score": 0.096, "mean": 0.096}, "60": {"rank": 0.097, "score": 0.097, "mean": 0.097}, "61": {"rank": 0.099, "score": 0.099, "mean": 0.099}, "62": {"rank": 0.1, "score": 0.1, "mean": 0.1}, "63": {"rank": 0.102, "score": 0.102, "mean": 0.102}, "64": {"rank": 0.103, "score": 0.104, "mean": 0.103}, "65": {"rank": 0.105, "score": 0.105, "mean": 0.105}, "66": {"rank": 0.107, "score": 0.107, "mean": 0.107}, "67": {"rank": 0.108, "score": 0.108, "mean": 0.108}, "68": {"rank": 0.11, "score": 0.11, "mean": 0.11}, "69": {"rank": 0.111, "score": 0.111, "mean": 0.111}, "70": {"rank": 0.113, "score": 0.113, "mean": 0.113}, "71": {"rank": 0.115, "score": 0.114, "mean": 0.114}, "72": {"rank": 0.116, "score": 0.116, "mean": 0.116}, "73": {"rank": 0.118, "score": 0.117, "mean": 0.117}, "74": {"rank": 0.119, "score": 0.119, "mean": 0.119}, "75": {"rank": 0.121, "score": 0.12, "mean": 0.12}, "76": {"rank": 0.122, "score": 0.121, "mean": 0.122}, "77": {"rank": 0.124, "score": 0.123, "mean": 0.123}, "78": {"rank": 0.125, "score": 0.124, "mean": 0.125}, "79": {"rank": 0.127, "score": 0.126, "mean": 0.126}, "80": {"rank": 0.128, "score": 0.127, "mean": 0.127}, "81": {"rank": 0.13, "score": 0.128, "mean": 0.129}, "82": {"rank": 0.131, "score": 0.129, "mean": 0.13}, "83": {"rank": 0.132, "score": 0.131, "mean": 0.132}, "84": {"rank": 0.134, "score": 0.132, "mean": 0.133}, "85": {"rank": 0.135, "score": 0.134, "mean": 0.134}, "86": {"rank": 0.137, "score": 0.136, "mean": 0.136}, "87": {"rank": 0.138, "score": 0.137, "mean": 0.137}, "88": {"rank": 0.14, "score": 0.139, "mean": 0.139}, "89": {"rank": 0.141, "score": 0.14, "mean": 0.141}, "90": {"rank": 0.143, "score": 0.142, "mean": 0.142}, "91": {"rank": 0.144, "score": 0.143, "mean": 0.143}, "92": {"rank": 0.146, "score": 0.145, "mean": 0.145}, "93": {"rank": 0.147, "score": 0.146, "mean": 0.147}, "94": {"rank": 0.148, "score": 0.148, "mean": 0.148}, "95": {"rank": 0.15, "score": 0.149, "mean": 0.15}, "96": {"rank": 0.151, "score": 0.151, "mean": 0.151}, "97": {"rank": 0.153, "score": 0.152, "mean": 0.152}, "98": {"rank": 0.155, "score": 0.153, "mean": 0.154}, "99": {"rank": 0.156, "score": 0.155, "mean": 0.155}, "100": {"rank": 0.157, "score": 0.156, "mean": 0.156}, "101": {"rank": 0.158, "score": 0.157, "mean": 0.158}, "102": {"rank": 0.16, "score": 0.159, "mean": 0.159}, "103": {"rank": 0.162, "score": 0.16, "mean": 0.161}, "104": {"rank": 0.163, "score": 0.161, "mean": 0.162}, "105": {"rank": 0.164, "score": 0.163, "mean": 0.163}, "106": {"rank": 0.165, "score": 0.164, "mean": 0.165}, "107": {"rank": 0.167, "score": 0.166, "mean": 0.166}, "108": {"rank": 0.168, "score": 0.168, "mean": 0.168}, "109": {"rank": 0.17, "score": 0.169, "mean": 0.17}, "110": {"rank": 0.171, "score": 0.171, "mean": 0.171}, "111": {"rank": 0.172, "score": 0.172, "mean": 0.172}, "112": {"rank": 0.173, "score": 0.174, "mean": 0.173}, "113": {"rank": 0.175, "score": 0.175, "mean": 0.175}, "114": {"rank": 0.176, "score": 0.176, "mean": 0.176}, "115": {"rank": 0.177, "score": 0.177, "mean": 0.177}, "116": {"rank": 0.179, "score": 0.179, "mean": 0.179}, "117": {"rank": 0.18, "score": 0.181, "mean": 0.18}, "118": {"rank": 0.181, "score": 0.182, "mean": 0.182}, "119": {"rank": 0.182, "score": 0.183, "mean": 0.183}, "120": {"rank": 0.184, "score": 0.185, "mean": 0.185}, "121": {"rank": 0.185, "score": 0.186, "mean": 0.186}, "122": {"rank": 0.186, "score": 0.188, "mean": 0.187}, "123": {"rank": 0.188, "score": 0.189, "mean": 0.188}, "124": {"rank": 0.189, "score": 0.191, "mean": 0.19}, "125": {"rank": 0.19, "score": 0.192, "mean": 0.191}, "126": {"rank": 0.192, "score": 0.193, "mean": 0.192}, "127": {"rank": 0.193, "score": 0.194, "mean": 0.193}, "128": {"rank": 0.194, "score": 0.195, "mean": 0.195}, "129": {"rank": 0.195, "score": 0.197, "mean": 0.196}, "130": {"rank": 0.197, "score": 0.198, "mean": 0.197}, "131": {"rank": 0.198, "score": 0.199, "mean": 0.198}, "132": {"rank": 0.199, "score": 0.2, "mean": 0.2}, "133": {"rank": 0.201, "score": 0.201, "mean": 0.201}, "134": {"rank": 0.202, "score": 0.203, "mean": 0.202}, "135": {"rank": 0.203, "score": 0.204, "mean": 0.204}, "136": {"rank": 0.205, "score": 0.206, "mean": 0.205}, "137": {"rank": 0.206, "score": 0.207, "mean": 0.207}, "138": {"rank": 0.208, "score": 0.209, "mean": 0.208}, "139": {"rank": 0.209, "score": 0.21, "mean": 0.21}, "140": {"rank": 0.21, "score": 0.212, "mean": 0.211}, "141": {"rank": 0.212, "score": 0.213, "mean": 0.213}, "142": {"rank": 0.213, "score": 0.215, "mean": 0.214}, "143": {"rank": 0.214, "score": 0.216, "mean": 0.215}, "144": {"rank": 0.216, "score": 0.218, "mean": 0.217}, "145": {"rank": 0.217, "score": 0.219, "mean": 0.218}, "146": {"rank": 0.218, "score": 0.22, "mean": 0.219}, "147": {"rank": 0.219, "score": 0.221, "mean": 0.22}, "148": {"rank": 0.22, "score": 0.222, "mean": 0.221}, "149": {"rank": 0.221, "score": 0.223, "mean": 0.222}, "150": {"rank": 0.223, "score": 0.225, "mean": 0.224}, "151": {"rank": 0.224, "score": 0.226, "mean": 0.225}, "152": {"rank": 0.225, "score": 0.227, "mean": 0.226}, "153": {"rank": 0.226, "score": 0.229, "mean": 0.228}, "154": {"rank": 0.227, "score": 0.23, "mean": 0.229}, "155": {"rank": 0.228, "score": 0.231, "mean": 0.23}, "156": {"rank": 0.23, "score": 0.233, "mean": 0.232}, "157": {"rank": 0.231, "score": 0.234, "mean": 0.233}, "158": {"rank": 0.233, "score": 0.235, "mean": 0.234}, "159": {"rank": 0.234, "score": 0.237, "mean": 0.235}, "160": {"rank": 0.235, "score": 0.238, "mean": 0.237}, "161": {"rank": 0.237, "score": 0.239, "mean": 0.238}, "162": {"rank": 0.238, "score": 0.24, "mean": 0.239}, "163": {"rank": 0.239, "score": 0.241, "mean": 0.24}, "164": {"rank": 0.241, "score": 0.242, "mean": 0.242}, "165": {"rank": 0.242, "score": 0.244, "mean": 0.243}, "166": {"rank": 0.243, "score": 0.245, "mean": 0.244}, "167": {"rank": 0.244, "score": 0.246, "mean": 0.245}, "168": {"rank": 0.245, "score": 0.247, "mean": 0.246}, "169": {"rank": 0.247, "score": 0.249, "mean": 0.248}, "170": {"rank": 0.248, "score": 0.25, "mean": 0.249}, "171": {"rank": 0.249, "score": 0.251, "mean": 0.25}, "172": {"rank": 0.251, "score": 0.252, "mean": 0.251}, "173": {"rank": 0.252, "score": 0.253, "mean": 0.252}, "174": {"rank": 0.253, "score": 0.255, "mean": 0.254}, "175": {"rank": 0.254, "score": 0.256, "mean": 0.255}, "176": {"rank": 0.255, "score": 0.257, "mean": 0.256}, "177": {"rank": 0.256, "score": 0.258, "mean": 0.257}, "178": {"rank": 0.258, "score": 0.26, "mean": 0.259}, "179": {"rank": 0.259, "score": 0.262, "mean": 0.26}, "180": {"rank": 0.261, "score": 0.263, "mean": 0.262}, "181": {"rank": 0.262, "score": 0.264, "mean": 0.263}, "182": {"rank": 0.263, "score": 0.266, "mean": 0.264}, "183": {"rank": 0.264, "score": 0.267, "mean": 0.265}, "184": {"rank": 0.265, "score": 0.268, "mean": 0.267}, "185": {"rank": 0.266, "score": 0.269, "mean": 0.268}, "186": {"rank": 0.267, "score": 0.271, "mean": 0.269}, "187": {"rank": 0.268, "score": 0.272, "mean": 0.27}, "188": {"rank": 0.27, "score": 0.273, "mean": 0.271}, "189": {"rank": 0.271, "score": 0.274, "mean": 0.272}, "190": {"rank": 0.272, "score": 0.275, "mean": 0.274}, "191": {"rank": 0.273, "score": 0.276, "mean": 0.275}, "192": {"rank": 0.275, "score": 0.277, "mean": 0.276}, "193": {"rank": 0.276, "score": 0.278, "mean": 0.277}, "194": {"rank": 0.277, "score": 0.28, "mean": 0.278}, "195": {"rank": 0.278, "score": 0.281, "mean": 0.28}, "196": {"rank": 0.279, "score": 0.282, "mean": 0.281}, "197": {"rank": 0.28, "score": 0.284, "mean": 0.282}, "198": {"rank": 0.282, "score": 0.285, "mean": 0.284}, "199": {"rank": 0.283, "score": 0.286, "mean": 0.285}, "200": {"rank": 0.284, "score": 0.288, "mean": 0.286}, "201": {"rank": 0.285, "score": 0.289, "mean": 0.287}, "202": {"rank": 0.286, "score": 0.291, "mean": 0.288}, "203": {"rank": 0.288, "score": 0.292, "mean": 0.29}, "204": {"rank": 0.289, "score": 0.293, "mean": 0.291}, "205": {"rank": 0.29, "score": 0.294, "mean": 0.292}, "206": {"rank": 0.292, "score": 0.295, "mean": 0.293}, "207": {"rank": 0.293, "score": 0.296, "mean": 0.295}, "208": {"rank": 0.294, "score": 0.298, "mean": 0.296}, "209": {"rank": 0.296, "score": 0.299, "mean": 0.297}, "210": {"rank": 0.297, "score": 0.3, "mean": 0.299}, "211": {"rank": 0.298, "score": 0.302, "mean": 0.3}, "212": {"rank": 0.299, "score": 0.303, "mean": 0.301}, "213": {"rank": 0.3, "score": 0.304, "mean": 0.302}, "214": {"rank": 0.301, "score": 0.305, "mean": 0.303}, "215": {"rank": 0.303, "score": 0.307, "mean": 0.305}, "216": {"rank": 0.304, "score": 0.308, "mean": 0.306}, "217": {"rank": 0.305, "score": 0.31, "mean": 0.308}, "218": {"rank": 0.306, "score": 0.311, "mean": 0.309}, "219": {"rank": 0.308, "score": 0.313, "mean": 0.31}, "220": {"rank": 0.309, "score": 0.314, "mean": 0.311}, "221": {"rank": 0.31, "score": 0.315, "mean": 0.312}, "222": {"rank": 0.311, "score": 0.316, "mean": 0.314}, "223": {"rank": 0.313, "score": 0.317, "mean": 0.315}, "224": {"rank": 0.314, "score": 0.319, "mean": 0.316}, "225": {"rank": 0.315, "score": 0.32, "mean": 0.317}, "226": {"rank": 0.316, "score": 0.321, "mean": 0.318}, "227": {"rank": 0.318, "score": 0.322, "mean": 0.32}, "228": {"rank": 0.319, "score": 0.323, "mean": 0.321}, "229": {"rank": 0.32, "score": 0.324, "mean": 0.322}, "230": {"rank": 0.321, "score": 0.325, "mean": 0.323}, "231": {"rank": 0.323, "score": 0.327, "mean": 0.325}, "232": {"rank": 0.323, "score": 0.328, "mean": 0.326}, "233": {"rank": 0.325, "score": 0.33, "mean": 0.327}, "234": {"rank": 0.326, "score": 0.331, "mean": 0.328}, "235": {"rank": 0.327, "score": 0.332, "mean": 0.33}, "236": {"rank": 0.329, "score": 0.333, "mean": 0.331}, "237": {"rank": 0.33, "score": 0.334, "mean": 0.332}, "238": {"rank": 0.331, "score": 0.335, "mean": 0.333}, "239": {"rank": 0.332, "score": 0.337, "mean": 0.334}, "240": {"rank": 0.333, "score": 0.338, "mean": 0.335}, "241": {"rank": 0.334, "score": 0.339, "mean": 0.336}, "242": {"rank": 0.335, "score": 0.34, "mean": 0.337}, "243": {"rank": 0.336, "score": 0.341, "mean": 0.339}, "244": {"rank": 0.337, "score": 0.343, "mean": 0.34}, "245": {"rank": 0.339, "score": 0.344, "mean": 0.341}, "246": {"rank": 0.34, "score": 0.345, "mean": 0.342}, "247": {"rank": 0.341, "score": 0.346, "mean": 0.343}, "248": {"rank": 0.342, "score": 0.347, "mean": 0.345}, "249": {"rank": 0.344, "score": 0.348, "mean": 0.346}, "250": {"rank": 0.345, "score": 0.35, "mean": 0.347}, "251": {"rank": 0.346, "score": 0.351, "mean": 0.348}, "252": {"rank": 0.347, "score": 0.352, "mean": 0.349}, "253": {"rank": 0.348, "score": 0.353, "mean": 0.35}, "254": {"rank": 0.349, "score": 0.354, "mean": 0.352}, "255": {"rank": 0.351, "score": 0.355, "mean": 0.353}, "256": {"rank": 0.352, "score": 0.357, "mean": 0.354}, "257": {"rank": 0.353, "score": 0.358, "mean": 0.356}, "258": {"rank": 0.355, "score": 0.359, "mean": 0.357}, "259": {"rank": 0.356, "score": 0.36, "mean": 0.358}, "260": {"rank": 0.357, "score": 0.361, "mean": 0.359}, "261": {"rank": 0.358, "score": 0.362, "mean": 0.36}, "262": {"rank": 0.359, "score": 0.363, "mean": 0.361}, "263": {"rank": 0.36, "score": 0.364, "mean": 0.362}, "264": {"rank": 0.361, "score": 0.365, "mean": 0.363}, "265": {"rank": 0.362, "score": 0.366, "mean": 0.364}, "266": {"rank": 0.363, "score": 0.367, "mean": 0.365}, "267": {"rank": 0.365, "score": 0.369, "mean": 0.367}, "268": {"rank": 0.366, "score": 0.37, "mean": 0.368}, "269": {"rank": 0.367, "score": 0.371, "mean": 0.369}, "270": {"rank": 0.368, "score": 0.372, "mean": 0.37}, "271": {"rank": 0.37, "score": 0.373, "mean": 0.371}, "272": {"rank": 0.37, "score": 0.374, "mean": 0.372}, "273": {"rank": 0.372, "score": 0.375, "mean": 0.373}, "274": {"rank": 0.373, "score": 0.376, "mean": 0.374}, "275": {"rank": 0.374, "score": 0.377, "mean": 0.375}, "276": {"rank": 0.375, "score": 0.378, "mean": 0.376}, "277": {"rank": 0.376, "score": 0.379, "mean": 0.378}, "278": {"rank": 0.377, "score": 0.38, "mean": 0.379}, "279": {"rank": 0.378, "score": 0.381, "mean": 0.38}, "280": {"rank": 0.379, "score": 0.382, "mean": 0.381}, "281": {"rank": 0.381, "score": 0.384, "mean": 0.382}, "282": {"rank": 0.382, "score": 0.385, "mean": 0.383}, "283": {"rank": 0.383, "score": 0.386, "mean": 0.384}, "284": {"rank": 0.384, "score": 0.387, "mean": 0.386}, "285": {"rank": 0.385, "score": 0.388, "mean": 0.387}, "286": {"rank": 0.386, "score": 0.389, "mean": 0.388}, "287": {"rank": 0.387, "score": 0.39, "mean": 0.389}, "288": {"rank": 0.388, "score": 0.392, "mean": 0.39}, "289": {"rank": 0.389, "score": 0.393, "mean": 0.391}, "290": {"rank": 0.39, "score": 0.394, "mean": 0.392}, "291": {"rank": 0.392, "score": 0.395, "mean": 0.393}, "292": {"rank": 0.392, "score": 0.396, "mean": 0.394}, "293": {"rank": 0.393, "score": 0.397, "mean": 0.395}, "294": {"rank": 0.394, "score": 0.398, "mean": 0.396}, "295": {"rank": 0.395, "score": 0.399, "mean": 0.397}, "296": {"rank": 0.396, "score": 0.4, "mean": 0.398}, "297": {"rank": 0.397, "score": 0.401, "mean": 0.399}, "298": {"rank": 0.398, "score": 0.402, "mean": 0.4}, "299": {"rank": 0.399, "score": 0.403, "mean": 0.401}, "300": {"rank": 0.4, "score": 0.404, "mean": 0.402}, "301": {"rank": 0.401, "score": 0.405, "mean": 0.403}, "302": {"rank": 0.403, "score": 0.407, "mean": 0.405}, "303": {"rank": 0.404, "score": 0.408, "mean": 0.406}, "304": {"rank": 0.405, "score": 0.409, "mean": 0.407}, "305": {"rank": 0.406, "score": 0.41, "mean": 0.408}, "306": {"rank": 0.408, "score": 0.411, "mean": 0.41}, "307": {"rank": 0.409, "score": 0.413, "mean": 0.411}, "308": {"rank": 0.41, "score": 0.413, "mean": 0.411}, "309": {"rank": 0.41, "score": 0.414, "mean": 0.412}, "310": {"rank": 0.412, "score": 0.415, "mean": 0.414}, "311": {"rank": 0.413, "score": 0.416, "mean": 0.414}, "312": {"rank": 0.414, "score": 0.417, "mean": 0.416}, "313": {"rank": 0.415, "score": 0.418, "mean": 0.416}, "314": {"rank": 0.416, "score": 0.419, "mean": 0.418}, "315": {"rank": 0.417, "score": 0.42, "mean": 0.419}, "316": {"rank": 0.418, "score": 0.422, "mean": 0.42}, "317": {"rank": 0.419, "score": 0.423, "mean": 0.421}, "318": {"rank": 0.42, "score": 0.424, "mean": 0.422}, "319": {"rank": 0.421, "score": 0.425, "mean": 0.423}, "320": {"rank": 0.423, "score": 0.426, "mean": 0.424}, "321": {"rank": 0.424, "score": 0.427, "mean": 0.425}, "322": {"rank": 0.425, "score": 0.428, "mean": 0.427}, "323": {"rank": 0.426, "score": 0.43, "mean": 0.428}, "324": {"rank": 0.427, "score": 0.431, "mean": 0.429}, "325": {"rank": 0.428, "score": 0.432, "mean": 0.43}, "326": {"rank": 0.429, "score": 0.433, "mean": 0.431}, "327": {"rank": 0.43, "score": 0.434, "mean": 0.432}, "328": {"rank": 0.431, "score": 0.435, "mean": 0.433}, "329": {"rank": 0.432, "score": 0.436, "mean": 0.434}, "330": {"rank": 0.433, "score": 0.437, "mean": 0.435}, "331": {"rank": 0.434, "score": 0.438, "mean": 0.436}, "332": {"rank": 0.435, "score": 0.439, "mean": 0.437}, "333": {"rank": 0.436, "score": 0.44, "mean": 0.438}, "334": {"rank": 0.438, "score": 0.441, "mean": 0.439}, "335": {"rank": 0.439, "score": 0.443, "mean": 0.441}, "336": {"rank": 0.44, "score": 0.444, "mean": 0.442}, "337": {"rank": 0.441, "score": 0.445, "mean": 0.443}, "338": {"rank": 0.443, "score": 0.446, "mean": 0.444}, "339": {"rank": 0.444, "score": 0.447, "mean": 0.445}, "340": {"rank": 0.445, "score": 0.448, "mean": 0.446}, "341": {"rank": 0.446, "score": 0.449, "mean": 0.447}, "342": {"rank": 0.447, "score": 0.45, "mean": 0.448}, "343": {"rank": 0.448, "score": 0.451, "mean": 0.449}, "344": {"rank": 0.448, "score": 0.452, "mean": 0.45}, "345": {"rank": 0.45, "score": 0.453, "mean": 0.451}, "346": {"rank": 0.451, "score": 0.454, "mean": 0.452}, "347": {"rank": 0.452, "score": 0.455, "mean": 0.453}, "348": {"rank": 0.453, "score": 0.456, "mean": 0.455}, "349": {"rank": 0.454, "score": 0.457, "mean": 0.455}, "350": {"rank": 0.455, "score": 0.458, "mean": 0.456}, "351": {"rank": 0.456, "score": 0.459, "mean": 0.457}, "352": {"rank": 0.457, "score": 0.46, "mean": 0.458}, "353": {"rank": 0.458, "score": 0.461, "mean": 0.459}, "354": {"rank": 0.459, "score": 0.463, "mean": 0.461}, "355": {"rank": 0.46, "score": 0.464, "mean": 0.462}, "356": {"rank": 0.462, "score": 0.465, "mean": 0.463}, "357": {"rank": 0.463, "score": 0.466, "mean": 0.464}, "358": {"rank": 0.464, "score": 0.467, "mean": 0.465}, "359": {"rank": 0.465, "score": 0.468, "mean": 0.466}, "360": {"rank": 0.466, "score": 0.468, "mean": 0.467}, "361": {"rank": 0.467, "score": 0.47, "mean": 0.468}, "362": {"rank": 0.468, "score": 0.471, "mean": 0.469}, "363": {"rank": 0.469, "score": 0.472, "mean": 0.47}, "364": {"rank": 0.47, "score": 0.473, "mean": 0.472}, "365": {"rank": 0.472, "score": 0.474, "mean": 0.473}, "366": {"rank": 0.473, "score": 0.475, "mean": 0.474}, "367": {"rank": 0.474, "score": 0.476, "mean": 0.475}, "368": {"rank": 0.475, "score": 0.477, "mean": 0.476}, "369": {"rank": 0.476, "score": 0.478, "mean": 0.477}, "370": {"rank": 0.477, "score": 0.479, "mean": 0.478}, "371": {"rank": 0.477, "score": 0.48, "mean": 0.479}, "372": {"rank": 0.478, "score": 0.481, "mean": 0.48}, "373": {"rank": 0.479, "score": 0.482, "mean": 0.481}, "374": {"rank": 0.48, "score": 0.483, "mean": 0.482}, "375": {"rank": 0.481, "score": 0.484, "mean": 0.482}, "376": {"rank": 0.482, "score": 0.485, "mean": 0.483}, "377": {"rank": 0.483, "score": 0.486, "mean": 0.485}, "378": {"rank": 0.484, "score": 0.487, "mean": 0.486}, "379": {"rank": 0.485, "score": 0.488, "mean": 0.487}, "380": {"rank": 0.486, "score": 0.489, "mean": 0.488}, "381": {"rank": 0.488, "score": 0.49, "mean": 0.489}, "382": {"rank": 0.489, "score": 0.491, "mean": 0.49}, "383": {"rank": 0.49, "score": 0.492, "mean": 0.491}, "384": {"rank": 0.491, "score": 0.493, "mean": 0.492}, "385": {"rank": 0.491, "score": 0.494, "mean": 0.493}, "386": {"rank": 0.492, "score": 0.496, "mean": 0.494}, "387": {"rank": 0.493, "score": 0.496, "mean": 0.495}, "388": {"rank": 0.494, "score": 0.498, "mean": 0.496}, "389": {"rank": 0.495, "score": 0.499, "mean": 0.497}, "390": {"rank": 0.496, "score": 0.5, "mean": 0.498}, "391": {"rank": 0.497, "score": 0.501, "mean": 0.499}, "392": {"rank": 0.498, "score": 0.502, "mean": 0.5}, "393": {"rank": 0.499, "score": 0.503, "mean": 0.501}, "394": {"rank": 0.5, "score": 0.504, "mean": 0.502}, "395": {"rank": 0.501, "score": 0.505, "mean": 0.503}, "396": {"rank": 0.502, "score": 0.506, "mean": 0.504}, "397": {"rank": 0.503, "score": 0.507, "mean": 0.505}, "398": {"rank": 0.504, "score": 0.508, "mean": 0.506}, "399": {"rank": 0.505, "score": 0.509, "mean": 0.507}, "400": {"rank": 0.506, "score": 0.51, "mean": 0.508}, "401": {"rank": 0.507, "score": 0.511, "mean": 0.509}, "402": {"rank": 0.508, "score": 0.512, "mean": 0.51}, "403": {"rank": 0.509, "score": 0.513, "mean": 0.511}, "404": {"rank": 0.51, "score": 0.514, "mean": 0.512}, "405": {"rank": 0.511, "score": 0.515, "mean": 0.513}, "406": {"rank": 0.512, "score": 0.516, "mean": 0.514}, "407": {"rank": 0.513, "score": 0.517, "mean": 0.515}, "408": {"rank": 0.514, "score": 0.518, "mean": 0.516}, "409": {"rank": 0.516, "score": 0.519, "mean": 0.517}, "410": {"rank": 0.517, "score": 0.521, "mean": 0.519}, "411": {"rank": 0.517, "score": 0.522, "mean": 0.519}, "412": {"rank": 0.519, "score": 0.523, "mean": 0.521}, "413": {"rank": 0.52, "score": 0.524, "mean": 0.522}, "414": {"rank": 0.521, "score": 0.525, "mean": 0.523}, "415": {"rank": 0.521, "score": 0.526, "mean": 0.524}, "416": {"rank": 0.522, "score": 0.527, "mean": 0.524}, "417": {"rank": 0.523, "score": 0.528, "mean": 0.525}, "418": {"rank": 0.524, "score": 0.529, "mean": 0.526}, "419": {"rank": 0.525, "score": 0.529, "mean": 0.527}, "420": {"rank": 0.526, "score": 0.531, "mean": 0.528}, "421": {"rank": 0.527, "score": 0.531, "mean": 0.529}, "422": {"rank": 0.528, "score": 0.532, "mean": 0.53}, "423": {"rank": 0.53, "score": 0.533, "mean": 0.531}, "424": {"rank": 0.53, "score": 0.534, "mean": 0.532}, "425": {"rank": 0.532, "score": 0.536, "mean": 0.534}, "426": {"rank": 0.533, "score": 0.537, "mean": 0.535}, "427": {"rank": 0.534, "score": 0.538, "mean": 0.536}, "428": {"rank": 0.535, "score": 0.538, "mean": 0.537}, "429": {"rank": 0.536, "score": 0.54, "mean": 0.538}, "430": {"rank": 0.536, "score": 0.541, "mean": 0.539}, "431": {"rank": 0.537, "score": 0.542, "mean": 0.539}, "432": {"rank": 0.538, "score": 0.543, "mean": 0.541}, "433": {"rank": 0.539, "score": 0.544, "mean": 0.542}, "434": {"rank": 0.54, "score": 0.545, "mean": 0.543}, "435": {"rank": 0.542, "score": 0.546, "mean": 0.544}, "436": {"rank": 0.542, "score": 0.547, "mean": 0.545}, "437": {"rank": 0.544, "score": 0.548, "mean": 0.546}, "438": {"rank": 0.544, "score": 0.549, "mean": 0.547}, "439": {"rank": 0.545, "score": 0.55, "mean": 0.547}, "440": {"rank": 0.546, "score": 0.551, "mean": 0.548}, "441": {"rank": 0.547, "score": 0.552, "mean": 0.549}, "442": {"rank": 0.548, "score": 0.553, "mean": 0.55}, "443": {"rank": 0.549, "score": 0.554, "mean": 0.551}, "444": {"rank": 0.55, "score": 0.555, "mean": 0.552}, "445": {"rank": 0.551, "score": 0.556, "mean": 0.553}, "446": {"rank": 0.552, "score": 0.557, "mean": 0.554}, "447": {"rank": 0.553, "score": 0.558, "mean": 0.556}, "448": {"rank": 0.554, "score": 0.559, "mean": 0.556}, "449": {"rank": 0.555, "score": 0.56, "mean": 0.557}, "450": {"rank": 0.556, "score": 0.56, "mean": 0.558}, "451": {"rank": 0.557, "score": 0.561, "mean": 0.559}, "452": {"rank": 0.557, "score": 0.562, "mean": 0.56}, "453": {"rank": 0.558, "score": 0.563, "mean": 0.561}, "454": {"rank": 0.559, "score": 0.564, "mean": 0.562}, "455": {"rank": 0.56, "score": 0.565, "mean": 0.563}, "456": {"rank": 0.561, "score": 0.566, "mean": 0.564}, "457": {"rank": 0.562, "score": 0.567, "mean": 0.565}, "458": {"rank": 0.564, "score": 0.568, "mean": 0.566}, "459": {"rank": 0.565, "score": 0.569, "mean": 0.567}, "460": {"rank": 0.566, "score": 0.57, "mean": 0.568}, "461": {"rank": 0.567, "score": 0.571, "mean": 0.569}, "462": {"rank": 0.568, "score": 0.572, "mean": 0.57}, "463": {"rank": 0.568, "score": 0.574, "mean": 0.571}, "464": {"rank": 0.569, "score": 0.574, "mean": 0.572}, "465": {"rank": 0.57, "score": 0.575, "mean": 0.573}, "466": {"rank": 0.571, "score": 0.577, "mean": 0.574}, "467": {"rank": 0.572, "score": 0.577, "mean": 0.575}, "468": {"rank": 0.573, "score": 0.578, "mean": 0.576}, "469": {"rank": 0.574, "score": 0.579, "mean": 0.576}, "470": {"rank": 0.575, "score": 0.58, "mean": 0.577}, "471": {"rank": 0.575, "score": 0.581, "mean": 0.578}, "472": {"rank": 0.576, "score": 0.582, "mean": 0.579}, "473": {"rank": 0.578, "score": 0.583, "mean": 0.58}, "474": {"rank": 0.579, "score": 0.584, "mean": 0.581}, "475": {"rank": 0.579, "score": 0.585, "mean": 0.582}, "476": {"rank": 0.581, "score": 0.586, "mean": 0.583}, "477": {"rank": 0.582, "score": 0.587, "mean": 0.584}, "478": {"rank": 0.583, "score": 0.588, "mean": 0.585}, "479": {"rank": 0.584, "score": 0.589, "mean": 0.586}, "480": {"rank": 0.585, "score": 0.59, "mean": 0.587}, "481": {"rank": 0.586, "score": 0.591, "mean": 0.588}, "482": {"rank": 0.587, "score": 0.592, "mean": 0.589}, "483": {"rank": 0.588, "score": 0.593, "mean": 0.59}, "484": {"rank": 0.588, "score": 0.594, "mean": 0.591}, "485": {"rank": 0.589, "score": 0.595, "mean": 0.592}, "486": {"rank": 0.591, "score": 0.596, "mean": 0.593}, "487": {"rank": 0.592, "score": 0.597, "mean": 0.594}, "488": {"rank": 0.593, "score": 0.598, "mean": 0.596}, "489": {"rank": 0.595, "score": 0.599, "mean": 0.597}, "490": {"rank": 0.596, "score": 0.6, "mean": 0.598}, "491": {"rank": 0.597, "score": 0.601, "mean": 0.599}, "492": {"rank": 0.598, "score": 0.602, "mean": 0.6}, "493": {"rank": 0.599, "score": 0.603, "mean": 0.601}, "494": {"rank": 0.6, "score": 0.604, "mean": 0.602}, "495": {"rank": 0.6, "score": 0.605, "mean": 0.603}, "496": {"rank": 0.601, "score": 0.606, "mean": 0.604}, "497": {"rank": 0.602, "score": 0.607, "mean": 0.605}, "498": {"rank": 0.603, "score": 0.608, "mean": 0.606}, "499": {"rank": 0.605, "score": 0.609, "mean": 0.607}, "500": {"rank": 0.606, "score": 0.611, "mean": 0.608}, "501": {"rank": 0.607, "score": 0.612, "mean": 0.609}, "502": {"rank": 0.607, "score": 0.612, "mean": 0.61}, "503": {"rank": 0.608, "score": 0.613, "mean": 0.611}, "504": {"rank": 0.609, "score": 0.614, "mean": 0.612}, "505": {"rank": 0.611, "score": 0.616, "mean": 0.613}, "506": {"rank": 0.612, "score": 0.617, "mean": 0.614}, "507": {"rank": 0.612, "score": 0.617, "mean": 0.615}, "508": {"rank": 0.614, "score": 0.619, "mean": 0.616}, "509": {"rank": 0.614, "score": 0.62, "mean": 0.617}, "510": {"rank": 0.615, "score": 0.62, "mean": 0.618}, "511": {"rank": 0.616, "score": 0.621, "mean": 0.619}, "512": {"rank": 0.617, "score": 0.622, "mean": 0.62}, "513": {"rank": 0.618, "score": 0.623, "mean": 0.62}, "514": {"rank": 0.619, "score": 0.624, "mean": 0.622}, "515": {"rank": 0.62, "score": 0.625, "mean": 0.623}, "516": {"rank": 0.621, "score": 0.626, "mean": 0.624}, "517": {"rank": 0.622, "score": 0.627, "mean": 0.624}, "518": {"rank": 0.622, "score": 0.628, "mean": 0.625}, "519": {"rank": 0.623, "score": 0.629, "mean": 0.626}, "520": {"rank": 0.624, "score": 0.63, "mean": 0.627}, "521": {"rank": 0.625, "score": 0.63, "mean": 0.628}, "522": {"rank": 0.626, "score": 0.632, "mean": 0.629}, "523": {"rank": 0.627, "score": 0.633, "mean": 0.63}, "524": {"rank": 0.628, "score": 0.634, "mean": 0.631}, "525": {"rank": 0.629, "score": 0.635, "mean": 0.632}, "526": {"rank": 0.629, "score": 0.635, "mean": 0.632}, "527": {"rank": 0.631, "score": 0.636, "mean": 0.633}, "528": {"rank": 0.632, "score": 0.637, "mean": 0.634}, "529": {"rank": 0.633, "score": 0.638, "mean": 0.635}, "530": {"rank": 0.634, "score": 0.639, "mean": 0.636}, "531": {"rank": 0.634, "score": 0.639, "mean": 0.637}, "532": {"rank": 0.635, "score": 0.64, "mean": 0.638}, "533": {"rank": 0.636, "score": 0.641, "mean": 0.639}, "534": {"rank": 0.637, "score": 0.642, "mean": 0.64}, "535": {"rank": 0.638, "score": 0.643, "mean": 0.641}, "536": {"rank": 0.639, "score": 0.644, "mean": 0.642}, "537": {"rank": 0.64, "score": 0.645, "mean": 0.643}, "538": {"rank": 0.641, "score": 0.646, "mean": 0.643}, "539": {"rank": 0.641, "score": 0.647, "mean": 0.644}, "540": {"rank": 0.642, "score": 0.648, "mean": 0.645}, "541": {"rank": 0.643, "score": 0.649, "mean": 0.646}, "542": {"rank": 0.644, "score": 0.65, "mean": 0.647}, "543": {"rank": 0.644, "score": 0.65, "mean": 0.647}, "544": {"rank": 0.645, "score": 0.651, "mean": 0.648}, "545": {"rank": 0.646, "score": 0.652, "mean": 0.649}, "546": {"rank": 0.647, "score": 0.653, "mean": 0.65}, "547": {"rank": 0.648, "score": 0.654, "mean": 0.651}, "548": {"rank": 0.649, "score": 0.655, "mean": 0.652}, "549": {"rank": 0.65, "score": 0.656, "mean": 0.653}, "550": {"rank": 0.651, "score": 0.656, "mean": 0.654}, "551": {"rank": 0.651, "score": 0.657, "mean": 0.654}, "552": {"rank": 0.652, "score": 0.659, "mean": 0.655}, "553": {"rank": 0.653, "score": 0.66, "mean": 0.656}, "554": {"rank": 0.654, "score": 0.661, "mean": 0.657}, "555": {"rank": 0.655, "score": 0.662, "mean": 0.658}, "556": {"rank": 0.656, "score": 0.662, "mean": 0.659}, "557": {"rank": 0.657, "score": 0.664, "mean": 0.66}, "558": {"rank": 0.658, "score": 0.665, "mean": 0.661}, "559": {"rank": 0.659, "score": 0.665, "mean": 0.662}, "560": {"rank": 0.66, "score": 0.667, "mean": 0.663}, "561": {"rank": 0.66, "score": 0.667, "mean": 0.664}, "562": {"rank": 0.661, "score": 0.668, "mean": 0.665}, "563": {"rank": 0.662, "score": 0.669, "mean": 0.666}, "564": {"rank": 0.663, "score": 0.67, "mean": 0.667}, "565": {"rank": 0.664, "score": 0.671, "mean": 0.668}, "566": {"rank": 0.665, "score": 0.672, "mean": 0.668}, "567": {"rank": 0.666, "score": 0.673, "mean": 0.669}, "568": {"rank": 0.667, "score": 0.674, "mean": 0.67}, "569": {"rank": 0.668, "score": 0.675, "mean": 0.671}, "570": {"rank": 0.669, "score": 0.676, "mean": 0.672}, "571": {"rank": 0.67, "score": 0.677, "mean": 0.673}, "572": {"rank": 0.671, "score": 0.677, "mean": 0.674}, "573": {"rank": 0.672, "score": 0.678, "mean": 0.675}, "574": {"rank": 0.673, "score": 0.679, "mean": 0.676}, "575": {"rank": 0.674, "score": 0.68, "mean": 0.677}, "576": {"rank": 0.675, "score": 0.681, "mean": 0.678}, "577": {"rank": 0.676, "score": 0.682, "mean": 0.679}, "578": {"rank": 0.676, "score": 0.683, "mean": 0.68}, "579": {"rank": 0.678, "score": 0.683, "mean": 0.681}, "580": {"rank": 0.678, "score": 0.684, "mean": 0.681}, "581": {"rank": 0.679, "score": 0.685, "mean": 0.682}, "582": {"rank": 0.68, "score": 0.686, "mean": 0.683}, "583": {"rank": 0.681, "score": 0.687, "mean": 0.684}, "584": {"rank": 0.682, "score": 0.688, "mean": 0.685}, "585": {"rank": 0.683, "score": 0.688, "mean": 0.686}, "586": {"rank": 0.684, "score": 0.689, "mean": 0.686}, "587": {"rank": 0.684, "score": 0.69, "mean": 0.687}, "588": {"rank": 0.685, "score": 0.691, "mean": 0.688}, "589": {"rank": 0.686, "score": 0.692, "mean": 0.689}, "590": {"rank": 0.687, "score": 0.693, "mean": 0.69}, "591": {"rank": 0.688, "score": 0.694, "mean": 0.691}, "592": {"rank": 0.689, "score": 0.695, "mean": 0.692}, "593": {"rank": 0.69, "score": 0.696, "mean": 0.693}, "594": {"rank": 0.691, "score": 0.697, "mean": 0.694}, "595": {"rank": 0.692, "score": 0.698, "mean": 0.695}, "596": {"rank": 0.693, "score": 0.699, "mean": 0.696}, "597": {"rank": 0.694, "score": 0.7, "mean": 0.697}, "598": {"rank": 0.694, "score": 0.7, "mean": 0.697}, "599": {"rank": 0.695, "score": 0.701, "mean": 0.698}, "600": {"rank": 0.696, "score": 0.702, "mean": 0.699}, "601": {"rank": 0.697, "score": 0.703, "mean": 0.7}, "602": {"rank": 0.698, "score": 0.704, "mean": 0.701}, "603": {"rank": 0.699, "score": 0.705, "mean": 0.702}, "604": {"rank": 0.699, "score": 0.706, "mean": 0.703}, "605": {"rank": 0.7, "score": 0.707, "mean": 0.703}, "606": {"rank": 0.702, "score": 0.708, "mean": 0.705}, "607": {"rank": 0.702, "score": 0.709, "mean": 0.705}, "608": {"rank": 0.703, "score": 0.709, "mean": 0.706}, "609": {"rank": 0.703, "score": 0.71, "mean": 0.707}, "610": {"rank": 0.704, "score": 0.711, "mean": 0.707}, "611": {"rank": 0.705, "score": 0.712, "mean": 0.708}, "612": {"rank": 0.706, "score": 0.712, "mean": 0.709}, "613": {"rank": 0.707, "score": 0.713, "mean": 0.71}, "614": {"rank": 0.708, "score": 0.714, "mean": 0.711}, "615": {"rank": 0.708, "score": 0.715, "mean": 0.712}, "616": {"rank": 0.71, "score": 0.716, "mean": 0.713}, "617": {"rank": 0.711, "score": 0.716, "mean": 0.714}, "618": {"rank": 0.711, "score": 0.717, "mean": 0.714}, "619": {"rank": 0.712, "score": 0.718, "mean": 0.715}, "620": {"rank": 0.713, "score": 0.719, "mean": 0.716}, "621": {"rank": 0.714, "score": 0.719, "mean": 0.717}, "622": {"rank": 0.715, "score": 0.72, "mean": 0.717}, "623": {"rank": 0.716, "score": 0.721, "mean": 0.718}, "624": {"rank": 0.717, "score": 0.722, "mean": 0.719}, "625": {"rank": 0.718, "score": 0.723, "mean": 0.72}, "626": {"rank": 0.718, "score": 0.724, "mean": 0.721}, "627": {"rank": 0.719, "score": 0.725, "mean": 0.722}, "628": {"rank": 0.72, "score": 0.726, "mean": 0.723}, "629": {"rank": 0.721, "score": 0.726, "mean": 0.724}, "630": {"rank": 0.722, "score": 0.727, "mean": 0.724}, "631": {"rank": 0.723, "score": 0.728, "mean": 0.725}, "632": {"rank": 0.724, "score": 0.729, "mean": 0.726}, "633": {"rank": 0.724, "score": 0.73, "mean": 0.727}, "634": {"rank": 0.725, "score": 0.731, "mean": 0.728}, "635": {"rank": 0.726, "score": 0.731, "mean": 0.729}, "636": {"rank": 0.727, "score": 0.732, "mean": 0.729}, "637": {"rank": 0.728, "score": 0.733, "mean": 0.73}, "638": {"rank": 0.729, "score": 0.734, "mean": 0.731}, "639": {"rank": 0.729, "score": 0.735, "mean": 0.732}, "640": {"rank": 0.73, "score": 0.736, "mean": 0.733}, "641": {"rank": 0.731, "score": 0.737, "mean": 0.734}, "642": {"rank": 0.732, "score": 0.738, "mean": 0.735}, "643": {"rank": 0.732, "score": 0.738, "mean": 0.735}, "644": {"rank": 0.733, "score": 0.739, "mean": 0.736}, "645": {"rank": 0.734, "score": 0.74, "mean": 0.737}, "646": {"rank": 0.735, "score": 0.74, "mean": 0.738}, "647": {"rank": 0.736, "score": 0.742, "mean": 0.739}, "648": {"rank": 0.736, "score": 0.743, "mean": 0.74}, "649": {"rank": 0.737, "score": 0.744, "mean": 0.741}, "650": {"rank": 0.738, "score": 0.745, "mean": 0.742}, "651": {"rank": 0.739, "score": 0.746, "mean": 0.743}, "652": {"rank": 0.74, "score": 0.747, "mean": 0.743}, "653": {"rank": 0.741, "score": 0.748, "mean": 0.744}, "654": {"rank": 0.742, "score": 0.749, "mean": 0.745}, "655": {"rank": 0.743, "score": 0.749, "mean": 0.746}, "656": {"rank": 0.743, "score": 0.75, "mean": 0.747}, "657": {"rank": 0.744, "score": 0.751, "mean": 0.748}, "658": {"rank": 0.745, "score": 0.752, "mean": 0.748}, "659": {"rank": 0.747, "score": 0.753, "mean": 0.75}, "660": {"rank": 0.748, "score": 0.754, "mean": 0.751}, "661": {"rank": 0.748, "score": 0.755, "mean": 0.751}, "662": {"rank": 0.749, "score": 0.756, "mean": 0.752}, "663": {"rank": 0.75, "score": 0.756, "mean": 0.753}, "664": {"rank": 0.751, "score": 0.757, "mean": 0.754}, "665": {"rank": 0.752, "score": 0.758, "mean": 0.755}, "666": {"rank": 0.753, "score": 0.759, "mean": 0.756}, "667": {"rank": 0.753, "score": 0.76, "mean": 0.757}, "668": {"rank": 0.754, "score": 0.761, "mean": 0.758}, "669": {"rank": 0.755, "score": 0.762, "mean": 0.758}, "670": {"rank": 0.756, "score": 0.763, "mean": 0.759}, "671": {"rank": 0.757, "score": 0.763, "mean": 0.76}, "672": {"rank": 0.757, "score": 0.765, "mean": 0.761}, "673": {"rank": 0.758, "score": 0.765, "mean": 0.762}, "674": {"rank": 0.758, "score": 0.766, "mean": 0.762}, "675": {"rank": 0.759, "score": 0.767, "mean": 0.763}, "676": {"rank": 0.76, "score": 0.767, "mean": 0.764}, "677": {"rank": 0.761, "score": 0.768, "mean": 0.765}, "678": {"rank": 0.762, "score": 0.769, "mean": 0.766}, "679": {"rank": 0.763, "score": 0.77, "mean": 0.767}, "680": {"rank": 0.764, "score": 0.771, "mean": 0.767}, "681": {"rank": 0.765, "score": 0.772, "mean": 0.768}, "682": {"rank": 0.766, "score": 0.773, "mean": 0.77}, "683": {"rank": 0.767, "score": 0.773, "mean": 0.77}, "684": {"rank": 0.768, "score": 0.774, "mean": 0.771}, "685": {"rank": 0.769, "score": 0.775, "mean": 0.772}, "686": {"rank": 0.77, "score": 0.776, "mean": 0.773}, "687": {"rank": 0.77, "score": 0.777, "mean": 0.773}, "688": {"rank": 0.771, "score": 0.778, "mean": 0.774}, "689": {"rank": 0.772, "score": 0.779, "mean": 0.775}, "690": {"rank": 0.773, "score": 0.779, "mean": 0.776}, "691": {"rank": 0.773, "score": 0.78, "mean": 0.777}, "692": {"rank": 0.775, "score": 0.781, "mean": 0.778}, "693": {"rank": 0.776, "score": 0.782, "mean": 0.779}, "694": {"rank": 0.776, "score": 0.783, "mean": 0.78}, "695": {"rank": 0.777, "score": 0.784, "mean": 0.781}, "696": {"rank": 0.778, "score": 0.785, "mean": 0.782}, "697": {"rank": 0.779, "score": 0.786, "mean": 0.782}, "698": {"rank": 0.779, "score": 0.786, "mean": 0.783}, "699": {"rank": 0.78, "score": 0.787, "mean": 0.784}, "700": {"rank": 0.781, "score": 0.788, "mean": 0.784}, "701": {"rank": 0.782, "score": 0.789, "mean": 0.785}, "702": {"rank": 0.783, "score": 0.789, "mean": 0.786}, "703": {"rank": 0.784, "score": 0.79, "mean": 0.787}, "704": {"rank": 0.785, "score": 0.791, "mean": 0.788}, "705": {"rank": 0.786, "score": 0.792, "mean": 0.789}, "706": {"rank": 0.787, "score": 0.792, "mean": 0.79}, "707": {"rank": 0.788, "score": 0.793, "mean": 0.79}, "708": {"rank": 0.788, "score": 0.794, "mean": 0.791}, "709": {"rank": 0.789, "score": 0.795, "mean": 0.792}, "710": {"rank": 0.79, "score": 0.796, "mean": 0.793}, "711": {"rank": 0.791, "score": 0.797, "mean": 0.794}, "712": {"rank": 0.792, "score": 0.797, "mean": 0.795}, "713": {"rank": 0.793, "score": 0.798, "mean": 0.795}, "714": {"rank": 0.793, "score": 0.799, "mean": 0.796}, "715": {"rank": 0.794, "score": 0.8, "mean": 0.797}, "716": {"rank": 0.795, "score": 0.801, "mean": 0.798}, "717": {"rank": 0.796, "score": 0.801, "mean": 0.799}, "718": {"rank": 0.796, "score": 0.802, "mean": 0.799}, "719": {"rank": 0.797, "score": 0.803, "mean": 0.8}, "720": {"rank": 0.798, "score": 0.804, "mean": 0.801}, "721": {"rank": 0.799, "score": 0.805, "mean": 0.802}, "722": {"rank": 0.8, "score": 0.805, "mean": 0.802}, "723": {"rank": 0.8, "score": 0.806, "mean": 0.803}, "724": {"rank": 0.801, "score": 0.807, "mean": 0.804}, "725": {"rank": 0.802, "score": 0.808, "mean": 0.805}, "726": {"rank": 0.803, "score": 0.809, "mean": 0.806}, "727": {"rank": 0.804, "score": 0.81, "mean": 0.807}, "728": {"rank": 0.804, "score": 0.81, "mean": 0.807}, "729": {"rank": 0.805, "score": 0.811, "mean": 0.808}, "730": {"rank": 0.806, "score": 0.812, "mean": 0.809}, "731": {"rank": 0.807, "score": 0.813, "mean": 0.81}, "732": {"rank": 0.807, "score": 0.813, "mean": 0.81}, "733": {"rank": 0.808, "score": 0.814, "mean": 0.811}, "734": {"rank": 0.809, "score": 0.815, "mean": 0.812}, "735": {"rank": 0.81, "score": 0.816, "mean": 0.813}, "736": {"rank": 0.81, "score": 0.817, "mean": 0.814}, "737": {"rank": 0.811, "score": 0.817, "mean": 0.814}, "738": {"rank": 0.812, "score": 0.818, "mean": 0.815}, "739": {"rank": 0.813, "score": 0.819, "mean": 0.816}, "740": {"rank": 0.814, "score": 0.82, "mean": 0.817}, "741": {"rank": 0.814, "score": 0.82, "mean": 0.817}, "742": {"rank": 0.815, "score": 0.821, "mean": 0.818}, "743": {"rank": 0.815, "score": 0.822, "mean": 0.818}, "744": {"rank": 0.816, "score": 0.822, "mean": 0.819}, "745": {"rank": 0.817, "score": 0.823, "mean": 0.82}, "746": {"rank": 0.817, "score": 0.824, "mean": 0.821}, "747": {"rank": 0.818, "score": 0.825, "mean": 0.821}, "748": {"rank": 0.819, "score": 0.825, "mean": 0.822}, "749": {"rank": 0.82, "score": 0.826, "mean": 0.823}, "750": {"rank": 0.821, "score": 0.827, "mean": 0.824}, "751": {"rank": 0.821, "score": 0.828, "mean": 0.824}, "752": {"rank": 0.822, "score": 0.828, "mean": 0.825}, "753": {"rank": 0.823, "score": 0.829, "mean": 0.826}, "754": {"rank": 0.824, "score": 0.83, "mean": 0.827}, "755": {"rank": 0.825, "score": 0.831, "mean": 0.828}, "756": {"rank": 0.826, "score": 0.832, "mean": 0.829}, "757": {"rank": 0.827, "score": 0.833, "mean": 0.83}, "758": {"rank": 0.827, "score": 0.834, "mean": 0.831}, "759": {"rank": 0.828, "score": 0.835, "mean": 0.831}, "760": {"rank": 0.829, "score": 0.835, "mean": 0.832}, "761": {"rank": 0.83, "score": 0.836, "mean": 0.833}, "762": {"rank": 0.831, "score": 0.837, "mean": 0.834}, "763": {"rank": 0.832, "score": 0.838, "mean": 0.835}, "764": {"rank": 0.833, "score": 0.838, "mean": 0.835}, "765": {"rank": 0.833, "score": 0.839, "mean": 0.836}, "766": {"rank": 0.834, "score": 0.84, "mean": 0.837}, "767": {"rank": 0.835, "score": 0.841, "mean": 0.838}, "768": {"rank": 0.836, "score": 0.842, "mean": 0.839}, "769": {"rank": 0.837, "score": 0.842, "mean": 0.839}, "770": {"rank": 0.838, "score": 0.843, "mean": 0.84}, "771": {"rank": 0.838, "score": 0.844, "mean": 0.841}, "772": {"rank": 0.839, "score": 0.845, "mean": 0.842}, "773": {"rank": 0.84, "score": 0.846, "mean": 0.843}, "774": {"rank": 0.84, "score": 0.847, "mean": 0.843}, "775": {"rank": 0.841, "score": 0.847, "mean": 0.844}, "776": {"rank": 0.841, "score": 0.848, "mean": 0.845}, "777": {"rank": 0.843, "score": 0.849, "mean": 0.846}, "778": {"rank": 0.843, "score": 0.85, "mean": 0.846}, "779": {"rank": 0.844, "score": 0.85, "mean": 0.847}, "780": {"rank": 0.845, "score": 0.851, "mean": 0.848}, "781": {"rank": 0.846, "score": 0.852, "mean": 0.849}, "782": {"rank": 0.846, "score": 0.853, "mean": 0.849}, "783": {"rank": 0.847, "score": 0.853, "mean": 0.85}, "784": {"rank": 0.848, "score": 0.854, "mean": 0.851}, "785": {"rank": 0.848, "score": 0.855, "mean": 0.852}, "786": {"rank": 0.849, "score": 0.856, "mean": 0.853}, "787": {"rank": 0.85, "score": 0.857, "mean": 0.853}, "788": {"rank": 0.851, "score": 0.858, "mean": 0.854}, "789": {"rank": 0.851, "score": 0.858, "mean": 0.855}, "790": {"rank": 0.852, "score": 0.859, "mean": 0.855}, "791": {"rank": 0.853, "score": 0.86, "mean": 0.856}, "792": {"rank": 0.853, "score": 0.861, "mean": 0.857}, "793": {"rank": 0.854, "score": 0.862, "mean": 0.858}, "794": {"rank": 0.855, "score": 0.863, "mean": 0.859}, "795": {"rank": 0.856, "score": 0.863, "mean": 0.86}, "796": {"rank": 0.856, "score": 0.864, "mean": 0.86}, "797": {"rank": 0.857, "score": 0.865, "mean": 0.861}, "798": {"rank": 0.858, "score": 0.866, "mean": 0.862}, "799": {"rank": 0.859, "score": 0.866, "mean": 0.863}, "800": {"rank": 0.86, "score": 0.867, "mean": 0.864}, "801": {"rank": 0.861, "score": 0.868, "mean": 0.864}, "802": {"rank": 0.862, "score": 0.869, "mean": 0.865}, "803": {"rank": 0.863, "score": 0.87, "mean": 0.866}, "804": {"rank": 0.863, "score": 0.87, "mean": 0.867}, "805": {"rank": 0.864, "score": 0.871, "mean": 0.868}, "806": {"rank": 0.865, "score": 0.872, "mean": 0.868}, "807": {"rank": 0.865, "score": 0.873, "mean": 0.869}, "808": {"rank": 0.866, "score": 0.873, "mean": 0.87}, "809": {"rank": 0.867, "score": 0.874, "mean": 0.87}, "810": {"rank": 0.868, "score": 0.874, "mean": 0.871}, "811": {"rank": 0.868, "score": 0.875, "mean": 0.872}, "812": {"rank": 0.869, "score": 0.876, "mean": 0.872}, "813": {"rank": 0.87, "score": 0.877, "mean": 0.873}, "814": {"rank": 0.871, "score": 0.877, "mean": 0.874}, "815": {"rank": 0.871, "score": 0.878, "mean": 0.875}, "816": {"rank": 0.872, "score": 0.878, "mean": 0.875}, "817": {"rank": 0.873, "score": 0.879, "mean": 0.876}, "818": {"rank": 0.873, "score": 0.88, "mean": 0.877}, "819": {"rank": 0.874, "score": 0.881, "mean": 0.877}, "820": {"rank": 0.875, "score": 0.881, "mean": 0.878}, "821": {"rank": 0.876, "score": 0.882, "mean": 0.879}, "822": {"rank": 0.876, "score": 0.883, "mean": 0.88}, "823": {"rank": 0.877, "score": 0.884, "mean": 0.881}, "824": {"rank": 0.878, "score": 0.885, "mean": 0.881}, "825": {"rank": 0.879, "score": 0.886, "mean": 0.882}, "826": {"rank": 0.88, "score": 0.886, "mean": 0.883}, "827": {"rank": 0.881, "score": 0.887, "mean": 0.884}, "828": {"rank": 0.881, "score": 0.888, "mean": 0.885}, "829": {"rank": 0.882, "score": 0.889, "mean": 0.886}, "830": {"rank": 0.883, "score": 0.89, "mean": 0.886}, "831": {"rank": 0.884, "score": 0.89, "mean": 0.887}, "832": {"rank": 0.884, "score": 0.891, "mean": 0.888}, "833": {"rank": 0.885, "score": 0.891, "mean": 0.888}, "834": {"rank": 0.886, "score": 0.892, "mean": 0.889}, "835": {"rank": 0.886, "score": 0.892, "mean": 0.889}, "836": {"rank": 0.887, "score": 0.893, "mean": 0.89}, "837": {"rank": 0.888, "score": 0.894, "mean": 0.891}, "838": {"rank": 0.888, "score": 0.895, "mean": 0.891}, "839": {"rank": 0.889, "score": 0.896, "mean": 0.892}, "840": {"rank": 0.89, "score": 0.896, "mean": 0.893}, "841": {"rank": 0.89, "score": 0.897, "mean": 0.894}, "842": {"rank": 0.891, "score": 0.898, "mean": 0.895}, "843": {"rank": 0.892, "score": 0.898, "mean": 0.895}, "844": {"rank": 0.893, "score": 0.899, "mean": 0.896}, "845": {"rank": 0.893, "score": 0.9, "mean": 0.896}, "846": {"rank": 0.894, "score": 0.9, "mean": 0.897}, "847": {"rank": 0.894, "score": 0.901, "mean": 0.898}, "848": {"rank": 0.895, "score": 0.902, "mean": 0.898}, "849": {"rank": 0.896, "score": 0.902, "mean": 0.899}, "850": {"rank": 0.896, "score": 0.903, "mean": 0.9}, "851": {"rank": 0.897, "score": 0.904, "mean": 0.901}, "852": {"rank": 0.898, "score": 0.904, "mean": 0.901}, "853": {"rank": 0.899, "score": 0.905, "mean": 0.902}, "854": {"rank": 0.899, "score": 0.906, "mean": 0.903}, "855": {"rank": 0.9, "score": 0.907, "mean": 0.903}, "856": {"rank": 0.901, "score": 0.907, "mean": 0.904}, "857": {"rank": 0.902, "score": 0.908, "mean": 0.905}, "858": {"rank": 0.903, "score": 0.909, "mean": 0.906}, "859": {"rank": 0.904, "score": 0.91, "mean": 0.907}, "860": {"rank": 0.905, "score": 0.911, "mean": 0.908}, "861": {"rank": 0.905, "score": 0.911, "mean": 0.908}, "862": {"rank": 0.906, "score": 0.912, "mean": 0.909}, "863": {"rank": 0.906, "score": 0.913, "mean": 0.91}, "864": {"rank": 0.907, "score": 0.914, "mean": 0.91}, "865": {"rank": 0.908, "score": 0.914, "mean": 0.911}, "866": {"rank": 0.909, "score": 0.915, "mean": 0.912}, "867": {"rank": 0.91, "score": 0.916, "mean": 0.913}, "868": {"rank": 0.911, "score": 0.916, "mean": 0.913}, "869": {"rank": 0.912, "score": 0.917, "mean": 0.914}, "870": {"rank": 0.912, "score": 0.918, "mean": 0.915}, "871": {"rank": 0.913, "score": 0.919, "mean": 0.916}, "872": {"rank": 0.914, "score": 0.919, "mean": 0.917}, "873": {"rank": 0.915, "score": 0.92, "mean": 0.917}, "874": {"rank": 0.915, "score": 0.921, "mean": 0.918}, "875": {"rank": 0.916, "score": 0.921, "mean": 0.919}, "876": {"rank": 0.917, "score": 0.922, "mean": 0.919}, "877": {"rank": 0.917, "score": 0.923, "mean": 0.92}, "878": {"rank": 0.918, "score": 0.924, "mean": 0.921}, "879": {"rank": 0.919, "score": 0.924, "mean": 0.922}, "880": {"rank": 0.92, "score": 0.925, "mean": 0.922}, "881": {"rank": 0.92, "score": 0.926, "mean": 0.923}, "882": {"rank": 0.921, "score": 0.926, "mean": 0.924}, "883": {"rank": 0.922, "score": 0.927, "mean": 0.924}, "884": {"rank": 0.922, "score": 0.928, "mean": 0.925}, "885": {"rank": 0.923, "score": 0.928, "mean": 0.926}, "886": {"rank": 0.924, "score": 0.929, "mean": 0.926}, "887": {"rank": 0.924, "score": 0.93, "mean": 0.927}, "888": {"rank": 0.926, "score": 0.931, "mean": 0.928}, "889": {"rank": 0.926, "score": 0.932, "mean": 0.929}, "890": {"rank": 0.927, "score": 0.932, "mean": 0.93}, "891": {"rank": 0.928, "score": 0.933, "mean": 0.93}, "892": {"rank": 0.929, "score": 0.934, "mean": 0.931}, "893": {"rank": 0.929, "score": 0.934, "mean": 0.932}, "894": {"rank": 0.93, "score": 0.935, "mean": 0.932}, "895": {"rank": 0.931, "score": 0.935, "mean": 0.933}, "896": {"rank": 0.931, "score": 0.936, "mean": 0.934}, "897": {"rank": 0.932, "score": 0.937, "mean": 0.934}, "898": {"rank": 0.933, "score": 0.938, "mean": 0.935}, "899": {"rank": 0.933, "score": 0.938, "mean": 0.936}, "900": {"rank": 0.934, "score": 0.939, "mean": 0.936}, "901": {"rank": 0.934, "score": 0.939, "mean": 0.937}, "902": {"rank": 0.935, "score": 0.94, "mean": 0.937}, "903": {"rank": 0.936, "score": 0.941, "mean": 0.938}, "904": {"rank": 0.937, "score": 0.941, "mean": 0.939}, "905": {"rank": 0.938, "score": 0.942, "mean": 0.94}, "906": {"rank": 0.939, "score": 0.942, "mean": 0.941}, "907": {"rank": 0.939, "score": 0.944, "mean": 0.941}, "908": {"rank": 0.94, "score": 0.944, "mean": 0.942}, "909": {"rank": 0.941, "score": 0.945, "mean": 0.943}, "910": {"rank": 0.941, "score": 0.946, "mean": 0.944}, "911": {"rank": 0.942, "score": 0.947, "mean": 0.944}, "912": {"rank": 0.943, "score": 0.947, "mean": 0.945}, "913": {"rank": 0.944, "score": 0.948, "mean": 0.946}, "914": {"rank": 0.945, "score": 0.949, "mean": 0.947}, "915": {"rank": 0.945, "score": 0.95, "mean": 0.948}, "916": {"rank": 0.946, "score": 0.95, "mean": 0.948}, "917": {"rank": 0.947, "score": 0.951, "mean": 0.949}, "918": {"rank": 0.948, "score": 0.952, "mean": 0.95}, "919": {"rank": 0.949, "score": 0.953, "mean": 0.951}, "920": {"rank": 0.949, "score": 0.953, "mean": 0.951}, "921": {"rank": 0.95, "score": 0.954, "mean": 0.952}, "922": {"rank": 0.951, "score": 0.954, "mean": 0.953}, "923": {"rank": 0.952, "score": 0.955, "mean": 0.953}, "924": {"rank": 0.952, "score": 0.956, "mean": 0.954}, "925": {"rank": 0.953, "score": 0.956, "mean": 0.955}, "926": {"rank": 0.954, "score": 0.957, "mean": 0.955}, "927": {"rank": 0.955, "score": 0.958, "mean": 0.956}, "928": {"rank": 0.955, "score": 0.959, "mean": 0.957}, "929": {"rank": 0.956, "score": 0.959, "mean": 0.958}, "930": {"rank": 0.956, "score": 0.96, "mean": 0.958}, "931": {"rank": 0.957, "score": 0.96, "mean": 0.958}, "932": {"rank": 0.957, "score": 0.961, "mean": 0.959}, "933": {"rank": 0.958, "score": 0.961, "mean": 0.96}, "934": {"rank": 0.958, "score": 0.962, "mean": 0.96}, "935": {"rank": 0.959, "score": 0.963, "mean": 0.961}, "936": {"rank": 0.96, "score": 0.964, "mean": 0.962}, "937": {"rank": 0.961, "score": 0.964, "mean": 0.962}, "938": {"rank": 0.961, "score": 0.965, "mean": 0.963}, "939": {"rank": 0.962, "score": 0.966, "mean": 0.964}, "940": {"rank": 0.962, "score": 0.966, "mean": 0.964}, "941": {"rank": 0.963, "score": 0.966, "mean": 0.965}, "942": {"rank": 0.963, "score": 0.967, "mean": 0.965}, "943": {"rank": 0.964, "score": 0.968, "mean": 0.966}, "944": {"rank": 0.965, "score": 0.969, "mean": 0.967}, "945": {"rank": 0.965, "score": 0.97, "mean": 0.967}, "946": {"rank": 0.966, "score": 0.97, "mean": 0.968}, "947": {"rank": 0.967, "score": 0.971, "mean": 0.969}, "948": {"rank": 0.967, "score": 0.971, "mean": 0.969}, "949": {"rank": 0.968, "score": 0.972, "mean": 0.97}, "950": {"rank": 0.969, "score": 0.973, "mean": 0.971}, "951": {"rank": 0.969, "score": 0.974, "mean": 0.971}, "952": {"rank": 0.97, "score": 0.974, "mean": 0.972}, "953": {"rank": 0.97, "score": 0.975, "mean": 0.973}, "954": {"rank": 0.971, "score": 0.975, "mean": 0.973}, "955": {"rank": 0.972, "score": 0.976, "mean": 0.974}, "956": {"rank": 0.972, "score": 0.976, "mean": 0.974}, "957": {"rank": 0.973, "score": 0.977, "mean": 0.975}, "958": {"rank": 0.974, "score": 0.978, "mean": 0.976}, "959": {"rank": 0.974, "score": 0.978, "mean": 0.976}, "960": {"rank": 0.975, "score": 0.979, "mean": 0.977}, "961": {"rank": 0.976, "score": 0.98, "mean": 0.978}, "962": {"rank": 0.977, "score": 0.98, "mean": 0.978}, "963": {"rank": 0.977, "score": 0.981, "mean": 0.979}, "964": {"rank": 0.978, "score": 0.982, "mean": 0.98}, "965": {"rank": 0.979, "score": 0.982, "mean": 0.981}, "966": {"rank": 0.98, "score": 0.983, "mean": 0.981}, "967": {"rank": 0.98, "score": 0.984, "mean": 0.982}, "968": {"rank": 0.981, "score": 0.984, "mean": 0.982}, "969": {"rank": 0.981, "score": 0.985, "mean": 0.983}, "970": {"rank": 0.982, "score": 0.985, "mean": 0.984}, "971": {"rank": 0.983, "score": 0.986, "mean": 0.984}, "972": {"rank": 0.983, "score": 0.986, "mean": 0.985}, "973": {"rank": 0.984, "score": 0.987, "mean": 0.985}, "974": {"rank": 0.985, "score": 0.987, "mean": 0.986}, "975": {"rank": 0.985, "score": 0.988, "mean": 0.986}, "976": {"rank": 0.986, "score": 0.988, "mean": 0.987}, "977": {"rank": 0.987, "score": 0.989, "mean": 0.988}, "978": {"rank": 0.987, "score": 0.99, "mean": 0.989}, "979": {"rank": 0.988, "score": 0.99, "mean": 0.989}, "980": {"rank": 0.988, "score": 0.991, "mean": 0.99}, "981": {"rank": 0.989, "score": 0.991, "mean": 0.99}, "982": {"rank": 0.989, "score": 0.992, "mean": 0.991}, "983": {"rank": 0.99, "score": 0.992, "mean": 0.991}, "984": {"rank": 0.991, "score": 0.993, "mean": 0.992}, "985": {"rank": 0.992, "score": 0.994, "mean": 0.993}, "986": {"rank": 0.992, "score": 0.994, "mean": 0.993}, "987": {"rank": 0.993, "score": 0.995, "mean": 0.994}, "988": {"rank": 0.994, "score": 0.995, "mean": 0.994}, "989": {"rank": 0.994, "score": 0.995, "mean": 0.995}, "990": {"rank": 0.995, "score": 0.996, "mean": 0.995}, "991": {"rank": 0.995, "score": 0.996, "mean": 0.996}, "992": {"rank": 0.995, "score": 0.997, "mean": 0.996}, "993": {"rank": 0.996, "score": 0.997, "mean": 0.997}, "994": {"rank": 0.997, "score": 0.998, "mean": 0.997}, "995": {"rank": 0.997, "score": 0.998, "mean": 0.998}, "996": {"rank": 0.998, "score": 0.998, "mean": 0.998}, "997": {"rank": 0.999, "score": 0.999, "mean": 0.999}, "998": {"rank": 0.999, "score": 0.999, "mean": 0.999}, "999": {"rank": 1.0, "score": 1.0, "mean": 1.0}, "1000": {"rank": 1.0, "score": 1.0, "mean": 1.0}}