{"1": {"rank": 0.491, "score": 0.491, "mean": 0.491}, "2": {"rank": 0.62, "score": 0.62, "mean": 0.62}, "3": {"rank": 0.702, "score": 0.702, "mean": 0.702}, "4": {"rank": 0.751, "score": 0.751, "mean": 0.751}, "5": {"rank": 0.785, "score": 0.785, "mean": 0.785}, "6": {"rank": 0.83, "score": 0.83, "mean": 0.83}, "7": {"rank": 0.876, "score": 0.876, "mean": 0.876}, "8": {"rank": 0.905, "score": 0.905, "mean": 0.905}, "9": {"rank": 0.934, "score": 0.934, "mean": 0.934}, "10": {"rank": 0.944, "score": 0.944, "mean": 0.944}, "11": {"rank": 0.955, "score": 0.955, "mean": 0.955}, "12": {"rank": 0.967, "score": 0.967, "mean": 0.967}, "13": {"rank": 0.978, "score": 0.978, "mean": 0.978}, "14": {"rank": 0.992, "score": 0.992, "mean": 0.992}, "15": {"rank": 1.0, "score": 1.0, "mean": 1.0}}