{"1": {"non-stress": 0.709, "stress": 0.272}, "2": {"non-stress": 0.865, "stress": 0.376}, "3": {"non-stress": 0.922, "stress": 0.481}, "4": {"non-stress": 0.954, "stress": 0.548}, "5": {"non-stress": 0.97, "stress": 0.6}, "6": {"non-stress": 0.983, "stress": 0.676}, "7": {"non-stress": 0.991, "stress": 0.761}, "8": {"non-stress": 0.994, "stress": 0.815}, "9": {"non-stress": 1.0, "stress": 0.868}, "10": {"non-stress": 1.0, "stress": 0.887}, "11": {"non-stress": 1.0, "stress": 0.909}, "12": {"non-stress": 1.0, "stress": 0.933}, "13": {"non-stress": 1.0, "stress": 0.955}, "14": {"non-stress": 1.0, "stress": 0.983}, "15": {"non-stress": 1.0, "stress": 1.0}}