{"rank": {"bvp": [0, 0, 0, 0, 0, 0, 0, 0, 0, 0, 0, 0, 0, 0, 0], "eda": [7, 5, 13, 3, 10, 1, 7, 9, 13, 12, 2, 0, 7, 12, 2], "temp": [11, 10, 9, 4, 6, 2, 13, 9, 4, 14, 14, 14, 0, 13, 10], "acc": [13, 7, 9, 14, 2, 0, 2, 7, 10, 12, 0, 5, 1, 9, 3], "bvp+eda": [2, 1, 6, 1, 3, 0, 2, 2, 6, 5, 0, 0, 2, 6, 0], "bvp+temp": [5, 4, 1, 1, 2, 0, 7, 2, 1, 9, 8, 8, 0, 7, 3], "bvp+acc": [5, 3, 2, 7, 0, 0, 0, 3, 4, 6, 0, 1, 0, 2, 1], "eda+temp": [11, 9, 14, 3, 10, 0, 13, 13, 10, 14, 9, 8, 2, 14, 6], "eda+acc": [10, 6, 12, 9, 6, 0, 2, 9, 14, 14, 0, 1, 4, 11, 0], "temp+acc": [14, 10, 12, 12, 3, 0, 8, 9, 7, 14, 5, 11, 0, 13, 5], "bvp+eda+temp": [4, 3, 7, 0, 2, 0, 7, 4, 4, 10, 3, 3, 0, 10, 2], "bvp+eda+acc": [8, 2, 9, 5, 3, 0, 1, 3, 8, 9, 0, 1, 1, 7, 0], "bvp+temp+acc": [8, 6, 4, 5, 1, 0, 3, 2, 5, 11, 2, 6, 0, 7, 2], "eda+temp+acc": [13, 7, 13, 6, 6, 0, 6, 10, 11, 14, 2, 6, 1, 14, 3], "bvp+eda+temp+acc": [9, 6, 11, 3, 1, 0, 4, 6, 7, 13, 1, 2, 0, 10, 0]}, "score": {"bvp": [0, 0, 0, 0, 0, 0, 0, 0, 0, 0, 0, 0, 0, 0, 0], "eda": [7, 5, 13, 3, 10, 1, 7, 9, 13, 12, 2, 0, 7, 12, 2], "temp": [11, 10, 9, 4, 6, 2, 13, 9, 4, 14, 14, 14, 0, 13, 10], "acc": [13, 7, 9, 14, 2, 0, 2, 7, 10, 12, 0, 5, 1, 9, 3], "bvp+eda": [1, 0, 8, 1, 4, 0, 2, 1, 4, 3, 0, 0, 2, 8, 0], "bvp+temp": [6, 0, 4, 3, 2, 0, 10, 0, 0, 9, 4, 6, 0, 9, 8], "bvp+acc": [3, 1, 3, 8, 0, 0, 0, 0, 2, 5, 0, 0, 0, 4, 1], "eda+temp": [11, 5, 14, 3, 8, 1, 13, 11, 13, 14, 4, 3, 3, 13, 9], "eda+acc": [8, 6, 12, 11, 4, 0, 3, 9, 13, 12, 1, 0, 3, 12, 1], "temp+acc": [13, 11, 9, 8, 3, 1, 11, 9, 7, 14, 9, 14, 0, 12, 10], "bvp+eda+temp": [4, 1, 7, 3, 3, 0, 8, 1, 3, 10, 0, 0, 0, 11, 5], "bvp+eda+acc": [4, 1, 9, 8, 4, 0, 2, 1, 5, 6, 0, 0, 1, 8, 0], "bvp+temp+acc": [7, 3, 3, 6, 1, 0, 7, 0, 1, 9, 1, 5, 0, 10, 6], "eda+temp+acc": [14, 6, 14, 4, 4, 0, 10, 10, 13, 14, 3, 4, 1, 14, 8], "bvp+eda+temp+acc": [5, 2, 7, 4, 3, 0, 7, 1, 5, 10, 0, 0, 0, 11, 4]}}