{"1": {"rank": 0.338, "score": 0.418, "mean": 0.378}, "2": {"rank": 0.506, "score": 0.53, "mean": 0.518}, "3": {"rank": 0.602, "score": 0.601, "mean": 0.602}, "4": {"rank": 0.68, "score": 0.646, "mean": 0.663}, "5": {"rank": 0.733, "score": 0.686, "mean": 0.71}, "6": {"rank": 0.787, "score": 0.724, "mean": 0.756}, "7": {"rank": 0.833, "score": 0.761, "mean": 0.797}, "8": {"rank": 0.861, "score": 0.794, "mean": 0.827}, "9": {"rank": 0.889, "score": 0.831, "mean": 0.86}, "10": {"rank": 0.92, "score": 0.871, "mean": 0.896}, "11": {"rank": 0.941, "score": 0.901, "mean": 0.921}, "12": {"rank": 0.956, "score": 0.932, "mean": 0.944}, "13": {"rank": 0.973, "score": 0.958, "mean": 0.965}, "14": {"rank": 0.989, "score": 0.977, "mean": 0.983}, "15": {"rank": 1.0, "score": 1.0, "mean": 1.0}}