{"1": {"bvp": 0.669, "eda": 0.203, "temp": 0.091, "acc": 0.567, "bvp+eda": 0.602, "bvp+temp": 0.422, "bvp+acc": 0.841, "eda+temp": 0.136, "eda+acc": 0.432, "temp+acc": 0.39, "bvp+eda+temp": 0.399, "bvp+eda+acc": 0.728, "bvp+temp+acc": 0.573, "eda+temp+acc": 0.334, "bvp+eda+temp+acc": 0.549}, "2": {"bvp": 0.882, "eda": 0.289, "temp": 0.181, "acc": 0.717, "bvp+eda": 0.684, "bvp+temp": 0.55, "bvp+acc": 0.904, "eda+temp": 0.213, "eda+acc": 0.565, "temp+acc": 0.506, "bvp+eda+temp": 0.513, "bvp+eda+acc": 0.8, "bvp+temp+acc": 0.684, "eda+temp+acc": 0.476, "bvp+eda+temp+acc": 0.664}, "3": {"bvp": 0.982, "eda": 0.374, "temp": 0.253, "acc": 0.798, "bvp+eda": 0.736, "bvp+temp": 0.628, "bvp+acc": 0.94, "eda+temp": 0.296, "eda+acc": 0.665, "temp+acc": 0.579, "bvp+eda+temp": 0.608, "bvp+eda+acc": 0.845, "bvp+temp+acc": 0.744, "eda+temp+acc": 0.568, "bvp+eda+temp+acc": 0.712}, "4": {"bvp": 0.991, "eda": 0.445, "temp": 0.312, "acc": 0.864, "bvp+eda": 0.772, "bvp+temp": 0.669, "bvp+acc": 0.954, "eda+temp": 0.337, "eda+acc": 0.722, "temp+acc": 0.623, "bvp+eda+temp": 0.667, "bvp+eda+acc": 0.874, "bvp+temp+acc": 0.775, "eda+temp+acc": 0.629, "bvp+eda+temp+acc": 0.761}, "5": {"bvp": 1.0, "eda": 0.497, "temp": 0.383, "acc": 0.899, "bvp+eda": 0.836, "bvp+temp": 0.711, "bvp+acc": 0.971, "eda+temp": 0.406, "eda+acc": 0.747, "temp+acc": 0.662, "bvp+eda+temp": 0.707, "bvp+eda+acc": 0.892, "bvp+temp+acc": 0.805, "eda+temp+acc": 0.667, "bvp+eda+temp+acc": 0.794}, "6": {"bvp": 1.0, "eda": 0.54, "temp": 0.453, "acc": 0.923, "bvp+eda": 0.869, "bvp+temp": 0.745, "bvp+acc": 0.977, "eda+temp": 0.474, "eda+acc": 0.786, "temp+acc": 0.696, "bvp+eda+temp": 0.736, "bvp+eda+acc": 0.91, "bvp+temp+acc": 0.829, "eda+temp+acc": 0.727, "bvp+eda+temp+acc": 0.841}, "7": {"bvp": 1.0, "eda": 0.596, "temp": 0.508, "acc": 0.943, "bvp+eda": 0.89, "bvp+temp": 0.772, "bvp+acc": 0.982, "eda+temp": 0.575, "eda+acc": 0.821, "temp+acc": 0.723, "bvp+eda+temp": 0.792, "bvp+eda+acc": 0.923, "bvp+temp+acc": 0.848, "eda+temp+acc": 0.753, "bvp+eda+temp+acc": 0.866}, "8": {"bvp": 1.0, "eda": 0.634, "temp": 0.534, "acc": 0.957, "bvp+eda": 0.908, "bvp+temp": 0.802, "bvp+acc": 0.987, "eda+temp": 0.633, "eda+acc": 0.873, "temp+acc": 0.765, "bvp+eda+temp": 0.819, "bvp+eda+acc": 0.943, "bvp+temp+acc": 0.876, "eda+temp+acc": 0.789, "bvp+eda+temp+acc": 0.894}, "9": {"bvp": 1.0, "eda": 0.691, "temp": 0.578, "acc": 0.973, "bvp+eda": 0.935, "bvp+temp": 0.845, "bvp+acc": 0.988, "eda+temp": 0.724, "eda+acc": 0.901, "temp+acc": 0.803, "bvp+eda+temp": 0.858, "bvp+eda+acc": 0.954, "bvp+temp+acc": 0.902, "eda+temp+acc": 0.845, "bvp+eda+temp+acc": 0.919}, "10": {"bvp": 1.0, "eda": 0.766, "temp": 0.646, "acc": 0.98, "bvp+eda": 0.95, "bvp+temp": 0.873, "bvp+acc": 0.988, "eda+temp": 0.789, "eda+acc": 0.927, "temp+acc": 0.864, "bvp+eda+temp": 0.899, "bvp+eda+acc": 0.964, "bvp+temp+acc": 0.93, "eda+temp+acc": 0.87, "bvp+eda+temp+acc": 0.946}, "11": {"bvp": 1.0, "eda": 0.855, "temp": 0.705, "acc": 0.982, "bvp+eda": 0.957, "bvp+temp": 0.892, "bvp+acc": 0.988, "eda+temp": 0.851, "eda+acc": 0.948, "temp+acc": 0.902, "bvp+eda+temp": 0.925, "bvp+eda+acc": 0.969, "bvp+temp+acc": 0.939, "eda+temp+acc": 0.911, "bvp+eda+temp+acc": 0.959}, "12": {"bvp": 1.0, "eda": 0.923, "temp": 0.777, "acc": 0.985, "bvp+eda": 0.976, "bvp+temp": 0.927, "bvp+acc": 0.99, "eda+temp": 0.9, "eda+acc": 0.971, "temp+acc": 0.923, "bvp+eda+temp": 0.962, "bvp+eda+acc": 0.981, "bvp+temp+acc": 0.957, "eda+temp+acc": 0.942, "bvp+eda+temp+acc": 0.973}, "13": {"bvp": 1.0, "eda": 0.964, "temp": 0.861, "acc": 0.987, "bvp+eda": 0.988, "bvp+temp": 0.954, "bvp+acc": 0.992, "eda+temp": 0.947, "eda+acc": 0.983, "temp+acc": 0.943, "bvp+eda+temp": 0.985, "bvp+eda+acc": 0.986, "bvp+temp+acc": 0.97, "eda+temp+acc": 0.968, "bvp+eda+temp+acc": 0.985}, "14": {"bvp": 1.0, "eda": 0.993, "temp": 0.931, "acc": 0.995, "bvp+eda": 0.995, "bvp+temp": 0.971, "bvp+acc": 0.998, "eda+temp": 0.979, "eda+acc": 0.986, "temp+acc": 0.956, "bvp+eda+temp": 0.99, "bvp+eda+acc": 0.993, "bvp+temp+acc": 0.98, "eda+temp+acc": 0.987, "bvp+eda+temp+acc": 0.99}, "15": {"bvp": 1.0, "eda": 1.0, "temp": 1.0, "acc": 1.0, "bvp+eda": 1.0, "bvp+temp": 1.0, "bvp+acc": 1.0, "eda+temp": 1.0, "eda+acc": 1.0, "temp+acc": 1.0, "bvp+eda+temp": 1.0, "bvp+eda+acc": 1.0, "bvp+temp+acc": 1.0, "eda+temp+acc": 1.0, "bvp+eda+temp+acc": 1.0}}