{"1": {"non-stress": 0.529, "stress": 0.307}, "2": {"non-stress": 0.644, "stress": 0.415}, "3": {"non-stress": 0.72, "stress": 0.481}, "4": {"non-stress": 0.763, "stress": 0.529}, "5": {"non-stress": 0.8, "stress": 0.573}, "6": {"non-stress": 0.831, "stress": 0.618}, "7": {"non-stress": 0.857, "stress": 0.664}, "8": {"non-stress": 0.879, "stress": 0.709}, "9": {"non-stress": 0.906, "stress": 0.757}, "10": {"non-stress": 0.925, "stress": 0.818}, "11": {"non-stress": 0.946, "stress": 0.855}, "12": {"non-stress": 0.966, "stress": 0.898}, "13": {"non-stress": 0.982, "stress": 0.933}, "14": {"non-stress": 0.992, "stress": 0.961}, "15": {"non-stress": 1.0, "stress": 1.0}}