{"rank": {"bvp": [0, 0, 0, 0, 0, 0, 0, 0, 0, 0, 0, 0, 0, 0, 0], "eda": [4, 3, 12, 6, 14, 1, 4, 12, 11, 6, 1, 0, 5, 9, 1], "temp": [9, 8, 11, 2, 3, 1, 13, 9, 3, 12, 14, 0, 0, 11, 7], "acc": [0, 2, 6, 14, 3, 0, 7, 0, 6, 2, 0, 14, 0, 10, 9], "bvp+eda": [1, 1, 6, 2, 9, 0, 1, 6, 5, 1, 0, 0, 1, 2, 0], "bvp+temp": [3, 2, 6, 0, 0, 0, 6, 2, 1, 6, 7, 0, 0, 5, 1], "bvp+acc": [0, 0, 1, 9, 1, 0, 2, 0, 3, 0, 0, 7, 0, 4, 3], "eda+temp": [5, 6, 14, 2, 8, 0, 10, 11, 8, 9, 10, 0, 1, 12, 2], "eda+acc": [1, 1, 10, 12, 9, 0, 6, 7, 9, 2, 0, 8, 2, 11, 2], "temp+acc": [2, 3, 10, 9, 2, 0, 12, 2, 3, 8, 6, 7, 0, 12, 8], "bvp+eda+temp": [3, 1, 9, 0, 4, 0, 4, 7, 3, 4, 2, 0, 1, 8, 1], "bvp+eda+acc": [0, 0, 6, 7, 5, 0, 2, 1, 4, 0, 0, 3, 1, 5, 0], "bvp+temp+acc": [0, 2, 4, 2, 1, 0, 6, 0, 2, 3, 3, 3, 0, 8, 3], "eda+temp+acc": [1, 2, 14, 6, 6, 0, 10, 7, 6, 7, 4, 4, 0, 12, 4], "bvp+eda+temp+acc": [0, 1, 7, 5, 2, 0, 4, 2, 3, 2, 1, 1, 0, 10, 1]}, "score": {"bvp": [0, 0, 0, 0, 0, 0, 0, 0, 0, 0, 0, 0, 0, 0, 0], "eda": [4, 3, 12, 6, 14, 1, 4, 12, 11, 6, 1, 0, 5, 9, 1], "temp": [9, 8, 11, 2, 3, 1, 13, 9, 3, 12, 14, 0, 0, 11, 7], "acc": [0, 2, 6, 14, 3, 0, 7, 0, 6, 2, 0, 14, 0, 10, 9], "bvp+eda": [1, 1, 8, 2, 11, 0, 1, 3, 2, 1, 0, 0, 3, 6, 0], "bvp+temp": [4, 2, 7, 0, 0, 0, 10, 1, 1, 9, 12, 0, 0, 4, 5], "bvp+acc": [0, 0, 2, 7, 1, 0, 1, 0, 1, 0, 0, 3, 0, 4, 3], "eda+temp": [8, 5, 12, 1, 8, 0, 12, 10, 7, 9, 10, 0, 2, 12, 2], "eda+acc": [2, 2, 11, 10, 13, 0, 5, 9, 8, 1, 0, 1, 4, 11, 0], "temp+acc": [4, 4, 9, 3, 2, 0, 12, 4, 2, 9, 13, 2, 0, 12, 8], "bvp+eda+temp": [3, 2, 7, 0, 5, 0, 7, 3, 2, 5, 7, 0, 1, 9, 0], "bvp+eda+acc": [0, 0, 7, 7, 9, 0, 2, 1, 2, 0, 0, 0, 2, 7, 0], "bvp+temp+acc": [0, 1, 5, 0, 1, 0, 9, 1, 1, 7, 7, 0, 0, 7, 4], "eda+temp+acc": [3, 3, 13, 2, 8, 0, 12, 8, 6, 8, 6, 0, 0, 11, 2], "bvp+eda+temp+acc": [1, 1, 7, 1, 5, 0, 8, 1, 1, 5, 1, 0, 0, 9, 0]}}