{"1": {"rank": 0.4, "score": 0.424, "mean": 0.412}, "2": {"rank": 0.53, "score": 0.545, "mean": 0.538}, "3": {"rank": 0.622, "score": 0.62, "mean": 0.621}, "4": {"rank": 0.69, "score": 0.676, "mean": 0.683}, "5": {"rank": 0.734, "score": 0.726, "mean": 0.73}, "6": {"rank": 0.782, "score": 0.765, "mean": 0.774}, "7": {"rank": 0.832, "score": 0.807, "mean": 0.819}, "8": {"rank": 0.863, "score": 0.842, "mean": 0.853}, "9": {"rank": 0.888, "score": 0.879, "mean": 0.883}, "10": {"rank": 0.918, "score": 0.91, "mean": 0.914}, "11": {"rank": 0.941, "score": 0.937, "mean": 0.939}, "12": {"rank": 0.958, "score": 0.956, "mean": 0.957}, "13": {"rank": 0.973, "score": 0.973, "mean": 0.973}, "14": {"rank": 0.988, "score": 0.99, "mean": 0.989}, "15": {"rank": 1.0, "score": 1.0, "mean": 1.0}}