{"1": {"bvp": 1.0, "eda": 0.209, "temp": 0.169, "acc": 0.395, "bvp+eda": 0.483, "bvp+temp": 0.385, "bvp+acc": 0.615, "eda+temp": 0.212, "eda+acc": 0.361, "temp+acc": 0.253, "bvp+eda+temp": 0.424, "bvp+eda+acc": 0.557, "bvp+temp+acc": 0.443, "eda+temp+acc": 0.291, "bvp+eda+temp+acc": 0.488}, "2": {"bvp": 1.0, "eda": 0.338, "temp": 0.258, "acc": 0.488, "bvp+eda": 0.651, "bvp+temp": 0.535, "bvp+acc": 0.795, "eda+temp": 0.328, "eda+acc": 0.452, "temp+acc": 0.325, "bvp+eda+temp": 0.567, "bvp+eda+acc": 0.703, "bvp+temp+acc": 0.625, "eda+temp+acc": 0.412, "bvp+eda+temp+acc": 0.664}, "3": {"bvp": 1.0, "eda": 0.414, "temp": 0.335, "acc": 0.565, "bvp+eda": 0.783, "bvp+temp": 0.62, "bvp+acc": 0.866, "eda+temp": 0.42, "eda+acc": 0.532, "temp+acc": 0.402, "bvp+eda+temp": 0.642, "bvp+eda+acc": 0.774, "bvp+temp+acc": 0.699, "eda+temp+acc": 0.497, "bvp+eda+temp+acc": 0.742}, "4": {"bvp": 1.0, "eda": 0.485, "temp": 0.407, "acc": 0.614, "bvp+eda": 0.851, "bvp+temp": 0.684, "bvp+acc": 0.907, "eda+temp": 0.48, "eda+acc": 0.598, "temp+acc": 0.489, "bvp+eda+temp": 0.715, "bvp+eda+acc": 0.801, "bvp+temp+acc": 0.732, "eda+temp+acc": 0.562, "bvp+eda+temp+acc": 0.777}, "5": {"bvp": 1.0, "eda": 0.549, "temp": 0.462, "acc": 0.662, "bvp+eda": 0.881, "bvp+temp": 0.754, "bvp+acc": 0.938, "eda+temp": 0.526, "eda+acc": 0.66, "temp+acc": 0.574, "bvp+eda+temp": 0.787, "bvp+eda+acc": 0.854, "bvp+temp+acc": 0.775, "eda+temp+acc": 0.617, "bvp+eda+temp+acc": 0.811}, "6": {"bvp": 1.0, "eda": 0.615, "temp": 0.502, "acc": 0.679, "bvp+eda": 0.907, "bvp+temp": 0.783, "bvp+acc": 0.959, "eda+temp": 0.566, "eda+acc": 0.713, "temp+acc": 0.619, "bvp+eda+temp": 0.848, "bvp+eda+acc": 0.873, "bvp+temp+acc": 0.832, "eda+temp+acc": 0.67, "bvp+eda+temp+acc": 0.868}, "7": {"bvp": 1.0, "eda": 0.691, "temp": 0.544, "acc": 0.749, "bvp+eda": 0.921, "bvp+temp": 0.806, "bvp+acc": 0.97, "eda+temp": 0.633, "eda+acc": 0.726, "temp+acc": 0.668, "bvp+eda+temp": 0.883, "bvp+eda+acc": 0.918, "bvp+temp+acc": 0.9, "eda+temp+acc": 0.751, "bvp+eda+temp+acc": 0.896}, "8": {"bvp": 1.0, "eda": 0.738, "temp": 0.61, "acc": 0.784, "bvp+eda": 0.931, "bvp+temp": 0.853, "bvp+acc": 0.989, "eda+temp": 0.696, "eda+acc": 0.766, "temp+acc": 0.715, "bvp+eda+temp": 0.911, "bvp+eda+acc": 0.95, "bvp+temp+acc": 0.941, "eda+temp+acc": 0.793, "bvp+eda+temp+acc": 0.917}, "9": {"bvp": 1.0, "eda": 0.782, "temp": 0.666, "acc": 0.823, "bvp+eda": 0.962, "bvp+temp": 0.911, "bvp+acc": 1.0, "eda+temp": 0.756, "eda+acc": 0.812, "temp+acc": 0.77, "bvp+eda+temp": 0.938, "bvp+eda+acc": 0.974, "bvp+temp+acc": 0.97, "eda+temp+acc": 0.84, "bvp+eda+temp+acc": 0.944}, "10": {"bvp": 1.0, "eda": 0.817, "temp": 0.713, "acc": 0.87, "bvp+eda": 0.975, "bvp+temp": 0.94, "bvp+acc": 1.0, "eda+temp": 0.815, "eda+acc": 0.852, "temp+acc": 0.831, "bvp+eda+temp": 0.97, "bvp+eda+acc": 0.991, "bvp+temp+acc": 0.993, "eda+temp+acc": 0.871, "bvp+eda+temp+acc": 0.975}, "11": {"bvp": 1.0, "eda": 0.84, "temp": 0.779, "acc": 0.91, "bvp+eda": 0.991, "bvp+temp": 0.989, "bvp+acc": 1.0, "eda+temp": 0.866, "eda+acc": 0.911, "temp+acc": 0.863, "bvp+eda+temp": 0.989, "bvp+eda+acc": 1.0, "bvp+temp+acc": 0.999, "eda+temp+acc": 0.897, "bvp+eda+temp+acc": 0.989}, "12": {"bvp": 1.0, "eda": 0.888, "temp": 0.838, "acc": 0.928, "bvp+eda": 0.999, "bvp+temp": 0.994, "bvp+acc": 1.0, "eda+temp": 0.901, "eda+acc": 0.957, "temp+acc": 0.91, "bvp+eda+temp": 1.0, "bvp+eda+acc": 1.0, "bvp+temp+acc": 1.0, "eda+temp+acc": 0.916, "bvp+eda+temp+acc": 0.998}, "13": {"bvp": 1.0, "eda": 0.94, "temp": 0.88, "acc": 0.936, "bvp+eda": 1.0, "bvp+temp": 1.0, "bvp+acc": 1.0, "eda+temp": 0.943, "eda+acc": 0.978, "temp+acc": 0.978, "bvp+eda+temp": 1.0, "bvp+eda+acc": 1.0, "bvp+temp+acc": 1.0, "eda+temp+acc": 0.954, "bvp+eda+temp+acc": 1.0}, "14": {"bvp": 1.0, "eda": 0.969, "temp": 0.959, "acc": 0.965, "bvp+eda": 1.0, "bvp+temp": 1.0, "bvp+acc": 1.0, "eda+temp": 0.981, "eda+acc": 0.993, "temp+acc": 0.999, "bvp+eda+temp": 1.0, "bvp+eda+acc": 1.0, "bvp+temp+acc": 1.0, "eda+temp+acc": 0.988, "bvp+eda+temp+acc": 1.0}, "15": {"bvp": 1.0, "eda": 1.0, "temp": 1.0, "acc": 1.0, "bvp+eda": 1.0, "bvp+temp": 1.0, "bvp+acc": 1.0, "eda+temp": 1.0, "eda+acc": 1.0, "temp+acc": 1.0, "bvp+eda+temp": 1.0, "bvp+eda+acc": 1.0, "bvp+temp+acc": 1.0, "eda+temp+acc": 1.0, "bvp+eda+temp+acc": 1.0}}