{"1": {"non-stress": 0.412, "stress": 0.435}, "2": {"non-stress": 0.539, "stress": 0.551}, "3": {"non-stress": 0.618, "stress": 0.623}, "4": {"non-stress": 0.669, "stress": 0.683}, "5": {"non-stress": 0.72, "stress": 0.731}, "6": {"non-stress": 0.758, "stress": 0.772}, "7": {"non-stress": 0.799, "stress": 0.814}, "8": {"non-stress": 0.836, "stress": 0.849}, "9": {"non-stress": 0.874, "stress": 0.884}, "10": {"non-stress": 0.905, "stress": 0.914}, "11": {"non-stress": 0.932, "stress": 0.941}, "12": {"non-stress": 0.953, "stress": 0.959}, "13": {"non-stress": 0.975, "stress": 0.972}, "14": {"non-stress": 0.991, "stress": 0.989}, "15": {"non-stress": 1.0, "stress": 1.0}}