{"rank": {"bvp": [0, 0, 0, 0, 0, 0, 0, 0, 0, 0, 0, 0, 0, 0, 0], "eda": [4, 3, 14, 6, 14, 2, 7, 10, 12, 6, 1, 0, 3, 8, 1], "temp": [11, 8, 11, 1, 4, 2, 13, 7, 5, 10, 14, 0, 0, 6, 9], "acc": [0, 3, 6, 14, 4, 0, 9, 0, 8, 1, 0, 13, 1, 10, 10], "bvp+eda": [1, 1, 8, 2, 9, 0, 2, 3, 5, 1, 0, 0, 1, 2, 0], "bvp+temp": [5, 2, 6, 0, 1, 0, 6, 2, 1, 3, 8, 0, 0, 2, 1], "bvp+acc": [0, 0, 1, 8, 1, 0, 2, 0, 4, 0, 0, 6, 0, 4, 5], "eda+temp": [10, 7, 14, 2, 10, 0, 12, 9, 9, 8, 9, 0, 1, 7, 3], "eda+acc": [0, 1, 11, 11, 11, 0, 10, 3, 11, 3, 0, 5, 2, 10, 5], "temp+acc": [5, 5, 10, 10, 3, 0, 13, 2, 5, 5, 6, 7, 0, 9, 12], "bvp+eda+temp": [3, 1, 9, 0, 5, 0, 6, 5, 4, 4, 3, 0, 0, 3, 0], "bvp+eda+acc": [0, 0, 8, 7, 5, 0, 3, 1, 6, 0, 0, 2, 0, 5, 1], "bvp+temp+acc": [2, 2, 3, 3, 1, 0, 6, 0, 2, 1, 3, 1, 0, 2, 6], "eda+temp+acc": [2, 4, 14, 6, 7, 0, 13, 5, 9, 5, 4, 1, 0, 9, 8], "bvp+eda+temp+acc": [0, 2, 10, 4, 4, 0, 7, 1, 5, 1, 1, 0, 0, 6, 1]}, "score": {"bvp": [0, 0, 0, 0, 0, 0, 0, 0, 0, 0, 0, 0, 0, 0, 0], "eda": [4, 3, 14, 6, 14, 2, 7, 10, 12, 6, 1, 0, 3, 8, 1], "temp": [11, 8, 11, 1, 4, 2, 13, 7, 5, 10, 14, 0, 0, 6, 9], "acc": [0, 3, 6, 14, 4, 0, 9, 0, 8, 1, 0, 13, 1, 10, 10], "bvp+eda": [2, 0, 9, 2, 10, 0, 2, 2, 3, 1, 0, 0, 1, 2, 0], "bvp+temp": [4, 3, 8, 0, 1, 0, 10, 1, 1, 8, 9, 0, 0, 3, 7], "bvp+acc": [0, 0, 2, 8, 1, 0, 2, 0, 1, 0, 0, 2, 0, 5, 4], "eda+temp": [11, 6, 14, 2, 8, 0, 13, 8, 7, 8, 9, 0, 1, 6, 5], "eda+acc": [1, 1, 11, 8, 10, 0, 8, 6, 11, 1, 0, 0, 3, 8, 0], "temp+acc": [7, 6, 12, 3, 3, 1, 14, 5, 4, 8, 11, 0, 0, 5, 10], "bvp+eda+temp": [3, 1, 10, 0, 6, 0, 9, 1, 4, 6, 4, 0, 0, 3, 2], "bvp+eda+acc": [0, 0, 9, 6, 4, 0, 2, 1, 4, 0, 0, 0, 1, 4, 0], "bvp+temp+acc": [1, 2, 7, 2, 1, 0, 10, 1, 1, 6, 5, 0, 0, 3, 7], "eda+temp+acc": [4, 5, 13, 4, 5, 0, 13, 7, 8, 6, 6, 0, 1, 8, 6], "bvp+eda+temp+acc": [1, 1, 11, 2, 3, 0, 10, 1, 3, 5, 1, 0, 0, 4, 2]}}