{"rank": {"bvp": [0, 0, 0, 0, 0, 0, 0, 0, 0, 0, 0, 0, 0, 0, 0], "eda": [8, 14, 13, 5, 11, 1, 7, 10, 13, 14, 2, 0, 8, 12, 5], "temp": [11, 11, 6, 4, 9, 3, 13, 12, 5, 14, 12, 14, 1, 13, 10], "acc": [13, 11, 9, 14, 3, 0, 2, 7, 10, 12, 0, 6, 1, 11, 5], "bvp+eda": [2, 7, 6, 1, 6, 0, 2, 3, 5, 7, 0, 0, 2, 6, 1], "bvp+temp": [5, 5, 0, 1, 3, 0, 7, 5, 1, 8, 5, 9, 0, 7, 3], "bvp+acc": [5, 5, 2, 7, 1, 0, 0, 3, 4, 6, 0, 2, 0, 5, 1], "eda+temp": [13, 13, 14, 3, 11, 1, 13, 13, 10, 14, 5, 7, 2, 14, 9], "eda+acc": [10, 13, 13, 11, 7, 0, 2, 9, 14, 14, 0, 2, 3, 13, 3], "temp+acc": [14, 12, 9, 11, 6, 1, 9, 11, 8, 14, 5, 12, 0, 13, 9], "bvp+eda+temp": [4, 9, 5, 0, 9, 0, 7, 8, 4, 11, 3, 3, 0, 10, 5], "bvp+eda+acc": [7, 10, 9, 6, 5, 0, 1, 7, 9, 11, 0, 0, 1, 10, 1], "bvp+temp+acc": [8, 9, 3, 5, 3, 0, 3, 5, 5, 11, 1, 8, 0, 11, 3], "eda+temp+acc": [14, 13, 11, 9, 9, 0, 6, 12, 10, 14, 3, 7, 1, 14, 8], "bvp+eda+temp+acc": [9, 12, 8, 4, 6, 0, 4, 9, 8, 12, 1, 3, 0, 12, 3]}, "score": {"bvp": [0, 0, 0, 0, 0, 0, 0, 0, 0, 0, 0, 0, 0, 0, 0], "eda": [8, 14, 13, 5, 11, 1, 7, 10, 13, 14, 2, 0, 8, 12, 5], "temp": [11, 11, 6, 4, 9, 3, 13, 12, 5, 14, 12, 14, 1, 13, 10], "acc": [13, 11, 9, 14, 3, 0, 2, 7, 10, 12, 0, 6, 1, 11, 5], "bvp+eda": [1, 5, 8, 1, 4, 0, 3, 2, 4, 4, 0, 0, 2, 8, 2], "bvp+temp": [6, 2, 1, 3, 4, 0, 10, 0, 1, 9, 4, 6, 0, 10, 8], "bvp+acc": [3, 2, 3, 8, 1, 0, 0, 0, 2, 5, 0, 0, 0, 3, 1], "eda+temp": [11, 13, 13, 3, 10, 1, 13, 12, 13, 14, 3, 7, 4, 13, 10], "eda+acc": [9, 13, 12, 11, 6, 0, 5, 10, 13, 14, 1, 0, 3, 13, 6], "temp+acc": [14, 12, 10, 8, 6, 1, 11, 11, 8, 14, 6, 14, 0, 13, 10], "bvp+eda+temp": [6, 6, 7, 3, 7, 0, 8, 2, 3, 10, 0, 0, 0, 11, 8], "bvp+eda+acc": [4, 5, 9, 8, 4, 0, 2, 2, 5, 7, 0, 0, 1, 9, 2], "bvp+temp+acc": [7, 3, 3, 6, 3, 0, 8, 0, 4, 8, 0, 6, 0, 12, 7], "eda+temp+acc": [14, 13, 13, 5, 7, 1, 13, 12, 13, 14, 1, 6, 1, 13, 10], "bvp+eda+temp+acc": [7, 7, 9, 4, 6, 0, 7, 2, 6, 12, 0, 0, 0, 12, 8]}}