{"1": {"non-stress": 0.002, "stress": 0.003}, "2": {"non-stress": 0.003, "stress": 0.005}, "3": {"non-stress": 0.005, "stress": 0.006}, "4": {"non-stress": 0.007, "stress": 0.009}, "5": {"non-stress": 0.009, "stress": 0.01}, "6": {"non-stress": 0.011, "stress": 0.012}, "7": {"non-stress": 0.012, "stress": 0.014}, "8": {"non-stress": 0.014, "stress": 0.016}, "9": {"non-stress": 0.016, "stress": 0.018}, "10": {"non-stress": 0.017, "stress": 0.02}, "11": {"non-stress": 0.019, "stress": 0.022}, "12": {"non-stress": 0.021, "stress": 0.024}, "13": {"non-stress": 0.023, "stress": 0.026}, "14": {"non-stress": 0.024, "stress": 0.028}, "15": {"non-stress": 0.026, "stress": 0.03}, "16": {"non-stress": 0.027, "stress": 0.032}, "17": {"non-stress": 0.029, "stress": 0.034}, "18": {"non-stress": 0.031, "stress": 0.036}, "19": {"non-stress": 0.033, "stress": 0.038}, "20": {"non-stress": 0.034, "stress": 0.039}, "21": {"non-stress": 0.036, "stress": 0.041}, "22": {"non-stress": 0.038, "stress": 0.043}, "23": {"non-stress": 0.039, "stress": 0.045}, "24": {"non-stress": 0.04, "stress": 0.046}, "25": {"non-stress": 0.042, "stress": 0.048}, "26": {"non-stress": 0.044, "stress": 0.05}, "27": {"non-stress": 0.046, "stress": 0.052}, "28": {"non-stress": 0.047, "stress": 0.054}, "29": {"non-stress": 0.049, "stress": 0.056}, "30": {"non-stress": 0.051, "stress": 0.057}, "31": {"non-stress": 0.052, "stress": 0.059}, "32": {"non-stress": 0.054, "stress": 0.06}, "33": {"non-stress": 0.056, "stress": 0.062}, "34": {"non-stress": 0.058, "stress": 0.063}, "35": {"non-stress": 0.059, "stress": 0.065}, "36": {"non-stress": 0.061, "stress": 0.067}, "37": {"non-stress": 0.062, "stress": 0.069}, "38": {"non-stress": 0.063, "stress": 0.071}, "39": {"non-stress": 0.065, "stress": 0.073}, "40": {"non-stress": 0.066, "stress": 0.074}, "41": {"non-stress": 0.067, "stress": 0.076}, "42": {"non-stress": 0.068, "stress": 0.078}, "43": {"non-stress": 0.07, "stress": 0.079}, "44": {"non-stress": 0.071, "stress": 0.08}, "45": {"non-stress": 0.073, "stress": 0.082}, "46": {"non-stress": 0.074, "stress": 0.083}, "47": {"non-stress": 0.075, "stress": 0.085}, "48": {"non-stress": 0.077, "stress": 0.086}, "49": {"non-stress": 0.078, "stress": 0.088}, "50": {"non-stress": 0.08, "stress": 0.09}, "51": {"non-stress": 0.081, "stress": 0.091}, "52": {"non-stress": 0.082, "stress": 0.093}, "53": {"non-stress": 0.084, "stress": 0.094}, "54": {"non-stress": 0.086, "stress": 0.096}, "55": {"non-stress": 0.087, "stress": 0.098}, "56": {"non-stress": 0.088, "stress": 0.1}, "57": {"non-stress": 0.09, "stress": 0.102}, "58": {"non-stress": 0.092, "stress": 0.103}, "59": {"non-stress": 0.093, "stress": 0.105}, "60": {"non-stress": 0.094, "stress": 0.107}, "61": {"non-stress": 0.096, "stress": 0.109}, "62": {"non-stress": 0.098, "stress": 0.11}, "63": {"non-stress": 0.099, "stress": 0.112}, "64": {"non-stress": 0.1, "stress": 0.113}, "65": {"non-stress": 0.101, "stress": 0.114}, "66": {"non-stress": 0.102, "stress": 0.115}, "67": {"non-stress": 0.104, "stress": 0.117}, "68": {"non-stress": 0.105, "stress": 0.118}, "69": {"non-stress": 0.106, "stress": 0.12}, "70": {"non-stress": 0.107, "stress": 0.121}, "71": {"non-stress": 0.109, "stress": 0.123}, "72": {"non-stress": 0.11, "stress": 0.125}, "73": {"non-stress": 0.112, "stress": 0.127}, "74": {"non-stress": 0.114, "stress": 0.128}, "75": {"non-stress": 0.115, "stress": 0.129}, "76": {"non-stress": 0.117, "stress": 0.131}, "77": {"non-stress": 0.118, "stress": 0.132}, "78": {"non-stress": 0.119, "stress": 0.134}, "79": {"non-stress": 0.121, "stress": 0.135}, "80": {"non-stress": 0.123, "stress": 0.137}, "81": {"non-stress": 0.124, "stress": 0.138}, "82": {"non-stress": 0.126, "stress": 0.139}, "83": {"non-stress": 0.127, "stress": 0.14}, "84": {"non-stress": 0.128, "stress": 0.141}, "85": {"non-stress": 0.13, "stress": 0.143}, "86": {"non-stress": 0.132, "stress": 0.144}, "87": {"non-stress": 0.133, "stress": 0.146}, "88": {"non-stress": 0.135, "stress": 0.147}, "89": {"non-stress": 0.137, "stress": 0.148}, "90": {"non-stress": 0.139, "stress": 0.149}, "91": {"non-stress": 0.141, "stress": 0.15}, "92": {"non-stress": 0.142, "stress": 0.152}, "93": {"non-stress": 0.143, "stress": 0.153}, "94": {"non-stress": 0.145, "stress": 0.154}, "95": {"non-stress": 0.146, "stress": 0.156}, "96": {"non-stress": 0.147, "stress": 0.158}, "97": {"non-stress": 0.148, "stress": 0.159}, "98": {"non-stress": 0.149, "stress": 0.16}, "99": {"non-stress": 0.15, "stress": 0.161}, "100": {"non-stress": 0.152, "stress": 0.163}, "101": {"non-stress": 0.153, "stress": 0.164}, "102": {"non-stress": 0.155, "stress": 0.166}, "103": {"non-stress": 0.156, "stress": 0.167}, "104": {"non-stress": 0.157, "stress": 0.169}, "105": {"non-stress": 0.158, "stress": 0.17}, "106": {"non-stress": 0.159, "stress": 0.172}, "107": {"non-stress": 0.16, "stress": 0.173}, "108": {"non-stress": 0.162, "stress": 0.175}, "109": {"non-stress": 0.163, "stress": 0.176}, "110": {"non-stress": 0.165, "stress": 0.177}, "111": {"non-stress": 0.166, "stress": 0.178}, "112": {"non-stress": 0.168, "stress": 0.179}, "113": {"non-stress": 0.169, "stress": 0.182}, "114": {"non-stress": 0.171, "stress": 0.183}, "115": {"non-stress": 0.171, "stress": 0.184}, "116": {"non-stress": 0.173, "stress": 0.186}, "117": {"non-stress": 0.174, "stress": 0.187}, "118": {"non-stress": 0.175, "stress": 0.189}, "119": {"non-stress": 0.176, "stress": 0.189}, "120": {"non-stress": 0.178, "stress": 0.191}, "121": {"non-stress": 0.179, "stress": 0.192}, "122": {"non-stress": 0.18, "stress": 0.193}, "123": {"non-stress": 0.181, "stress": 0.194}, "124": {"non-stress": 0.183, "stress": 0.196}, "125": {"non-stress": 0.184, "stress": 0.197}, "126": {"non-stress": 0.186, "stress": 0.198}, "127": {"non-stress": 0.187, "stress": 0.199}, "128": {"non-stress": 0.188, "stress": 0.2}, "129": {"non-stress": 0.19, "stress": 0.202}, "130": {"non-stress": 0.191, "stress": 0.204}, "131": {"non-stress": 0.192, "stress": 0.205}, "132": {"non-stress": 0.193, "stress": 0.206}, "133": {"non-stress": 0.195, "stress": 0.208}, "134": {"non-stress": 0.196, "stress": 0.209}, "135": {"non-stress": 0.197, "stress": 0.211}, "136": {"non-stress": 0.198, "stress": 0.212}, "137": {"non-stress": 0.199, "stress": 0.214}, "138": {"non-stress": 0.201, "stress": 0.215}, "139": {"non-stress": 0.202, "stress": 0.216}, "140": {"non-stress": 0.204, "stress": 0.218}, "141": {"non-stress": 0.205, "stress": 0.219}, "142": {"non-stress": 0.206, "stress": 0.22}, "143": {"non-stress": 0.207, "stress": 0.222}, "144": {"non-stress": 0.208, "stress": 0.223}, "145": {"non-stress": 0.21, "stress": 0.224}, "146": {"non-stress": 0.211, "stress": 0.226}, "147": {"non-stress": 0.212, "stress": 0.227}, "148": {"non-stress": 0.213, "stress": 0.228}, "149": {"non-stress": 0.215, "stress": 0.229}, "150": {"non-stress": 0.216, "stress": 0.23}, "151": {"non-stress": 0.217, "stress": 0.231}, "152": {"non-stress": 0.219, "stress": 0.233}, "153": {"non-stress": 0.22, "stress": 0.234}, "154": {"non-stress": 0.222, "stress": 0.235}, "155": {"non-stress": 0.222, "stress": 0.236}, "156": {"non-stress": 0.224, "stress": 0.237}, "157": {"non-stress": 0.225, "stress": 0.238}, "158": {"non-stress": 0.227, "stress": 0.239}, "159": {"non-stress": 0.228, "stress": 0.24}, "160": {"non-stress": 0.229, "stress": 0.241}, "161": {"non-stress": 0.23, "stress": 0.242}, "162": {"non-stress": 0.232, "stress": 0.244}, "163": {"non-stress": 0.233, "stress": 0.246}, "164": {"non-stress": 0.234, "stress": 0.247}, "165": {"non-stress": 0.236, "stress": 0.248}, "166": {"non-stress": 0.237, "stress": 0.249}, "167": {"non-stress": 0.239, "stress": 0.25}, "168": {"non-stress": 0.24, "stress": 0.251}, "169": {"non-stress": 0.241, "stress": 0.253}, "170": {"non-stress": 0.242, "stress": 0.253}, "171": {"non-stress": 0.244, "stress": 0.255}, "172": {"non-stress": 0.246, "stress": 0.256}, "173": {"non-stress": 0.247, "stress": 0.257}, "174": {"non-stress": 0.248, "stress": 0.258}, "175": {"non-stress": 0.249, "stress": 0.259}, "176": {"non-stress": 0.251, "stress": 0.261}, "177": {"non-stress": 0.252, "stress": 0.262}, "178": {"non-stress": 0.253, "stress": 0.264}, "179": {"non-stress": 0.255, "stress": 0.265}, "180": {"non-stress": 0.256, "stress": 0.266}, "181": {"non-stress": 0.257, "stress": 0.268}, "182": {"non-stress": 0.258, "stress": 0.27}, "183": {"non-stress": 0.259, "stress": 0.271}, "184": {"non-stress": 0.261, "stress": 0.272}, "185": {"non-stress": 0.262, "stress": 0.273}, "186": {"non-stress": 0.263, "stress": 0.276}, "187": {"non-stress": 0.265, "stress": 0.277}, "188": {"non-stress": 0.266, "stress": 0.278}, "189": {"non-stress": 0.267, "stress": 0.279}, "190": {"non-stress": 0.268, "stress": 0.281}, "191": {"non-stress": 0.269, "stress": 0.283}, "192": {"non-stress": 0.271, "stress": 0.284}, "193": {"non-stress": 0.272, "stress": 0.286}, "194": {"non-stress": 0.273, "stress": 0.287}, "195": {"non-stress": 0.274, "stress": 0.288}, "196": {"non-stress": 0.275, "stress": 0.289}, "197": {"non-stress": 0.276, "stress": 0.291}, "198": {"non-stress": 0.278, "stress": 0.292}, "199": {"non-stress": 0.279, "stress": 0.294}, "200": {"non-stress": 0.28, "stress": 0.295}, "201": {"non-stress": 0.281, "stress": 0.296}, "202": {"non-stress": 0.282, "stress": 0.298}, "203": {"non-stress": 0.284, "stress": 0.299}, "204": {"non-stress": 0.286, "stress": 0.3}, "205": {"non-stress": 0.287, "stress": 0.302}, "206": {"non-stress": 0.288, "stress": 0.303}, "207": {"non-stress": 0.289, "stress": 0.304}, "208": {"non-stress": 0.29, "stress": 0.305}, "209": {"non-stress": 0.291, "stress": 0.306}, "210": {"non-stress": 0.293, "stress": 0.308}, "211": {"non-stress": 0.294, "stress": 0.309}, "212": {"non-stress": 0.295, "stress": 0.31}, "213": {"non-stress": 0.296, "stress": 0.311}, "214": {"non-stress": 0.297, "stress": 0.312}, "215": {"non-stress": 0.299, "stress": 0.314}, "216": {"non-stress": 0.3, "stress": 0.315}, "217": {"non-stress": 0.302, "stress": 0.315}, "218": {"non-stress": 0.304, "stress": 0.316}, "219": {"non-stress": 0.305, "stress": 0.317}, "220": {"non-stress": 0.306, "stress": 0.318}, "221": {"non-stress": 0.306, "stress": 0.32}, "222": {"non-stress": 0.308, "stress": 0.321}, "223": {"non-stress": 0.309, "stress": 0.322}, "224": {"non-stress": 0.31, "stress": 0.323}, "225": {"non-stress": 0.312, "stress": 0.325}, "226": {"non-stress": 0.313, "stress": 0.325}, "227": {"non-stress": 0.314, "stress": 0.327}, "228": {"non-stress": 0.315, "stress": 0.328}, "229": {"non-stress": 0.317, "stress": 0.329}, "230": {"non-stress": 0.319, "stress": 0.33}, "231": {"non-stress": 0.319, "stress": 0.331}, "232": {"non-stress": 0.32, "stress": 0.332}, "233": {"non-stress": 0.322, "stress": 0.334}, "234": {"non-stress": 0.323, "stress": 0.334}, "235": {"non-stress": 0.324, "stress": 0.336}, "236": {"non-stress": 0.326, "stress": 0.337}, "237": {"non-stress": 0.326, "stress": 0.338}, "238": {"non-stress": 0.328, "stress": 0.34}, "239": {"non-stress": 0.328, "stress": 0.341}, "240": {"non-stress": 0.33, "stress": 0.342}, "241": {"non-stress": 0.331, "stress": 0.343}, "242": {"non-stress": 0.332, "stress": 0.344}, "243": {"non-stress": 0.333, "stress": 0.346}, "244": {"non-stress": 0.334, "stress": 0.347}, "245": {"non-stress": 0.336, "stress": 0.349}, "246": {"non-stress": 0.338, "stress": 0.35}, "247": {"non-stress": 0.339, "stress": 0.351}, "248": {"non-stress": 0.34, "stress": 0.353}, "249": {"non-stress": 0.341, "stress": 0.353}, "250": {"non-stress": 0.342, "stress": 0.355}, "251": {"non-stress": 0.343, "stress": 0.356}, "252": {"non-stress": 0.344, "stress": 0.358}, "253": {"non-stress": 0.345, "stress": 0.359}, "254": {"non-stress": 0.346, "stress": 0.36}, "255": {"non-stress": 0.347, "stress": 0.361}, "256": {"non-stress": 0.348, "stress": 0.362}, "257": {"non-stress": 0.349, "stress": 0.363}, "258": {"non-stress": 0.35, "stress": 0.364}, "259": {"non-stress": 0.351, "stress": 0.365}, "260": {"non-stress": 0.352, "stress": 0.367}, "261": {"non-stress": 0.354, "stress": 0.368}, "262": {"non-stress": 0.355, "stress": 0.369}, "263": {"non-stress": 0.356, "stress": 0.37}, "264": {"non-stress": 0.357, "stress": 0.371}, "265": {"non-stress": 0.358, "stress": 0.372}, "266": {"non-stress": 0.359, "stress": 0.374}, "267": {"non-stress": 0.36, "stress": 0.375}, "268": {"non-stress": 0.361, "stress": 0.376}, "269": {"non-stress": 0.363, "stress": 0.376}, "270": {"non-stress": 0.364, "stress": 0.377}, "271": {"non-stress": 0.365, "stress": 0.378}, "272": {"non-stress": 0.366, "stress": 0.38}, "273": {"non-stress": 0.367, "stress": 0.381}, "274": {"non-stress": 0.368, "stress": 0.382}, "275": {"non-stress": 0.369, "stress": 0.383}, "276": {"non-stress": 0.37, "stress": 0.384}, "277": {"non-stress": 0.371, "stress": 0.385}, "278": {"non-stress": 0.373, "stress": 0.386}, "279": {"non-stress": 0.374, "stress": 0.387}, "280": {"non-stress": 0.374, "stress": 0.388}, "281": {"non-stress": 0.376, "stress": 0.389}, "282": {"non-stress": 0.377, "stress": 0.39}, "283": {"non-stress": 0.378, "stress": 0.391}, "284": {"non-stress": 0.379, "stress": 0.392}, "285": {"non-stress": 0.38, "stress": 0.394}, "286": {"non-stress": 0.381, "stress": 0.395}, "287": {"non-stress": 0.383, "stress": 0.396}, "288": {"non-stress": 0.384, "stress": 0.397}, "289": {"non-stress": 0.385, "stress": 0.397}, "290": {"non-stress": 0.387, "stress": 0.399}, "291": {"non-stress": 0.387, "stress": 0.399}, "292": {"non-stress": 0.389, "stress": 0.4}, "293": {"non-stress": 0.39, "stress": 0.402}, "294": {"non-stress": 0.392, "stress": 0.403}, "295": {"non-stress": 0.392, "stress": 0.404}, "296": {"non-stress": 0.393, "stress": 0.405}, "297": {"non-stress": 0.394, "stress": 0.406}, "298": {"non-stress": 0.395, "stress": 0.408}, "299": {"non-stress": 0.396, "stress": 0.409}, "300": {"non-stress": 0.397, "stress": 0.409}, "301": {"non-stress": 0.398, "stress": 0.411}, "302": {"non-stress": 0.399, "stress": 0.412}, "303": {"non-stress": 0.4, "stress": 0.414}, "304": {"non-stress": 0.402, "stress": 0.414}, "305": {"non-stress": 0.403, "stress": 0.415}, "306": {"non-stress": 0.404, "stress": 0.416}, "307": {"non-stress": 0.405, "stress": 0.416}, "308": {"non-stress": 0.406, "stress": 0.417}, "309": {"non-stress": 0.408, "stress": 0.419}, "310": {"non-stress": 0.409, "stress": 0.42}, "311": {"non-stress": 0.41, "stress": 0.421}, "312": {"non-stress": 0.412, "stress": 0.422}, "313": {"non-stress": 0.413, "stress": 0.423}, "314": {"non-stress": 0.414, "stress": 0.424}, "315": {"non-stress": 0.416, "stress": 0.425}, "316": {"non-stress": 0.417, "stress": 0.426}, "317": {"non-stress": 0.417, "stress": 0.427}, "318": {"non-stress": 0.418, "stress": 0.428}, "319": {"non-stress": 0.419, "stress": 0.43}, "320": {"non-stress": 0.421, "stress": 0.431}, "321": {"non-stress": 0.422, "stress": 0.431}, "322": {"non-stress": 0.423, "stress": 0.433}, "323": {"non-stress": 0.424, "stress": 0.434}, "324": {"non-stress": 0.426, "stress": 0.435}, "325": {"non-stress": 0.427, "stress": 0.436}, "326": {"non-stress": 0.428, "stress": 0.437}, "327": {"non-stress": 0.429, "stress": 0.438}, "328": {"non-stress": 0.43, "stress": 0.439}, "329": {"non-stress": 0.431, "stress": 0.441}, "330": {"non-stress": 0.433, "stress": 0.441}, "331": {"non-stress": 0.434, "stress": 0.442}, "332": {"non-stress": 0.436, "stress": 0.443}, "333": {"non-stress": 0.437, "stress": 0.444}, "334": {"non-stress": 0.438, "stress": 0.445}, "335": {"non-stress": 0.439, "stress": 0.446}, "336": {"non-stress": 0.44, "stress": 0.447}, "337": {"non-stress": 0.441, "stress": 0.448}, "338": {"non-stress": 0.442, "stress": 0.45}, "339": {"non-stress": 0.443, "stress": 0.451}, "340": {"non-stress": 0.445, "stress": 0.452}, "341": {"non-stress": 0.445, "stress": 0.453}, "342": {"non-stress": 0.446, "stress": 0.455}, "343": {"non-stress": 0.447, "stress": 0.456}, "344": {"non-stress": 0.449, "stress": 0.457}, "345": {"non-stress": 0.45, "stress": 0.458}, "346": {"non-stress": 0.451, "stress": 0.459}, "347": {"non-stress": 0.451, "stress": 0.46}, "348": {"non-stress": 0.453, "stress": 0.461}, "349": {"non-stress": 0.454, "stress": 0.462}, "350": {"non-stress": 0.455, "stress": 0.463}, "351": {"non-stress": 0.455, "stress": 0.464}, "352": {"non-stress": 0.456, "stress": 0.465}, "353": {"non-stress": 0.457, "stress": 0.466}, "354": {"non-stress": 0.459, "stress": 0.467}, "355": {"non-stress": 0.46, "stress": 0.468}, "356": {"non-stress": 0.461, "stress": 0.469}, "357": {"non-stress": 0.462, "stress": 0.47}, "358": {"non-stress": 0.463, "stress": 0.471}, "359": {"non-stress": 0.465, "stress": 0.472}, "360": {"non-stress": 0.465, "stress": 0.472}, "361": {"non-stress": 0.466, "stress": 0.473}, "362": {"non-stress": 0.468, "stress": 0.475}, "363": {"non-stress": 0.469, "stress": 0.476}, "364": {"non-stress": 0.47, "stress": 0.477}, "365": {"non-stress": 0.471, "stress": 0.478}, "366": {"non-stress": 0.472, "stress": 0.478}, "367": {"non-stress": 0.473, "stress": 0.479}, "368": {"non-stress": 0.474, "stress": 0.481}, "369": {"non-stress": 0.476, "stress": 0.482}, "370": {"non-stress": 0.477, "stress": 0.483}, "371": {"non-stress": 0.478, "stress": 0.484}, "372": {"non-stress": 0.479, "stress": 0.485}, "373": {"non-stress": 0.48, "stress": 0.486}, "374": {"non-stress": 0.481, "stress": 0.487}, "375": {"non-stress": 0.483, "stress": 0.488}, "376": {"non-stress": 0.484, "stress": 0.489}, "377": {"non-stress": 0.485, "stress": 0.49}, "378": {"non-stress": 0.486, "stress": 0.49}, "379": {"non-stress": 0.487, "stress": 0.491}, "380": {"non-stress": 0.488, "stress": 0.492}, "381": {"non-stress": 0.489, "stress": 0.493}, "382": {"non-stress": 0.49, "stress": 0.494}, "383": {"non-stress": 0.49, "stress": 0.494}, "384": {"non-stress": 0.491, "stress": 0.495}, "385": {"non-stress": 0.492, "stress": 0.496}, "386": {"non-stress": 0.493, "stress": 0.497}, "387": {"non-stress": 0.494, "stress": 0.498}, "388": {"non-stress": 0.495, "stress": 0.499}, "389": {"non-stress": 0.496, "stress": 0.5}, "390": {"non-stress": 0.497, "stress": 0.501}, "391": {"non-stress": 0.498, "stress": 0.502}, "392": {"non-stress": 0.5, "stress": 0.503}, "393": {"non-stress": 0.501, "stress": 0.504}, "394": {"non-stress": 0.502, "stress": 0.505}, "395": {"non-stress": 0.503, "stress": 0.506}, "396": {"non-stress": 0.504, "stress": 0.508}, "397": {"non-stress": 0.505, "stress": 0.509}, "398": {"non-stress": 0.506, "stress": 0.51}, "399": {"non-stress": 0.507, "stress": 0.511}, "400": {"non-stress": 0.508, "stress": 0.512}, "401": {"non-stress": 0.509, "stress": 0.513}, "402": {"non-stress": 0.51, "stress": 0.514}, "403": {"non-stress": 0.511, "stress": 0.515}, "404": {"non-stress": 0.512, "stress": 0.516}, "405": {"non-stress": 0.513, "stress": 0.517}, "406": {"non-stress": 0.514, "stress": 0.518}, "407": {"non-stress": 0.515, "stress": 0.519}, "408": {"non-stress": 0.516, "stress": 0.52}, "409": {"non-stress": 0.517, "stress": 0.522}, "410": {"non-stress": 0.518, "stress": 0.522}, "411": {"non-stress": 0.519, "stress": 0.524}, "412": {"non-stress": 0.52, "stress": 0.524}, "413": {"non-stress": 0.521, "stress": 0.525}, "414": {"non-stress": 0.521, "stress": 0.526}, "415": {"non-stress": 0.522, "stress": 0.528}, "416": {"non-stress": 0.523, "stress": 0.529}, "417": {"non-stress": 0.524, "stress": 0.53}, "418": {"non-stress": 0.525, "stress": 0.532}, "419": {"non-stress": 0.526, "stress": 0.533}, "420": {"non-stress": 0.527, "stress": 0.533}, "421": {"non-stress": 0.528, "stress": 0.535}, "422": {"non-stress": 0.529, "stress": 0.536}, "423": {"non-stress": 0.531, "stress": 0.537}, "424": {"non-stress": 0.531, "stress": 0.538}, "425": {"non-stress": 0.532, "stress": 0.539}, "426": {"non-stress": 0.533, "stress": 0.54}, "427": {"non-stress": 0.534, "stress": 0.541}, "428": {"non-stress": 0.535, "stress": 0.541}, "429": {"non-stress": 0.536, "stress": 0.542}, "430": {"non-stress": 0.537, "stress": 0.543}, "431": {"non-stress": 0.538, "stress": 0.544}, "432": {"non-stress": 0.539, "stress": 0.545}, "433": {"non-stress": 0.54, "stress": 0.546}, "434": {"non-stress": 0.542, "stress": 0.547}, "435": {"non-stress": 0.543, "stress": 0.547}, "436": {"non-stress": 0.544, "stress": 0.548}, "437": {"non-stress": 0.544, "stress": 0.549}, "438": {"non-stress": 0.545, "stress": 0.549}, "439": {"non-stress": 0.546, "stress": 0.55}, "440": {"non-stress": 0.547, "stress": 0.551}, "441": {"non-stress": 0.548, "stress": 0.552}, "442": {"non-stress": 0.549, "stress": 0.553}, "443": {"non-stress": 0.551, "stress": 0.554}, "444": {"non-stress": 0.551, "stress": 0.555}, "445": {"non-stress": 0.552, "stress": 0.556}, "446": {"non-stress": 0.553, "stress": 0.557}, "447": {"non-stress": 0.554, "stress": 0.558}, "448": {"non-stress": 0.555, "stress": 0.559}, "449": {"non-stress": 0.556, "stress": 0.559}, "450": {"non-stress": 0.557, "stress": 0.56}, "451": {"non-stress": 0.558, "stress": 0.561}, "452": {"non-stress": 0.559, "stress": 0.562}, "453": {"non-stress": 0.559, "stress": 0.563}, "454": {"non-stress": 0.56, "stress": 0.564}, "455": {"non-stress": 0.561, "stress": 0.565}, "456": {"non-stress": 0.562, "stress": 0.566}, "457": {"non-stress": 0.563, "stress": 0.567}, "458": {"non-stress": 0.564, "stress": 0.568}, "459": {"non-stress": 0.565, "stress": 0.569}, "460": {"non-stress": 0.566, "stress": 0.57}, "461": {"non-stress": 0.567, "stress": 0.571}, "462": {"non-stress": 0.568, "stress": 0.572}, "463": {"non-stress": 0.569, "stress": 0.573}, "464": {"non-stress": 0.57, "stress": 0.573}, "465": {"non-stress": 0.571, "stress": 0.574}, "466": {"non-stress": 0.571, "stress": 0.575}, "467": {"non-stress": 0.573, "stress": 0.576}, "468": {"non-stress": 0.574, "stress": 0.577}, "469": {"non-stress": 0.574, "stress": 0.578}, "470": {"non-stress": 0.575, "stress": 0.58}, "471": {"non-stress": 0.576, "stress": 0.58}, "472": {"non-stress": 0.577, "stress": 0.582}, "473": {"non-stress": 0.578, "stress": 0.582}, "474": {"non-stress": 0.579, "stress": 0.584}, "475": {"non-stress": 0.58, "stress": 0.584}, "476": {"non-stress": 0.581, "stress": 0.585}, "477": {"non-stress": 0.582, "stress": 0.586}, "478": {"non-stress": 0.582, "stress": 0.587}, "479": {"non-stress": 0.583, "stress": 0.588}, "480": {"non-stress": 0.584, "stress": 0.589}, "481": {"non-stress": 0.585, "stress": 0.59}, "482": {"non-stress": 0.586, "stress": 0.591}, "483": {"non-stress": 0.587, "stress": 0.592}, "484": {"non-stress": 0.587, "stress": 0.593}, "485": {"non-stress": 0.588, "stress": 0.594}, "486": {"non-stress": 0.59, "stress": 0.595}, "487": {"non-stress": 0.59, "stress": 0.596}, "488": {"non-stress": 0.591, "stress": 0.597}, "489": {"non-stress": 0.592, "stress": 0.598}, "490": {"non-stress": 0.593, "stress": 0.599}, "491": {"non-stress": 0.593, "stress": 0.6}, "492": {"non-stress": 0.595, "stress": 0.601}, "493": {"non-stress": 0.595, "stress": 0.602}, "494": {"non-stress": 0.596, "stress": 0.603}, "495": {"non-stress": 0.597, "stress": 0.604}, "496": {"non-stress": 0.598, "stress": 0.605}, "497": {"non-stress": 0.598, "stress": 0.606}, "498": {"non-stress": 0.6, "stress": 0.607}, "499": {"non-stress": 0.601, "stress": 0.608}, "500": {"non-stress": 0.602, "stress": 0.609}, "501": {"non-stress": 0.603, "stress": 0.61}, "502": {"non-stress": 0.604, "stress": 0.611}, "503": {"non-stress": 0.605, "stress": 0.612}, "504": {"non-stress": 0.606, "stress": 0.612}, "505": {"non-stress": 0.607, "stress": 0.613}, "506": {"non-stress": 0.608, "stress": 0.614}, "507": {"non-stress": 0.609, "stress": 0.615}, "508": {"non-stress": 0.61, "stress": 0.616}, "509": {"non-stress": 0.611, "stress": 0.617}, "510": {"non-stress": 0.612, "stress": 0.617}, "511": {"non-stress": 0.614, "stress": 0.618}, "512": {"non-stress": 0.615, "stress": 0.62}, "513": {"non-stress": 0.616, "stress": 0.62}, "514": {"non-stress": 0.617, "stress": 0.621}, "515": {"non-stress": 0.618, "stress": 0.622}, "516": {"non-stress": 0.619, "stress": 0.623}, "517": {"non-stress": 0.62, "stress": 0.624}, "518": {"non-stress": 0.621, "stress": 0.625}, "519": {"non-stress": 0.622, "stress": 0.626}, "520": {"non-stress": 0.623, "stress": 0.627}, "521": {"non-stress": 0.625, "stress": 0.628}, "522": {"non-stress": 0.626, "stress": 0.63}, "523": {"non-stress": 0.627, "stress": 0.631}, "524": {"non-stress": 0.628, "stress": 0.632}, "525": {"non-stress": 0.629, "stress": 0.633}, "526": {"non-stress": 0.63, "stress": 0.634}, "527": {"non-stress": 0.631, "stress": 0.635}, "528": {"non-stress": 0.632, "stress": 0.635}, "529": {"non-stress": 0.633, "stress": 0.636}, "530": {"non-stress": 0.634, "stress": 0.637}, "531": {"non-stress": 0.636, "stress": 0.639}, "532": {"non-stress": 0.636, "stress": 0.639}, "533": {"non-stress": 0.637, "stress": 0.64}, "534": {"non-stress": 0.638, "stress": 0.641}, "535": {"non-stress": 0.639, "stress": 0.643}, "536": {"non-stress": 0.64, "stress": 0.644}, "537": {"non-stress": 0.641, "stress": 0.644}, "538": {"non-stress": 0.642, "stress": 0.646}, "539": {"non-stress": 0.643, "stress": 0.647}, "540": {"non-stress": 0.644, "stress": 0.647}, "541": {"non-stress": 0.645, "stress": 0.648}, "542": {"non-stress": 0.646, "stress": 0.65}, "543": {"non-stress": 0.647, "stress": 0.65}, "544": {"non-stress": 0.648, "stress": 0.651}, "545": {"non-stress": 0.649, "stress": 0.652}, "546": {"non-stress": 0.65, "stress": 0.653}, "547": {"non-stress": 0.651, "stress": 0.654}, "548": {"non-stress": 0.652, "stress": 0.655}, "549": {"non-stress": 0.652, "stress": 0.655}, "550": {"non-stress": 0.653, "stress": 0.656}, "551": {"non-stress": 0.654, "stress": 0.657}, "552": {"non-stress": 0.655, "stress": 0.658}, "553": {"non-stress": 0.656, "stress": 0.659}, "554": {"non-stress": 0.657, "stress": 0.66}, "555": {"non-stress": 0.658, "stress": 0.661}, "556": {"non-stress": 0.66, "stress": 0.661}, "557": {"non-stress": 0.66, "stress": 0.662}, "558": {"non-stress": 0.661, "stress": 0.663}, "559": {"non-stress": 0.663, "stress": 0.664}, "560": {"non-stress": 0.664, "stress": 0.664}, "561": {"non-stress": 0.665, "stress": 0.665}, "562": {"non-stress": 0.666, "stress": 0.665}, "563": {"non-stress": 0.667, "stress": 0.666}, "564": {"non-stress": 0.668, "stress": 0.667}, "565": {"non-stress": 0.669, "stress": 0.668}, "566": {"non-stress": 0.669, "stress": 0.669}, "567": {"non-stress": 0.67, "stress": 0.67}, "568": {"non-stress": 0.671, "stress": 0.67}, "569": {"non-stress": 0.672, "stress": 0.671}, "570": {"non-stress": 0.673, "stress": 0.673}, "571": {"non-stress": 0.675, "stress": 0.673}, "572": {"non-stress": 0.675, "stress": 0.674}, "573": {"non-stress": 0.676, "stress": 0.675}, "574": {"non-stress": 0.677, "stress": 0.676}, "575": {"non-stress": 0.678, "stress": 0.677}, "576": {"non-stress": 0.68, "stress": 0.678}, "577": {"non-stress": 0.681, "stress": 0.679}, "578": {"non-stress": 0.682, "stress": 0.68}, "579": {"non-stress": 0.682, "stress": 0.681}, "580": {"non-stress": 0.684, "stress": 0.682}, "581": {"non-stress": 0.685, "stress": 0.683}, "582": {"non-stress": 0.686, "stress": 0.684}, "583": {"non-stress": 0.687, "stress": 0.685}, "584": {"non-stress": 0.688, "stress": 0.686}, "585": {"non-stress": 0.689, "stress": 0.687}, "586": {"non-stress": 0.689, "stress": 0.688}, "587": {"non-stress": 0.69, "stress": 0.689}, "588": {"non-stress": 0.691, "stress": 0.69}, "589": {"non-stress": 0.693, "stress": 0.69}, "590": {"non-stress": 0.693, "stress": 0.691}, "591": {"non-stress": 0.694, "stress": 0.692}, "592": {"non-stress": 0.695, "stress": 0.693}, "593": {"non-stress": 0.696, "stress": 0.694}, "594": {"non-stress": 0.696, "stress": 0.695}, "595": {"non-stress": 0.697, "stress": 0.696}, "596": {"non-stress": 0.698, "stress": 0.697}, "597": {"non-stress": 0.699, "stress": 0.698}, "598": {"non-stress": 0.7, "stress": 0.698}, "599": {"non-stress": 0.701, "stress": 0.699}, "600": {"non-stress": 0.701, "stress": 0.7}, "601": {"non-stress": 0.702, "stress": 0.701}, "602": {"non-stress": 0.703, "stress": 0.702}, "603": {"non-stress": 0.704, "stress": 0.703}, "604": {"non-stress": 0.705, "stress": 0.703}, "605": {"non-stress": 0.706, "stress": 0.704}, "606": {"non-stress": 0.707, "stress": 0.705}, "607": {"non-stress": 0.708, "stress": 0.706}, "608": {"non-stress": 0.709, "stress": 0.706}, "609": {"non-stress": 0.71, "stress": 0.707}, "610": {"non-stress": 0.71, "stress": 0.708}, "611": {"non-stress": 0.712, "stress": 0.708}, "612": {"non-stress": 0.713, "stress": 0.71}, "613": {"non-stress": 0.714, "stress": 0.71}, "614": {"non-stress": 0.715, "stress": 0.711}, "615": {"non-stress": 0.715, "stress": 0.712}, "616": {"non-stress": 0.716, "stress": 0.713}, "617": {"non-stress": 0.717, "stress": 0.715}, "618": {"non-stress": 0.718, "stress": 0.716}, "619": {"non-stress": 0.718, "stress": 0.716}, "620": {"non-stress": 0.719, "stress": 0.717}, "621": {"non-stress": 0.72, "stress": 0.718}, "622": {"non-stress": 0.72, "stress": 0.719}, "623": {"non-stress": 0.721, "stress": 0.72}, "624": {"non-stress": 0.722, "stress": 0.721}, "625": {"non-stress": 0.722, "stress": 0.722}, "626": {"non-stress": 0.723, "stress": 0.723}, "627": {"non-stress": 0.724, "stress": 0.724}, "628": {"non-stress": 0.725, "stress": 0.725}, "629": {"non-stress": 0.726, "stress": 0.726}, "630": {"non-stress": 0.727, "stress": 0.727}, "631": {"non-stress": 0.728, "stress": 0.728}, "632": {"non-stress": 0.729, "stress": 0.729}, "633": {"non-stress": 0.73, "stress": 0.73}, "634": {"non-stress": 0.731, "stress": 0.73}, "635": {"non-stress": 0.731, "stress": 0.732}, "636": {"non-stress": 0.732, "stress": 0.733}, "637": {"non-stress": 0.733, "stress": 0.734}, "638": {"non-stress": 0.734, "stress": 0.734}, "639": {"non-stress": 0.735, "stress": 0.735}, "640": {"non-stress": 0.736, "stress": 0.736}, "641": {"non-stress": 0.736, "stress": 0.737}, "642": {"non-stress": 0.737, "stress": 0.738}, "643": {"non-stress": 0.738, "stress": 0.738}, "644": {"non-stress": 0.739, "stress": 0.739}, "645": {"non-stress": 0.74, "stress": 0.739}, "646": {"non-stress": 0.741, "stress": 0.741}, "647": {"non-stress": 0.742, "stress": 0.741}, "648": {"non-stress": 0.743, "stress": 0.742}, "649": {"non-stress": 0.744, "stress": 0.743}, "650": {"non-stress": 0.745, "stress": 0.744}, "651": {"non-stress": 0.746, "stress": 0.745}, "652": {"non-stress": 0.747, "stress": 0.746}, "653": {"non-stress": 0.749, "stress": 0.747}, "654": {"non-stress": 0.749, "stress": 0.748}, "655": {"non-stress": 0.75, "stress": 0.749}, "656": {"non-stress": 0.751, "stress": 0.749}, "657": {"non-stress": 0.752, "stress": 0.75}, "658": {"non-stress": 0.753, "stress": 0.752}, "659": {"non-stress": 0.753, "stress": 0.752}, "660": {"non-stress": 0.754, "stress": 0.753}, "661": {"non-stress": 0.755, "stress": 0.754}, "662": {"non-stress": 0.756, "stress": 0.755}, "663": {"non-stress": 0.757, "stress": 0.756}, "664": {"non-stress": 0.757, "stress": 0.757}, "665": {"non-stress": 0.758, "stress": 0.757}, "666": {"non-stress": 0.759, "stress": 0.758}, "667": {"non-stress": 0.76, "stress": 0.759}, "668": {"non-stress": 0.761, "stress": 0.76}, "669": {"non-stress": 0.762, "stress": 0.761}, "670": {"non-stress": 0.763, "stress": 0.762}, "671": {"non-stress": 0.763, "stress": 0.763}, "672": {"non-stress": 0.764, "stress": 0.764}, "673": {"non-stress": 0.765, "stress": 0.765}, "674": {"non-stress": 0.766, "stress": 0.766}, "675": {"non-stress": 0.767, "stress": 0.767}, "676": {"non-stress": 0.768, "stress": 0.767}, "677": {"non-stress": 0.769, "stress": 0.768}, "678": {"non-stress": 0.77, "stress": 0.769}, "679": {"non-stress": 0.77, "stress": 0.77}, "680": {"non-stress": 0.771, "stress": 0.771}, "681": {"non-stress": 0.772, "stress": 0.771}, "682": {"non-stress": 0.772, "stress": 0.772}, "683": {"non-stress": 0.773, "stress": 0.773}, "684": {"non-stress": 0.774, "stress": 0.773}, "685": {"non-stress": 0.775, "stress": 0.774}, "686": {"non-stress": 0.776, "stress": 0.774}, "687": {"non-stress": 0.777, "stress": 0.775}, "688": {"non-stress": 0.778, "stress": 0.776}, "689": {"non-stress": 0.779, "stress": 0.776}, "690": {"non-stress": 0.78, "stress": 0.777}, "691": {"non-stress": 0.78, "stress": 0.778}, "692": {"non-stress": 0.781, "stress": 0.779}, "693": {"non-stress": 0.782, "stress": 0.78}, "694": {"non-stress": 0.783, "stress": 0.78}, "695": {"non-stress": 0.784, "stress": 0.781}, "696": {"non-stress": 0.785, "stress": 0.782}, "697": {"non-stress": 0.785, "stress": 0.783}, "698": {"non-stress": 0.786, "stress": 0.784}, "699": {"non-stress": 0.787, "stress": 0.785}, "700": {"non-stress": 0.788, "stress": 0.785}, "701": {"non-stress": 0.789, "stress": 0.786}, "702": {"non-stress": 0.79, "stress": 0.787}, "703": {"non-stress": 0.79, "stress": 0.788}, "704": {"non-stress": 0.791, "stress": 0.789}, "705": {"non-stress": 0.792, "stress": 0.79}, "706": {"non-stress": 0.793, "stress": 0.791}, "707": {"non-stress": 0.794, "stress": 0.792}, "708": {"non-stress": 0.794, "stress": 0.792}, "709": {"non-stress": 0.795, "stress": 0.793}, "710": {"non-stress": 0.796, "stress": 0.794}, "711": {"non-stress": 0.797, "stress": 0.795}, "712": {"non-stress": 0.798, "stress": 0.796}, "713": {"non-stress": 0.799, "stress": 0.797}, "714": {"non-stress": 0.8, "stress": 0.798}, "715": {"non-stress": 0.8, "stress": 0.799}, "716": {"non-stress": 0.801, "stress": 0.8}, "717": {"non-stress": 0.802, "stress": 0.801}, "718": {"non-stress": 0.803, "stress": 0.801}, "719": {"non-stress": 0.804, "stress": 0.802}, "720": {"non-stress": 0.805, "stress": 0.803}, "721": {"non-stress": 0.805, "stress": 0.804}, "722": {"non-stress": 0.806, "stress": 0.805}, "723": {"non-stress": 0.806, "stress": 0.806}, "724": {"non-stress": 0.807, "stress": 0.806}, "725": {"non-stress": 0.809, "stress": 0.807}, "726": {"non-stress": 0.809, "stress": 0.807}, "727": {"non-stress": 0.81, "stress": 0.808}, "728": {"non-stress": 0.811, "stress": 0.809}, "729": {"non-stress": 0.812, "stress": 0.81}, "730": {"non-stress": 0.813, "stress": 0.811}, "731": {"non-stress": 0.814, "stress": 0.812}, "732": {"non-stress": 0.815, "stress": 0.812}, "733": {"non-stress": 0.816, "stress": 0.814}, "734": {"non-stress": 0.816, "stress": 0.814}, "735": {"non-stress": 0.817, "stress": 0.814}, "736": {"non-stress": 0.818, "stress": 0.815}, "737": {"non-stress": 0.819, "stress": 0.816}, "738": {"non-stress": 0.82, "stress": 0.816}, "739": {"non-stress": 0.821, "stress": 0.817}, "740": {"non-stress": 0.821, "stress": 0.818}, "741": {"non-stress": 0.822, "stress": 0.819}, "742": {"non-stress": 0.823, "stress": 0.82}, "743": {"non-stress": 0.824, "stress": 0.82}, "744": {"non-stress": 0.825, "stress": 0.821}, "745": {"non-stress": 0.826, "stress": 0.821}, "746": {"non-stress": 0.827, "stress": 0.822}, "747": {"non-stress": 0.827, "stress": 0.823}, "748": {"non-stress": 0.828, "stress": 0.824}, "749": {"non-stress": 0.828, "stress": 0.825}, "750": {"non-stress": 0.829, "stress": 0.825}, "751": {"non-stress": 0.83, "stress": 0.826}, "752": {"non-stress": 0.831, "stress": 0.826}, "753": {"non-stress": 0.832, "stress": 0.827}, "754": {"non-stress": 0.833, "stress": 0.827}, "755": {"non-stress": 0.834, "stress": 0.828}, "756": {"non-stress": 0.835, "stress": 0.829}, "757": {"non-stress": 0.835, "stress": 0.829}, "758": {"non-stress": 0.836, "stress": 0.83}, "759": {"non-stress": 0.837, "stress": 0.83}, "760": {"non-stress": 0.837, "stress": 0.831}, "761": {"non-stress": 0.838, "stress": 0.832}, "762": {"non-stress": 0.839, "stress": 0.833}, "763": {"non-stress": 0.84, "stress": 0.834}, "764": {"non-stress": 0.841, "stress": 0.834}, "765": {"non-stress": 0.841, "stress": 0.835}, "766": {"non-stress": 0.842, "stress": 0.835}, "767": {"non-stress": 0.843, "stress": 0.836}, "768": {"non-stress": 0.843, "stress": 0.837}, "769": {"non-stress": 0.844, "stress": 0.838}, "770": {"non-stress": 0.844, "stress": 0.839}, "771": {"non-stress": 0.845, "stress": 0.84}, "772": {"non-stress": 0.846, "stress": 0.84}, "773": {"non-stress": 0.846, "stress": 0.842}, "774": {"non-stress": 0.847, "stress": 0.843}, "775": {"non-stress": 0.847, "stress": 0.843}, "776": {"non-stress": 0.849, "stress": 0.844}, "777": {"non-stress": 0.849, "stress": 0.844}, "778": {"non-stress": 0.85, "stress": 0.845}, "779": {"non-stress": 0.851, "stress": 0.845}, "780": {"non-stress": 0.852, "stress": 0.846}, "781": {"non-stress": 0.852, "stress": 0.847}, "782": {"non-stress": 0.853, "stress": 0.848}, "783": {"non-stress": 0.854, "stress": 0.848}, "784": {"non-stress": 0.855, "stress": 0.849}, "785": {"non-stress": 0.856, "stress": 0.85}, "786": {"non-stress": 0.856, "stress": 0.851}, "787": {"non-stress": 0.857, "stress": 0.851}, "788": {"non-stress": 0.858, "stress": 0.852}, "789": {"non-stress": 0.859, "stress": 0.852}, "790": {"non-stress": 0.859, "stress": 0.853}, "791": {"non-stress": 0.86, "stress": 0.854}, "792": {"non-stress": 0.861, "stress": 0.855}, "793": {"non-stress": 0.862, "stress": 0.856}, "794": {"non-stress": 0.863, "stress": 0.857}, "795": {"non-stress": 0.863, "stress": 0.857}, "796": {"non-stress": 0.864, "stress": 0.858}, "797": {"non-stress": 0.865, "stress": 0.858}, "798": {"non-stress": 0.866, "stress": 0.859}, "799": {"non-stress": 0.867, "stress": 0.86}, "800": {"non-stress": 0.868, "stress": 0.86}, "801": {"non-stress": 0.868, "stress": 0.861}, "802": {"non-stress": 0.869, "stress": 0.862}, "803": {"non-stress": 0.87, "stress": 0.863}, "804": {"non-stress": 0.87, "stress": 0.863}, "805": {"non-stress": 0.871, "stress": 0.864}, "806": {"non-stress": 0.871, "stress": 0.865}, "807": {"non-stress": 0.872, "stress": 0.866}, "808": {"non-stress": 0.873, "stress": 0.867}, "809": {"non-stress": 0.873, "stress": 0.868}, "810": {"non-stress": 0.874, "stress": 0.869}, "811": {"non-stress": 0.875, "stress": 0.87}, "812": {"non-stress": 0.875, "stress": 0.871}, "813": {"non-stress": 0.876, "stress": 0.872}, "814": {"non-stress": 0.877, "stress": 0.872}, "815": {"non-stress": 0.877, "stress": 0.873}, "816": {"non-stress": 0.878, "stress": 0.874}, "817": {"non-stress": 0.879, "stress": 0.875}, "818": {"non-stress": 0.88, "stress": 0.875}, "819": {"non-stress": 0.88, "stress": 0.876}, "820": {"non-stress": 0.881, "stress": 0.876}, "821": {"non-stress": 0.882, "stress": 0.877}, "822": {"non-stress": 0.883, "stress": 0.878}, "823": {"non-stress": 0.884, "stress": 0.879}, "824": {"non-stress": 0.885, "stress": 0.88}, "825": {"non-stress": 0.885, "stress": 0.88}, "826": {"non-stress": 0.886, "stress": 0.881}, "827": {"non-stress": 0.887, "stress": 0.882}, "828": {"non-stress": 0.888, "stress": 0.883}, "829": {"non-stress": 0.889, "stress": 0.883}, "830": {"non-stress": 0.889, "stress": 0.884}, "831": {"non-stress": 0.89, "stress": 0.885}, "832": {"non-stress": 0.89, "stress": 0.886}, "833": {"non-stress": 0.891, "stress": 0.887}, "834": {"non-stress": 0.893, "stress": 0.888}, "835": {"non-stress": 0.893, "stress": 0.888}, "836": {"non-stress": 0.894, "stress": 0.889}, "837": {"non-stress": 0.895, "stress": 0.89}, "838": {"non-stress": 0.895, "stress": 0.89}, "839": {"non-stress": 0.896, "stress": 0.891}, "840": {"non-stress": 0.897, "stress": 0.892}, "841": {"non-stress": 0.898, "stress": 0.893}, "842": {"non-stress": 0.899, "stress": 0.893}, "843": {"non-stress": 0.899, "stress": 0.894}, "844": {"non-stress": 0.9, "stress": 0.895}, "845": {"non-stress": 0.901, "stress": 0.896}, "846": {"non-stress": 0.901, "stress": 0.897}, "847": {"non-stress": 0.902, "stress": 0.898}, "848": {"non-stress": 0.903, "stress": 0.898}, "849": {"non-stress": 0.904, "stress": 0.899}, "850": {"non-stress": 0.904, "stress": 0.9}, "851": {"non-stress": 0.905, "stress": 0.9}, "852": {"non-stress": 0.906, "stress": 0.901}, "853": {"non-stress": 0.907, "stress": 0.901}, "854": {"non-stress": 0.908, "stress": 0.902}, "855": {"non-stress": 0.909, "stress": 0.903}, "856": {"non-stress": 0.91, "stress": 0.903}, "857": {"non-stress": 0.91, "stress": 0.904}, "858": {"non-stress": 0.911, "stress": 0.904}, "859": {"non-stress": 0.912, "stress": 0.905}, "860": {"non-stress": 0.912, "stress": 0.906}, "861": {"non-stress": 0.913, "stress": 0.906}, "862": {"non-stress": 0.913, "stress": 0.907}, "863": {"non-stress": 0.914, "stress": 0.908}, "864": {"non-stress": 0.914, "stress": 0.909}, "865": {"non-stress": 0.915, "stress": 0.91}, "866": {"non-stress": 0.916, "stress": 0.91}, "867": {"non-stress": 0.916, "stress": 0.911}, "868": {"non-stress": 0.917, "stress": 0.912}, "869": {"non-stress": 0.917, "stress": 0.913}, "870": {"non-stress": 0.918, "stress": 0.913}, "871": {"non-stress": 0.919, "stress": 0.914}, "872": {"non-stress": 0.92, "stress": 0.915}, "873": {"non-stress": 0.921, "stress": 0.916}, "874": {"non-stress": 0.922, "stress": 0.916}, "875": {"non-stress": 0.923, "stress": 0.917}, "876": {"non-stress": 0.923, "stress": 0.918}, "877": {"non-stress": 0.924, "stress": 0.919}, "878": {"non-stress": 0.925, "stress": 0.92}, "879": {"non-stress": 0.925, "stress": 0.921}, "880": {"non-stress": 0.926, "stress": 0.921}, "881": {"non-stress": 0.927, "stress": 0.922}, "882": {"non-stress": 0.928, "stress": 0.923}, "883": {"non-stress": 0.929, "stress": 0.924}, "884": {"non-stress": 0.929, "stress": 0.924}, "885": {"non-stress": 0.93, "stress": 0.924}, "886": {"non-stress": 0.931, "stress": 0.925}, "887": {"non-stress": 0.932, "stress": 0.926}, "888": {"non-stress": 0.932, "stress": 0.927}, "889": {"non-stress": 0.933, "stress": 0.927}, "890": {"non-stress": 0.934, "stress": 0.928}, "891": {"non-stress": 0.935, "stress": 0.929}, "892": {"non-stress": 0.936, "stress": 0.929}, "893": {"non-stress": 0.937, "stress": 0.93}, "894": {"non-stress": 0.938, "stress": 0.93}, "895": {"non-stress": 0.939, "stress": 0.931}, "896": {"non-stress": 0.939, "stress": 0.932}, "897": {"non-stress": 0.94, "stress": 0.933}, "898": {"non-stress": 0.94, "stress": 0.934}, "899": {"non-stress": 0.941, "stress": 0.935}, "900": {"non-stress": 0.942, "stress": 0.936}, "901": {"non-stress": 0.942, "stress": 0.936}, "902": {"non-stress": 0.943, "stress": 0.937}, "903": {"non-stress": 0.944, "stress": 0.938}, "904": {"non-stress": 0.945, "stress": 0.939}, "905": {"non-stress": 0.945, "stress": 0.94}, "906": {"non-stress": 0.946, "stress": 0.94}, "907": {"non-stress": 0.946, "stress": 0.941}, "908": {"non-stress": 0.947, "stress": 0.942}, "909": {"non-stress": 0.948, "stress": 0.943}, "910": {"non-stress": 0.949, "stress": 0.944}, "911": {"non-stress": 0.949, "stress": 0.944}, "912": {"non-stress": 0.95, "stress": 0.945}, "913": {"non-stress": 0.95, "stress": 0.946}, "914": {"non-stress": 0.951, "stress": 0.946}, "915": {"non-stress": 0.951, "stress": 0.947}, "916": {"non-stress": 0.952, "stress": 0.947}, "917": {"non-stress": 0.953, "stress": 0.948}, "918": {"non-stress": 0.954, "stress": 0.949}, "919": {"non-stress": 0.954, "stress": 0.95}, "920": {"non-stress": 0.955, "stress": 0.95}, "921": {"non-stress": 0.956, "stress": 0.951}, "922": {"non-stress": 0.956, "stress": 0.952}, "923": {"non-stress": 0.957, "stress": 0.952}, "924": {"non-stress": 0.957, "stress": 0.953}, "925": {"non-stress": 0.958, "stress": 0.954}, "926": {"non-stress": 0.958, "stress": 0.955}, "927": {"non-stress": 0.959, "stress": 0.956}, "928": {"non-stress": 0.959, "stress": 0.957}, "929": {"non-stress": 0.96, "stress": 0.958}, "930": {"non-stress": 0.961, "stress": 0.958}, "931": {"non-stress": 0.961, "stress": 0.959}, "932": {"non-stress": 0.962, "stress": 0.96}, "933": {"non-stress": 0.963, "stress": 0.961}, "934": {"non-stress": 0.963, "stress": 0.962}, "935": {"non-stress": 0.964, "stress": 0.962}, "936": {"non-stress": 0.964, "stress": 0.963}, "937": {"non-stress": 0.965, "stress": 0.963}, "938": {"non-stress": 0.966, "stress": 0.964}, "939": {"non-stress": 0.966, "stress": 0.965}, "940": {"non-stress": 0.967, "stress": 0.966}, "941": {"non-stress": 0.968, "stress": 0.966}, "942": {"non-stress": 0.968, "stress": 0.967}, "943": {"non-stress": 0.969, "stress": 0.968}, "944": {"non-stress": 0.969, "stress": 0.968}, "945": {"non-stress": 0.97, "stress": 0.969}, "946": {"non-stress": 0.97, "stress": 0.969}, "947": {"non-stress": 0.971, "stress": 0.97}, "948": {"non-stress": 0.971, "stress": 0.971}, "949": {"non-stress": 0.972, "stress": 0.971}, "950": {"non-stress": 0.973, "stress": 0.972}, "951": {"non-stress": 0.974, "stress": 0.973}, "952": {"non-stress": 0.974, "stress": 0.974}, "953": {"non-stress": 0.975, "stress": 0.974}, "954": {"non-stress": 0.976, "stress": 0.975}, "955": {"non-stress": 0.976, "stress": 0.975}, "956": {"non-stress": 0.976, "stress": 0.976}, "957": {"non-stress": 0.977, "stress": 0.976}, "958": {"non-stress": 0.978, "stress": 0.977}, "959": {"non-stress": 0.978, "stress": 0.977}, "960": {"non-stress": 0.979, "stress": 0.978}, "961": {"non-stress": 0.98, "stress": 0.978}, "962": {"non-stress": 0.98, "stress": 0.979}, "963": {"non-stress": 0.981, "stress": 0.98}, "964": {"non-stress": 0.981, "stress": 0.98}, "965": {"non-stress": 0.982, "stress": 0.981}, "966": {"non-stress": 0.982, "stress": 0.981}, "967": {"non-stress": 0.983, "stress": 0.982}, "968": {"non-stress": 0.983, "stress": 0.982}, "969": {"non-stress": 0.984, "stress": 0.983}, "970": {"non-stress": 0.985, "stress": 0.983}, "971": {"non-stress": 0.986, "stress": 0.984}, "972": {"non-stress": 0.986, "stress": 0.984}, "973": {"non-stress": 0.987, "stress": 0.985}, "974": {"non-stress": 0.987, "stress": 0.985}, "975": {"non-stress": 0.988, "stress": 0.986}, "976": {"non-stress": 0.988, "stress": 0.986}, "977": {"non-stress": 0.989, "stress": 0.988}, "978": {"non-stress": 0.989, "stress": 0.988}, "979": {"non-stress": 0.99, "stress": 0.989}, "980": {"non-stress": 0.991, "stress": 0.989}, "981": {"non-stress": 0.991, "stress": 0.99}, "982": {"non-stress": 0.992, "stress": 0.99}, "983": {"non-stress": 0.992, "stress": 0.991}, "984": {"non-stress": 0.993, "stress": 0.991}, "985": {"non-stress": 0.993, "stress": 0.992}, "986": {"non-stress": 0.994, "stress": 0.992}, "987": {"non-stress": 0.994, "stress": 0.993}, "988": {"non-stress": 0.995, "stress": 0.994}, "989": {"non-stress": 0.995, "stress": 0.994}, "990": {"non-stress": 0.996, "stress": 0.995}, "991": {"non-stress": 0.996, "stress": 0.996}, "992": {"non-stress": 0.997, "stress": 0.996}, "993": {"non-stress": 0.997, "stress": 0.996}, "994": {"non-stress": 0.998, "stress": 0.997}, "995": {"non-stress": 0.998, "stress": 0.997}, "996": {"non-stress": 0.998, "stress": 0.998}, "997": {"non-stress": 0.999, "stress": 0.998}, "998": {"non-stress": 0.999, "stress": 0.999}, "999": {"non-stress": 0.999, "stress": 0.999}, "1000": {"non-stress": 1.0, "stress": 1.0}}