{"rank": {"bvp": [0, 0, 0, 0, 0, 0, 0, 0, 0, 0, 0, 0, 0, 0, 0], "eda": [3, 2, 6, 7, 13, 7, 4, 11, 5, 4, 14, 0, 10, 8, 1], "temp": [3, 5, 1, 14, 5, 12, 2, 7, 4, 7, 1, 0, 0, 7, 10], "acc": [0, 3, 0, 8, 2, 0, 2, 0, 5, 4, 2, 5, 1, 9, 6], "bvp+eda": [1, 0, 1, 1, 7, 3, 1, 4, 1, 1, 6, 0, 2, 2, 0], "bvp+temp": [1, 1, 0, 8, 1, 6, 0, 3, 0, 2, 0, 0, 0, 3, 4], "bvp+acc": [0, 0, 0, 2, 0, 0, 0, 0, 1, 1, 0, 1, 0, 2, 1], "eda+temp": [1, 2, 2, 12, 10, 13, 0, 11, 2, 6, 9, 0, 5, 9, 6], "eda+acc": [0, 0, 1, 9, 9, 2, 2, 5, 4, 3, 10, 1, 5, 9, 3], "temp+acc": [1, 4, 1, 13, 3, 5, 1, 2, 4, 5, 1, 2, 0, 9, 9], "bvp+eda+temp": [0, 0, 0, 8, 5, 5, 0, 6, 0, 2, 3, 0, 0, 3, 2], "bvp+eda+acc": [0, 0, 0, 2, 2, 0, 0, 3, 0, 1, 2, 1, 1, 4, 0], "bvp+temp+acc": [1, 2, 0, 6, 1, 2, 0, 0, 1, 2, 0, 0, 0, 3, 4], "eda+temp+acc": [0, 1, 0, 13, 7, 4, 1, 5, 3, 3, 4, 0, 1, 11, 5], "bvp+eda+temp+acc": [0, 0, 0, 8, 3, 2, 0, 2, 0, 1, 2, 0, 0, 4, 1]}, "score": {"bvp": [0, 0, 0, 0, 0, 0, 0, 0, 0, 0, 0, 0, 0, 0, 0], "eda": [3, 2, 6, 7, 13, 7, 4, 11, 5, 4, 14, 0, 10, 8, 1], "temp": [3, 5, 1, 14, 5, 12, 2, 7, 4, 7, 1, 0, 0, 7, 10], "acc": [0, 3, 0, 8, 2, 0, 2, 0, 5, 4, 2, 5, 1, 9, 6], "bvp+eda": [1, 1, 3, 3, 10, 1, 2, 4, 1, 1, 6, 0, 8, 5, 0], "bvp+temp": [1, 1, 0, 11, 1, 1, 1, 0, 0, 2, 0, 0, 0, 3, 5], "bvp+acc": [0, 0, 0, 3, 0, 0, 0, 0, 1, 2, 0, 0, 0, 1, 2], "eda+temp": [3, 2, 4, 13, 12, 13, 5, 10, 6, 5, 9, 0, 6, 8, 1], "eda+acc": [2, 2, 3, 6, 13, 4, 4, 5, 5, 4, 13, 0, 5, 7, 1], "temp+acc": [1, 4, 0, 13, 2, 2, 2, 0, 5, 6, 0, 1, 1, 10, 9], "bvp+eda+temp": [0, 0, 1, 11, 9, 4, 1, 3, 1, 2, 4, 0, 4, 6, 0], "bvp+eda+acc": [0, 1, 1, 4, 10, 1, 2, 3, 1, 1, 4, 0, 4, 5, 0], "bvp+temp+acc": [1, 1, 0, 10, 1, 0, 0, 0, 0, 3, 0, 0, 0, 3, 4], "eda+temp+acc": [0, 2, 1, 13, 10, 7, 4, 5, 5, 5, 7, 0, 4, 10, 2], "bvp+eda+temp+acc": [0, 0, 0, 11, 7, 1, 1, 3, 1, 2, 4, 0, 3, 7, 0]}}