{"1": {"rank": 0.139, "score": 0.128, "mean": 0.133}, "2": {"rank": 0.265, "score": 0.212, "mean": 0.239}, "3": {"rank": 0.347, "score": 0.286, "mean": 0.316}, "4": {"rank": 0.432, "score": 0.359, "mean": 0.396}, "5": {"rank": 0.502, "score": 0.443, "mean": 0.472}, "6": {"rank": 0.576, "score": 0.52, "mean": 0.548}, "7": {"rank": 0.642, "score": 0.571, "mean": 0.606}, "8": {"rank": 0.687, "score": 0.633, "mean": 0.66}, "9": {"rank": 0.732, "score": 0.682, "mean": 0.707}, "10": {"rank": 0.786, "score": 0.723, "mean": 0.754}, "11": {"rank": 0.836, "score": 0.774, "mean": 0.805}, "12": {"rank": 0.872, "score": 0.816, "mean": 0.844}, "13": {"rank": 0.91, "score": 0.872, "mean": 0.891}, "14": {"rank": 0.95, "score": 0.94, "mean": 0.945}, "15": {"rank": 1.0, "score": 1.0, "mean": 1.0}}