{"1": {"non-stress": 0.145, "stress": 0.11}, "2": {"non-stress": 0.247, "stress": 0.177}, "3": {"non-stress": 0.334, "stress": 0.237}, "4": {"non-stress": 0.397, "stress": 0.322}, "5": {"non-stress": 0.502, "stress": 0.383}, "6": {"non-stress": 0.605, "stress": 0.434}, "7": {"non-stress": 0.664, "stress": 0.477}, "8": {"non-stress": 0.741, "stress": 0.525}, "9": {"non-stress": 0.788, "stress": 0.576}, "10": {"non-stress": 0.825, "stress": 0.621}, "11": {"non-stress": 0.873, "stress": 0.675}, "12": {"non-stress": 0.897, "stress": 0.734}, "13": {"non-stress": 0.923, "stress": 0.822}, "14": {"non-stress": 0.971, "stress": 0.908}, "15": {"non-stress": 1.0, "stress": 1.0}}