{"1": {"bvp": 0.191, "eda": 0.08, "temp": 0.064, "acc": 0.214, "bvp+eda": 0.093, "bvp+temp": 0.117, "bvp+acc": 0.296, "eda+temp": 0.075, "eda+acc": 0.069, "temp+acc": 0.126, "bvp+eda+temp": 0.136, "bvp+eda+acc": 0.1, "bvp+temp+acc": 0.157, "eda+temp+acc": 0.128, "bvp+eda+temp+acc": 0.174}, "2": {"bvp": 0.379, "eda": 0.141, "temp": 0.156, "acc": 0.295, "bvp+eda": 0.161, "bvp+temp": 0.226, "bvp+acc": 0.377, "eda+temp": 0.141, "eda+acc": 0.15, "temp+acc": 0.247, "bvp+eda+temp": 0.171, "bvp+eda+acc": 0.174, "bvp+temp+acc": 0.29, "eda+temp+acc": 0.22, "bvp+eda+temp+acc": 0.263}, "3": {"bvp": 0.491, "eda": 0.211, "temp": 0.258, "acc": 0.381, "bvp+eda": 0.228, "bvp+temp": 0.354, "bvp+acc": 0.451, "eda+temp": 0.19, "eda+acc": 0.257, "temp+acc": 0.297, "bvp+eda+temp": 0.219, "bvp+eda+acc": 0.293, "bvp+temp+acc": 0.405, "eda+temp+acc": 0.256, "bvp+eda+temp+acc": 0.286}, "4": {"bvp": 0.572, "eda": 0.276, "temp": 0.353, "acc": 0.453, "bvp+eda": 0.302, "bvp+temp": 0.403, "bvp+acc": 0.506, "eda+temp": 0.268, "eda+acc": 0.311, "temp+acc": 0.367, "bvp+eda+temp": 0.308, "bvp+eda+acc": 0.366, "bvp+temp+acc": 0.493, "eda+temp+acc": 0.302, "bvp+eda+temp+acc": 0.339}, "5": {"bvp": 0.652, "eda": 0.372, "temp": 0.426, "acc": 0.509, "bvp+eda": 0.408, "bvp+temp": 0.518, "bvp+acc": 0.57, "eda+temp": 0.37, "eda+acc": 0.416, "temp+acc": 0.45, "bvp+eda+temp": 0.399, "bvp+eda+acc": 0.49, "bvp+temp+acc": 0.584, "eda+temp+acc": 0.407, "bvp+eda+temp+acc": 0.426}, "6": {"bvp": 0.732, "eda": 0.467, "temp": 0.528, "acc": 0.597, "bvp+eda": 0.549, "bvp+temp": 0.567, "bvp+acc": 0.693, "eda+temp": 0.464, "eda+acc": 0.521, "temp+acc": 0.518, "bvp+eda+temp": 0.472, "bvp+eda+acc": 0.597, "bvp+temp+acc": 0.619, "eda+temp+acc": 0.489, "bvp+eda+temp+acc": 0.498}, "7": {"bvp": 0.782, "eda": 0.539, "temp": 0.549, "acc": 0.683, "bvp+eda": 0.586, "bvp+temp": 0.587, "bvp+acc": 0.769, "eda+temp": 0.495, "eda+acc": 0.609, "temp+acc": 0.586, "bvp+eda+temp": 0.506, "bvp+eda+acc": 0.692, "bvp+temp+acc": 0.699, "eda+temp+acc": 0.513, "bvp+eda+temp+acc": 0.523}, "8": {"bvp": 0.804, "eda": 0.599, "temp": 0.644, "acc": 0.755, "bvp+eda": 0.598, "bvp+temp": 0.699, "bvp+acc": 0.826, "eda+temp": 0.566, "eda+acc": 0.701, "temp+acc": 0.658, "bvp+eda+temp": 0.58, "bvp+eda+acc": 0.714, "bvp+temp+acc": 0.781, "eda+temp+acc": 0.595, "bvp+eda+temp+acc": 0.627}, "9": {"bvp": 0.866, "eda": 0.645, "temp": 0.684, "acc": 0.837, "bvp+eda": 0.63, "bvp+temp": 0.764, "bvp+acc": 0.88, "eda+temp": 0.593, "eda+acc": 0.727, "temp+acc": 0.766, "bvp+eda+temp": 0.622, "bvp+eda+acc": 0.744, "bvp+temp+acc": 0.806, "eda+temp+acc": 0.636, "bvp+eda+temp+acc": 0.664}, "10": {"bvp": 0.91, "eda": 0.669, "temp": 0.748, "acc": 0.899, "bvp+eda": 0.721, "bvp+temp": 0.779, "bvp+acc": 0.941, "eda+temp": 0.641, "eda+acc": 0.745, "temp+acc": 0.779, "bvp+eda+temp": 0.66, "bvp+eda+acc": 0.755, "bvp+temp+acc": 0.814, "eda+temp+acc": 0.679, "bvp+eda+temp+acc": 0.72}, "11": {"bvp": 0.939, "eda": 0.756, "temp": 0.78, "acc": 0.926, "bvp+eda": 0.827, "bvp+temp": 0.824, "bvp+acc": 0.954, "eda+temp": 0.69, "eda+acc": 0.781, "temp+acc": 0.824, "bvp+eda+temp": 0.729, "bvp+eda+acc": 0.813, "bvp+temp+acc": 0.843, "eda+temp+acc": 0.736, "bvp+eda+temp+acc": 0.782}, "12": {"bvp": 0.941, "eda": 0.823, "temp": 0.803, "acc": 0.934, "bvp+eda": 0.839, "bvp+temp": 0.855, "bvp+acc": 0.971, "eda+temp": 0.74, "eda+acc": 0.813, "temp+acc": 0.86, "bvp+eda+temp": 0.817, "bvp+eda+acc": 0.842, "bvp+temp+acc": 0.864, "eda+temp+acc": 0.779, "bvp+eda+temp+acc": 0.845}, "13": {"bvp": 0.949, "eda": 0.863, "temp": 0.843, "acc": 0.963, "bvp+eda": 0.866, "bvp+temp": 0.889, "bvp+acc": 0.987, "eda+temp": 0.825, "eda+acc": 0.866, "temp+acc": 0.886, "bvp+eda+temp": 0.879, "bvp+eda+acc": 0.897, "bvp+temp+acc": 0.889, "eda+temp+acc": 0.887, "bvp+eda+temp+acc": 0.897}, "14": {"bvp": 0.967, "eda": 0.931, "temp": 0.917, "acc": 0.972, "bvp+eda": 0.942, "bvp+temp": 0.934, "bvp+acc": 0.994, "eda+temp": 0.949, "eda+acc": 0.914, "temp+acc": 0.965, "bvp+eda+temp": 0.972, "bvp+eda+acc": 0.934, "bvp+temp+acc": 0.964, "eda+temp+acc": 0.964, "bvp+eda+temp+acc": 0.967}, "15": {"bvp": 1.0, "eda": 1.0, "temp": 1.0, "acc": 1.0, "bvp+eda": 1.0, "bvp+temp": 1.0, "bvp+acc": 1.0, "eda+temp": 1.0, "eda+acc": 1.0, "temp+acc": 1.0, "bvp+eda+temp": 1.0, "bvp+eda+acc": 1.0, "bvp+temp+acc": 1.0, "eda+temp+acc": 1.0, "bvp+eda+temp+acc": 1.0}}