{"rank": {"bvp": [0, 0, 0, 0, 0, 0, 0, 0, 0, 0, 0, 0, 0, 0, 0], "eda": [1, 1, 8, 1, 0, 1, 7, 0, 6, 0, 2, 0, 4, 5, 6], "temp": [3, 0, 2, 0, 4, 1, 7, 0, 7, 6, 2, 9, 9, 11, 5], "acc": [6, 0, 11, 5, 0, 0, 0, 9, 8, 0, 0, 0, 0, 6, 2], "bvp+eda": [0, 0, 2, 0, 0, 0, 2, 0, 1, 0, 1, 0, 0, 1, 2], "bvp+temp": [0, 0, 0, 0, 1, 0, 3, 0, 3, 2, 0, 3, 2, 6, 0], "bvp+acc": [2, 0, 5, 1, 0, 0, 0, 2, 3, 0, 0, 0, 0, 0, 0], "eda+temp": [1, 0, 2, 0, 1, 0, 8, 0, 4, 1, 1, 1, 6, 9, 5], "eda+acc": [3, 1, 12, 3, 0, 0, 2, 4, 10, 0, 0, 0, 1, 5, 1], "temp+acc": [3, 0, 6, 0, 0, 0, 2, 3, 8, 2, 0, 2, 3, 10, 3], "bvp+eda+temp": [0, 0, 0, 0, 0, 0, 2, 0, 0, 0, 0, 1, 1, 2, 2], "bvp+eda+acc": [0, 0, 5, 0, 0, 0, 0, 1, 2, 0, 0, 0, 0, 1, 0], "bvp+temp+acc": [1, 0, 2, 0, 0, 0, 0, 1, 4, 0, 0, 1, 1, 4, 0], "eda+temp+acc": [1, 0, 7, 0, 0, 0, 3, 2, 8, 1, 0, 0, 2, 7, 0], "bvp+eda+temp+acc": [0, 0, 2, 0, 0, 0, 1, 0, 3, 0, 0, 0, 1, 4, 0]}, "score": {"bvp": [0, 0, 0, 0, 0, 0, 0, 0, 0, 0, 0, 0, 0, 0, 0], "eda": [1, 1, 8, 1, 0, 1, 7, 0, 6, 0, 2, 0, 4, 5, 6], "temp": [3, 0, 2, 0, 4, 1, 7, 0, 7, 6, 2, 9, 9, 11, 5], "acc": [6, 0, 11, 5, 0, 0, 0, 9, 8, 0, 0, 0, 0, 6, 2], "bvp+eda": [0, 0, 3, 0, 0, 0, 1, 0, 0, 0, 1, 0, 1, 2, 2], "bvp+temp": [0, 0, 0, 0, 1, 0, 3, 0, 4, 2, 0, 3, 7, 7, 0], "bvp+acc": [1, 0, 4, 1, 0, 0, 0, 0, 1, 0, 0, 0, 0, 0, 0], "eda+temp": [0, 0, 2, 0, 1, 0, 6, 0, 6, 0, 1, 1, 8, 8, 2], "eda+acc": [1, 0, 10, 2, 0, 0, 2, 1, 8, 0, 0, 0, 1, 4, 1], "temp+acc": [3, 0, 3, 0, 0, 0, 1, 1, 7, 3, 0, 3, 8, 12, 3], "bvp+eda+temp": [0, 0, 0, 0, 0, 0, 2, 0, 3, 0, 0, 0, 3, 7, 2], "bvp+eda+acc": [0, 0, 5, 0, 0, 0, 0, 0, 1, 0, 0, 0, 0, 1, 0], "bvp+temp+acc": [0, 0, 0, 0, 0, 0, 0, 0, 4, 0, 0, 0, 5, 8, 0], "eda+temp+acc": [1, 0, 4, 0, 0, 0, 2, 0, 6, 0, 0, 0, 4, 9, 1], "bvp+eda+temp+acc": [0, 0, 0, 0, 0, 0, 0, 0, 3, 0, 0, 0, 2, 6, 0]}}