{"rank": {"bvp": [0, 0, 0, 0, 0, 0, 0, 0, 0, 0, 0, 0, 0, 0, 0], "eda": [4, 3, 12, 6, 14, 2, 7, 13, 13, 6, 0, 0, 5, 8, 1], "temp": [11, 8, 11, 1, 3, 2, 13, 8, 4, 11, 13, 0, 0, 7, 7], "acc": [0, 1, 6, 14, 4, 0, 6, 0, 6, 3, 0, 13, 0, 10, 11], "bvp+eda": [1, 1, 6, 2, 10, 0, 2, 4, 5, 2, 0, 0, 1, 3, 0], "bvp+temp": [5, 2, 7, 0, 1, 0, 7, 2, 1, 6, 6, 0, 0, 3, 1], "bvp+acc": [0, 0, 1, 8, 1, 0, 0, 0, 3, 1, 0, 6, 0, 3, 6], "eda+temp": [10, 6, 14, 2, 9, 0, 13, 12, 9, 9, 6, 0, 1, 10, 2], "eda+acc": [0, 1, 9, 11, 10, 0, 7, 6, 12, 3, 0, 4, 2, 11, 5], "temp+acc": [4, 3, 10, 10, 2, 0, 12, 2, 3, 7, 5, 7, 0, 8, 11], "bvp+eda+temp": [3, 1, 8, 0, 4, 0, 5, 6, 4, 5, 1, 0, 1, 3, 1], "bvp+eda+acc": [0, 0, 5, 7, 4, 0, 1, 1, 5, 1, 0, 1, 0, 5, 1], "bvp+temp+acc": [2, 2, 3, 3, 1, 0, 5, 0, 2, 3, 2, 1, 0, 5, 6], "eda+temp+acc": [2, 2, 13, 6, 7, 0, 12, 7, 9, 7, 4, 2, 0, 10, 5], "bvp+eda+temp+acc": [1, 1, 6, 4, 2, 0, 4, 2, 4, 3, 0, 0, 0, 6, 2]}, "score": {"bvp": [0, 0, 0, 0, 0, 0, 0, 0, 0, 0, 0, 0, 0, 0, 0], "eda": [4, 3, 12, 6, 14, 2, 7, 13, 13, 6, 0, 0, 5, 8, 1], "temp": [11, 8, 11, 1, 3, 2, 13, 8, 4, 11, 13, 0, 0, 7, 7], "acc": [0, 1, 6, 14, 4, 0, 6, 0, 6, 3, 0, 13, 0, 10, 11], "bvp+eda": [1, 1, 8, 2, 11, 0, 2, 3, 2, 2, 0, 0, 1, 4, 0], "bvp+temp": [4, 2, 8, 0, 1, 0, 10, 1, 1, 8, 9, 0, 0, 3, 4], "bvp+acc": [0, 0, 2, 7, 1, 0, 0, 0, 1, 1, 0, 2, 0, 3, 3], "eda+temp": [8, 6, 12, 1, 9, 0, 13, 10, 7, 9, 8, 0, 0, 9, 2], "eda+acc": [2, 3, 11, 7, 13, 0, 7, 8, 10, 3, 0, 0, 3, 9, 0], "temp+acc": [6, 5, 10, 2, 2, 0, 12, 5, 3, 7, 11, 1, 0, 9, 8], "bvp+eda+temp": [3, 2, 8, 0, 5, 0, 9, 3, 3, 4, 2, 0, 0, 5, 1], "bvp+eda+acc": [0, 0, 8, 6, 9, 0, 2, 1, 3, 1, 0, 0, 0, 5, 0], "bvp+temp+acc": [0, 1, 5, 0, 1, 0, 9, 1, 1, 4, 4, 0, 0, 5, 5], "eda+temp+acc": [2, 4, 13, 2, 8, 0, 13, 10, 7, 6, 4, 0, 0, 9, 2], "bvp+eda+temp+acc": [1, 1, 9, 1, 6, 0, 10, 2, 2, 5, 0, 0, 0, 7, 0]}}