{"rank": {"bvp": [0, 0, 0, 0, 0, 0, 0, 0, 0, 0, 0, 0, 0, 0, 0], "eda": [2, 2, 13, 5, 5, 3, 10, 5, 11, 5, 0, 0, 4, 10, 0], "temp": [10, 7, 8, 0, 2, 1, 13, 5, 3, 8, 13, 0, 1, 10, 7], "acc": [3, 1, 6, 14, 0, 0, 2, 5, 5, 2, 0, 13, 0, 9, 5], "bvp+eda": [0, 0, 6, 1, 1, 1, 2, 1, 4, 1, 0, 0, 1, 4, 0], "bvp+temp": [4, 2, 2, 0, 0, 0, 7, 1, 1, 2, 6, 0, 0, 3, 1], "bvp+acc": [2, 0, 2, 8, 0, 0, 0, 0, 2, 0, 0, 6, 0, 2, 0], "eda+temp": [6, 4, 11, 0, 2, 0, 14, 4, 8, 5, 6, 0, 1, 11, 3], "eda+acc": [1, 1, 11, 11, 1, 0, 6, 7, 9, 2, 0, 5, 2, 10, 0], "temp+acc": [5, 3, 8, 7, 1, 0, 8, 3, 2, 3, 5, 7, 0, 11, 5], "bvp+eda+temp": [2, 1, 6, 0, 0, 0, 8, 1, 3, 2, 1, 0, 1, 8, 0], "bvp+eda+acc": [0, 0, 4, 6, 0, 0, 2, 1, 3, 1, 0, 1, 1, 5, 0], "bvp+temp+acc": [1, 0, 2, 3, 0, 0, 3, 1, 1, 1, 1, 1, 0, 5, 1], "eda+temp+acc": [2, 1, 11, 4, 0, 0, 10, 4, 4, 3, 3, 2, 1, 10, 1], "bvp+eda+temp+acc": [1, 0, 7, 3, 0, 0, 4, 2, 2, 1, 1, 0, 0, 9, 0]}, "score": {"bvp": [0, 0, 0, 0, 0, 0, 0, 0, 0, 0, 0, 0, 0, 0, 0], "eda": [2, 2, 13, 5, 5, 3, 10, 5, 11, 5, 0, 0, 4, 10, 0], "temp": [10, 7, 8, 0, 2, 1, 13, 5, 3, 8, 13, 0, 1, 10, 7], "acc": [3, 1, 6, 14, 0, 0, 2, 5, 5, 2, 0, 13, 0, 9, 5], "bvp+eda": [1, 0, 10, 2, 1, 0, 4, 0, 2, 2, 0, 0, 2, 5, 0], "bvp+temp": [3, 1, 3, 0, 0, 0, 9, 0, 2, 5, 7, 0, 0, 3, 2], "bvp+acc": [1, 0, 3, 7, 0, 0, 0, 0, 1, 0, 0, 2, 0, 2, 0], "eda+temp": [6, 3, 12, 0, 3, 0, 13, 3, 7, 4, 6, 0, 2, 10, 2], "eda+acc": [2, 2, 13, 6, 2, 0, 7, 5, 8, 3, 0, 0, 2, 10, 0], "temp+acc": [10, 4, 8, 2, 1, 0, 12, 2, 3, 5, 9, 1, 0, 9, 7], "bvp+eda+temp": [2, 1, 8, 0, 1, 0, 10, 0, 3, 4, 1, 0, 0, 8, 0], "bvp+eda+acc": [0, 0, 9, 4, 1, 0, 3, 0, 2, 1, 0, 0, 0, 5, 0], "bvp+temp+acc": [3, 0, 3, 0, 0, 0, 8, 0, 1, 3, 3, 0, 0, 6, 2], "eda+temp+acc": [6, 3, 11, 1, 1, 0, 12, 4, 6, 5, 4, 0, 0, 9, 1], "bvp+eda+temp+acc": [1, 1, 10, 0, 0, 0, 7, 0, 2, 4, 0, 0, 0, 9, 0]}}