{"rank": {"bvp": [0, 0, 0, 0, 0, 0, 0, 0, 0, 0, 0, 0, 0, 0, 0], "eda": [0, 2, 11, 4, 3, 0, 4, 2, 12, 0, 0, 0, 5, 5, 0], "temp": [1, 3, 5, 1, 0, 0, 10, 1, 11, 6, 13, 1, 2, 14, 4], "acc": [1, 0, 5, 12, 0, 0, 0, 0, 1, 0, 0, 0, 0, 2, 5], "bvp+eda": [0, 0, 7, 0, 1, 0, 1, 0, 4, 0, 0, 0, 1, 1, 0], "bvp+temp": [0, 0, 1, 0, 0, 0, 5, 0, 6, 2, 5, 0, 1, 8, 1], "bvp+acc": [0, 0, 1, 7, 0, 0, 0, 0, 1, 0, 0, 0, 0, 0, 1], "eda+temp": [0, 1, 8, 1, 0, 0, 6, 1, 14, 2, 4, 0, 3, 11, 1], "eda+acc": [0, 0, 9, 7, 1, 0, 2, 0, 5, 0, 0, 0, 2, 3, 0], "temp+acc": [1, 1, 4, 5, 0, 0, 4, 0, 6, 0, 6, 0, 0, 10, 3], "bvp+eda+temp": [0, 0, 4, 0, 0, 0, 3, 0, 9, 0, 1, 0, 1, 6, 0], "bvp+eda+acc": [0, 0, 4, 5, 0, 0, 0, 0, 3, 0, 0, 0, 0, 0, 0], "bvp+temp+acc": [0, 0, 1, 1, 0, 0, 0, 0, 2, 0, 1, 0, 0, 2, 1], "eda+temp+acc": [0, 0, 7, 4, 0, 0, 3, 0, 9, 0, 3, 0, 0, 8, 1], "bvp+eda+temp+acc": [0, 0, 3, 2, 0, 0, 2, 0, 4, 0, 0, 0, 0, 2, 0]}, "score": {"bvp": [0, 0, 0, 0, 0, 0, 0, 0, 0, 0, 0, 0, 0, 0, 0], "eda": [0, 2, 11, 4, 3, 0, 4, 2, 12, 0, 0, 0, 5, 5, 0], "temp": [1, 3, 5, 1, 0, 0, 10, 1, 11, 6, 13, 1, 2, 14, 4], "acc": [1, 0, 5, 12, 0, 0, 0, 0, 1, 0, 0, 0, 0, 2, 5], "bvp+eda": [0, 0, 8, 0, 1, 0, 1, 0, 4, 0, 0, 0, 0, 2, 0], "bvp+temp": [0, 0, 1, 0, 0, 0, 6, 0, 2, 3, 6, 0, 0, 8, 2], "bvp+acc": [0, 0, 0, 6, 0, 0, 0, 0, 0, 0, 0, 0, 0, 0, 0], "eda+temp": [0, 2, 6, 1, 0, 0, 6, 1, 12, 0, 5, 0, 2, 9, 0], "eda+acc": [0, 1, 9, 5, 1, 0, 3, 1, 10, 0, 0, 0, 2, 4, 0], "temp+acc": [1, 1, 4, 1, 0, 0, 7, 0, 6, 2, 8, 0, 0, 11, 3], "bvp+eda+temp": [0, 0, 4, 0, 0, 0, 4, 0, 5, 0, 1, 0, 1, 6, 0], "bvp+eda+acc": [0, 0, 4, 3, 1, 0, 1, 0, 3, 0, 0, 0, 0, 1, 0], "bvp+temp+acc": [0, 0, 2, 0, 0, 0, 4, 0, 1, 0, 1, 0, 0, 5, 2], "eda+temp+acc": [0, 0, 7, 1, 0, 0, 5, 0, 11, 0, 1, 0, 0, 8, 0], "bvp+eda+temp+acc": [0, 0, 4, 0, 0, 0, 3, 0, 3, 0, 0, 0, 0, 4, 0]}}