{"rank": {"bvp": [0, 0, 0, 0, 0, 0, 0, 0, 0, 0, 0, 0, 0, 0, 0], "eda": [1, 10, 1, 1, 0, 1, 5, 0, 0, 2, 6, 0, 1, 0, 13], "temp": [2, 0, 1, 3, 10, 0, 1, 2, 10, 0, 0, 1, 11, 12, 0], "acc": [1, 2, 0, 0, 0, 0, 0, 0, 0, 0, 0, 0, 0, 0, 0], "bvp+eda": [0, 3, 0, 0, 0, 0, 1, 0, 0, 0, 2, 0, 0, 0, 5], "bvp+temp": [0, 0, 0, 0, 3, 0, 0, 0, 5, 0, 0, 0, 4, 6, 0], "bvp+acc": [1, 0, 0, 0, 0, 0, 0, 0, 0, 0, 0, 0, 0, 0, 0], "eda+temp": [1, 2, 0, 0, 3, 0, 1, 0, 3, 0, 0, 0, 6, 3, 6], "eda+acc": [0, 4, 0, 0, 0, 0, 0, 0, 0, 1, 1, 0, 0, 0, 4], "temp+acc": [0, 1, 1, 0, 4, 0, 0, 0, 2, 0, 0, 0, 6, 6, 0], "bvp+eda+temp": [0, 0, 0, 0, 0, 0, 0, 0, 1, 0, 0, 0, 1, 0, 2], "bvp+eda+acc": [0, 2, 0, 0, 0, 0, 0, 0, 0, 0, 0, 0, 0, 0, 1], "bvp+temp+acc": [0, 0, 0, 0, 1, 0, 0, 0, 0, 0, 0, 0, 1, 1, 0], "eda+temp+acc": [0, 0, 0, 0, 1, 0, 0, 0, 0, 0, 0, 0, 2, 1, 1], "bvp+eda+temp+acc": [0, 0, 0, 0, 0, 0, 0, 0, 0, 0, 0, 0, 0, 0, 1]}, "score": {"bvp": [0, 0, 0, 0, 0, 0, 0, 0, 0, 0, 0, 0, 0, 0, 0], "eda": [1, 10, 1, 1, 0, 1, 5, 0, 0, 2, 6, 0, 1, 0, 13], "temp": [2, 0, 1, 3, 10, 0, 1, 2, 10, 0, 0, 1, 11, 12, 0], "acc": [1, 2, 0, 0, 0, 0, 0, 0, 0, 0, 0, 0, 0, 0, 0], "bvp+eda": [0, 2, 0, 0, 0, 0, 2, 0, 0, 0, 0, 0, 0, 0, 6], "bvp+temp": [0, 0, 0, 0, 5, 0, 0, 0, 5, 0, 0, 0, 3, 11, 0], "bvp+acc": [0, 0, 0, 0, 0, 0, 0, 0, 0, 0, 0, 0, 0, 0, 0], "eda+temp": [1, 3, 0, 0, 6, 0, 1, 0, 2, 0, 0, 0, 6, 12, 7], "eda+acc": [0, 5, 0, 0, 0, 0, 0, 0, 0, 1, 1, 0, 0, 0, 7], "temp+acc": [0, 0, 1, 0, 4, 0, 0, 0, 7, 0, 0, 0, 2, 12, 0], "bvp+eda+temp": [0, 0, 0, 0, 1, 0, 1, 0, 1, 0, 0, 0, 1, 11, 2], "bvp+eda+acc": [0, 1, 0, 0, 0, 0, 0, 0, 0, 0, 0, 0, 0, 0, 2], "bvp+temp+acc": [0, 0, 0, 0, 1, 0, 0, 0, 0, 0, 0, 0, 0, 11, 0], "eda+temp+acc": [0, 0, 0, 0, 1, 0, 0, 0, 0, 0, 0, 0, 1, 11, 1], "bvp+eda+temp+acc": [0, 0, 0, 0, 0, 0, 0, 0, 0, 0, 0, 0, 0, 9, 1]}}