{"rank": {"bvp": [0, 0, 0, 0, 0, 0, 0, 0, 0, 0, 0, 0, 0, 0, 0], "eda": [3, 2, 11, 6, 13, 0, 7, 8, 11, 11, 1, 0, 3, 7, 0], "temp": [10, 8, 10, 1, 3, 2, 13, 7, 4, 11, 14, 0, 0, 6, 11], "acc": [0, 1, 6, 14, 8, 0, 9, 0, 6, 1, 0, 13, 1, 9, 7], "bvp+eda": [1, 0, 6, 2, 6, 0, 2, 3, 5, 5, 0, 0, 0, 2, 0], "bvp+temp": [3, 2, 3, 0, 1, 0, 7, 2, 1, 6, 8, 0, 0, 2, 6], "bvp+acc": [0, 0, 1, 8, 2, 0, 1, 0, 3, 0, 0, 6, 0, 2, 3], "eda+temp": [6, 5, 13, 2, 10, 0, 12, 9, 8, 13, 9, 0, 1, 5, 5], "eda+acc": [1, 1, 9, 12, 11, 0, 10, 1, 9, 5, 0, 5, 2, 8, 0], "temp+acc": [4, 3, 10, 9, 7, 0, 12, 3, 3, 5, 6, 6, 0, 9, 10], "bvp+eda+temp": [2, 1, 7, 0, 3, 0, 7, 3, 3, 8, 3, 0, 0, 2, 0], "bvp+eda+acc": [0, 0, 6, 7, 7, 0, 2, 0, 5, 2, 0, 2, 0, 3, 0], "bvp+temp+acc": [0, 1, 2, 3, 2, 0, 6, 0, 1, 1, 3, 2, 0, 2, 4], "eda+temp+acc": [1, 1, 11, 7, 11, 0, 13, 3, 6, 10, 4, 1, 0, 8, 5], "bvp+eda+temp+acc": [0, 1, 6, 3, 5, 0, 7, 1, 3, 5, 2, 0, 0, 5, 1]}, "score": {"bvp": [0, 0, 0, 0, 0, 0, 0, 0, 0, 0, 0, 0, 0, 0, 0], "eda": [3, 2, 11, 6, 13, 0, 7, 8, 11, 11, 1, 0, 3, 7, 0], "temp": [10, 8, 10, 1, 3, 2, 13, 7, 4, 11, 14, 0, 0, 6, 11], "acc": [0, 1, 6, 14, 8, 0, 9, 0, 6, 1, 0, 13, 1, 9, 7], "bvp+eda": [0, 0, 7, 3, 10, 0, 3, 1, 2, 5, 0, 0, 1, 2, 0], "bvp+temp": [4, 2, 8, 0, 1, 0, 10, 1, 1, 8, 9, 0, 0, 3, 7], "bvp+acc": [0, 0, 2, 8, 1, 0, 2, 0, 1, 0, 0, 2, 0, 3, 4], "eda+temp": [9, 5, 13, 1, 8, 0, 11, 8, 6, 13, 9, 0, 1, 7, 2], "eda+acc": [1, 2, 9, 8, 12, 0, 8, 5, 10, 5, 0, 0, 3, 7, 0], "temp+acc": [6, 6, 11, 3, 4, 1, 12, 4, 3, 8, 12, 0, 0, 9, 11], "bvp+eda+temp": [3, 1, 9, 0, 4, 0, 7, 1, 2, 11, 4, 0, 0, 4, 0], "bvp+eda+acc": [0, 0, 7, 6, 8, 0, 2, 1, 4, 2, 0, 0, 0, 4, 0], "bvp+temp+acc": [0, 1, 7, 1, 1, 0, 9, 1, 1, 5, 6, 0, 0, 6, 6], "eda+temp+acc": [2, 3, 12, 3, 10, 0, 12, 5, 7, 10, 4, 0, 1, 8, 3], "bvp+eda+temp+acc": [1, 1, 6, 2, 5, 0, 7, 1, 1, 8, 1, 0, 0, 4, 1]}}