{"1": {"bvp": 1.0, "eda": 0.067, "temp": 0.084, "acc": 0.276, "bvp+eda": 0.176, "bvp+temp": 0.338, "bvp+acc": 0.609, "eda+temp": 0.1, "eda+acc": 0.104, "temp+acc": 0.176, "bvp+eda+temp": 0.26, "bvp+eda+acc": 0.217, "bvp+temp+acc": 0.411, "eda+temp+acc": 0.12, "bvp+eda+temp+acc": 0.289}, "2": {"bvp": 1.0, "eda": 0.144, "temp": 0.167, "acc": 0.401, "bvp+eda": 0.411, "bvp+temp": 0.546, "bvp+acc": 0.777, "eda+temp": 0.133, "eda+acc": 0.165, "temp+acc": 0.341, "bvp+eda+temp": 0.457, "bvp+eda+acc": 0.471, "bvp+temp+acc": 0.609, "eda+temp+acc": 0.255, "bvp+eda+temp+acc": 0.495}, "3": {"bvp": 1.0, "eda": 0.217, "temp": 0.25, "acc": 0.465, "bvp+eda": 0.539, "bvp+temp": 0.648, "bvp+acc": 0.887, "eda+temp": 0.186, "eda+acc": 0.259, "temp+acc": 0.429, "bvp+eda+temp": 0.54, "bvp+eda+acc": 0.603, "bvp+temp+acc": 0.69, "eda+temp+acc": 0.285, "bvp+eda+temp+acc": 0.569}, "4": {"bvp": 1.0, "eda": 0.279, "temp": 0.36, "acc": 0.552, "bvp+eda": 0.637, "bvp+temp": 0.756, "bvp+acc": 0.939, "eda+temp": 0.275, "eda+acc": 0.368, "temp+acc": 0.489, "bvp+eda+temp": 0.611, "bvp+eda+acc": 0.704, "bvp+temp+acc": 0.741, "eda+temp+acc": 0.353, "bvp+eda+temp+acc": 0.694}, "5": {"bvp": 1.0, "eda": 0.387, "temp": 0.433, "acc": 0.603, "bvp+eda": 0.757, "bvp+temp": 0.811, "bvp+acc": 0.963, "eda+temp": 0.404, "eda+acc": 0.522, "temp+acc": 0.542, "bvp+eda+temp": 0.706, "bvp+eda+acc": 0.823, "bvp+temp+acc": 0.807, "eda+temp+acc": 0.444, "bvp+eda+temp+acc": 0.755}, "6": {"bvp": 1.0, "eda": 0.467, "temp": 0.523, "acc": 0.669, "bvp+eda": 0.806, "bvp+temp": 0.836, "bvp+acc": 0.977, "eda+temp": 0.474, "eda+acc": 0.63, "temp+acc": 0.592, "bvp+eda+temp": 0.734, "bvp+eda+acc": 0.852, "bvp+temp+acc": 0.837, "eda+temp+acc": 0.552, "bvp+eda+temp+acc": 0.775}, "7": {"bvp": 1.0, "eda": 0.544, "temp": 0.551, "acc": 0.704, "bvp+eda": 0.834, "bvp+temp": 0.853, "bvp+acc": 0.984, "eda+temp": 0.511, "eda+acc": 0.686, "temp+acc": 0.639, "bvp+eda+temp": 0.755, "bvp+eda+acc": 0.888, "bvp+temp+acc": 0.858, "eda+temp+acc": 0.612, "bvp+eda+temp+acc": 0.824}, "8": {"bvp": 1.0, "eda": 0.595, "temp": 0.648, "acc": 0.761, "bvp+eda": 0.855, "bvp+temp": 0.879, "bvp+acc": 0.991, "eda+temp": 0.577, "eda+acc": 0.759, "temp+acc": 0.669, "bvp+eda+temp": 0.807, "bvp+eda+acc": 0.905, "bvp+temp+acc": 0.899, "eda+temp+acc": 0.658, "bvp+eda+temp+acc": 0.881}, "9": {"bvp": 1.0, "eda": 0.654, "temp": 0.685, "acc": 0.832, "bvp+eda": 0.909, "bvp+temp": 0.913, "bvp+acc": 1.0, "eda+temp": 0.605, "eda+acc": 0.774, "temp+acc": 0.738, "bvp+eda+temp": 0.846, "bvp+eda+acc": 0.916, "bvp+temp+acc": 0.928, "eda+temp+acc": 0.697, "bvp+eda+temp+acc": 0.899}, "10": {"bvp": 1.0, "eda": 0.674, "temp": 0.746, "acc": 0.876, "bvp+eda": 0.945, "bvp+temp": 0.925, "bvp+acc": 1.0, "eda+temp": 0.651, "eda+acc": 0.789, "temp+acc": 0.793, "bvp+eda+temp": 0.921, "bvp+eda+acc": 0.954, "bvp+temp+acc": 0.956, "eda+temp+acc": 0.778, "bvp+eda+temp+acc": 0.92}, "11": {"bvp": 1.0, "eda": 0.76, "temp": 0.779, "acc": 0.924, "bvp+eda": 0.994, "bvp+temp": 0.947, "bvp+acc": 1.0, "eda+temp": 0.701, "eda+acc": 0.796, "temp+acc": 0.856, "bvp+eda+temp": 0.931, "bvp+eda+acc": 0.997, "bvp+temp+acc": 0.988, "eda+temp+acc": 0.82, "bvp+eda+temp+acc": 0.945}, "12": {"bvp": 1.0, "eda": 0.84, "temp": 0.802, "acc": 0.94, "bvp+eda": 1.0, "bvp+temp": 0.997, "bvp+acc": 1.0, "eda+temp": 0.744, "eda+acc": 0.824, "temp+acc": 0.873, "bvp+eda+temp": 0.989, "bvp+eda+acc": 1.0, "bvp+temp+acc": 0.994, "eda+temp+acc": 0.84, "bvp+eda+temp+acc": 0.985}, "13": {"bvp": 1.0, "eda": 0.861, "temp": 0.844, "acc": 0.963, "bvp+eda": 1.0, "bvp+temp": 1.0, "bvp+acc": 1.0, "eda+temp": 0.817, "eda+acc": 0.88, "temp+acc": 0.892, "bvp+eda+temp": 0.999, "bvp+eda+acc": 1.0, "bvp+temp+acc": 1.0, "eda+temp+acc": 0.881, "bvp+eda+temp+acc": 0.999}, "14": {"bvp": 1.0, "eda": 0.936, "temp": 0.918, "acc": 0.989, "bvp+eda": 1.0, "bvp+temp": 1.0, "bvp+acc": 1.0, "eda+temp": 0.955, "eda+acc": 0.961, "temp+acc": 0.967, "bvp+eda+temp": 1.0, "bvp+eda+acc": 1.0, "bvp+temp+acc": 1.0, "eda+temp+acc": 0.972, "bvp+eda+temp+acc": 1.0}, "15": {"bvp": 1.0, "eda": 1.0, "temp": 1.0, "acc": 1.0, "bvp+eda": 1.0, "bvp+temp": 1.0, "bvp+acc": 1.0, "eda+temp": 1.0, "eda+acc": 1.0, "temp+acc": 1.0, "bvp+eda+temp": 1.0, "bvp+eda+acc": 1.0, "bvp+temp+acc": 1.0, "eda+temp+acc": 1.0, "bvp+eda+temp+acc": 1.0}}