{"1": {"rank": 0.277, "score": 0.272, "mean": 0.274}, "2": {"rank": 0.415, "score": 0.4, "mean": 0.407}, "3": {"rank": 0.505, "score": 0.476, "mean": 0.49}, "4": {"rank": 0.577, "score": 0.555, "mean": 0.566}, "5": {"rank": 0.631, "score": 0.626, "mean": 0.629}, "6": {"rank": 0.691, "score": 0.675, "mean": 0.683}, "7": {"rank": 0.746, "score": 0.711, "mean": 0.728}, "8": {"rank": 0.789, "score": 0.758, "mean": 0.774}, "9": {"rank": 0.827, "score": 0.799, "mean": 0.813}, "10": {"rank": 0.861, "score": 0.839, "mean": 0.85}, "11": {"rank": 0.89, "score": 0.876, "mean": 0.883}, "12": {"rank": 0.916, "score": 0.904, "mean": 0.91}, "13": {"rank": 0.941, "score": 0.93, "mean": 0.936}, "14": {"rank": 0.971, "score": 0.975, "mean": 0.973}, "15": {"rank": 1.0, "score": 1.0, "mean": 1.0}}