{"1": {"non-stress": 0.297, "stress": 0.247}, "2": {"non-stress": 0.463, "stress": 0.336}, "3": {"non-stress": 0.548, "stress": 0.404}, "4": {"non-stress": 0.627, "stress": 0.483}, "5": {"non-stress": 0.72, "stress": 0.533}, "6": {"non-stress": 0.775, "stress": 0.574}, "7": {"non-stress": 0.808, "stress": 0.614}, "8": {"non-stress": 0.844, "stress": 0.673}, "9": {"non-stress": 0.868, "stress": 0.729}, "10": {"non-stress": 0.896, "stress": 0.782}, "11": {"non-stress": 0.926, "stress": 0.826}, "12": {"non-stress": 0.948, "stress": 0.86}, "13": {"non-stress": 0.96, "stress": 0.9}, "14": {"non-stress": 0.987, "stress": 0.963}, "15": {"non-stress": 1.0, "stress": 1.0}}