{"1": {"rank": 0.858, "score": 0.951, "mean": 0.905}, "2": {"rank": 0.936, "score": 0.964, "mean": 0.95}, "3": {"rank": 0.96, "score": 0.973, "mean": 0.967}, "4": {"rank": 0.975, "score": 0.98, "mean": 0.978}, "5": {"rank": 0.984, "score": 0.987, "mean": 0.986}, "6": {"rank": 0.99, "score": 0.991, "mean": 0.99}, "7": {"rank": 0.993, "score": 0.993, "mean": 0.993}, "8": {"rank": 0.996, "score": 0.995, "mean": 0.995}, "9": {"rank": 0.998, "score": 0.997, "mean": 0.997}, "10": {"rank": 0.998, "score": 0.998, "mean": 0.998}, "11": {"rank": 0.999, "score": 0.999, "mean": 0.999}, "12": {"rank": 1.0, "score": 0.999, "mean": 0.999}, "13": {"rank": 1.0, "score": 1.0, "mean": 1.0}, "14": {"rank": 1.0, "score": 1.0, "mean": 1.0}, "15": {"rank": 1.0, "score": 1.0, "mean": 1.0}}