{"1": {"bvp": 0.272, "eda": 1.0, "temp": 1.0, "acc": 1.0, "bvp+eda": 0.991, "bvp+temp": 0.978, "bvp+acc": 0.993, "eda+temp": 1.0, "eda+acc": 1.0, "temp+acc": 1.0, "bvp+eda+temp": 0.995, "bvp+eda+acc": 0.997, "bvp+temp+acc": 0.997, "eda+temp+acc": 1.0, "bvp+eda+temp+acc": 0.997}, "2": {"bvp": 0.433, "eda": 1.0, "temp": 1.0, "acc": 1.0, "bvp+eda": 0.992, "bvp+temp": 0.992, "bvp+acc": 0.995, "eda+temp": 1.0, "eda+acc": 1.0, "temp+acc": 1.0, "bvp+eda+temp": 0.997, "bvp+eda+acc": 0.997, "bvp+temp+acc": 0.997, "eda+temp+acc": 1.0, "bvp+eda+temp+acc": 0.997}, "3": {"bvp": 0.562, "eda": 1.0, "temp": 1.0, "acc": 1.0, "bvp+eda": 0.996, "bvp+temp": 0.995, "bvp+acc": 0.996, "eda+temp": 1.0, "eda+acc": 1.0, "temp+acc": 1.0, "bvp+eda+temp": 0.997, "bvp+eda+acc": 0.997, "bvp+temp+acc": 0.997, "eda+temp+acc": 1.0, "bvp+eda+temp+acc": 0.997}, "4": {"bvp": 0.673, "eda": 1.0, "temp": 1.0, "acc": 1.0, "bvp+eda": 0.997, "bvp+temp": 0.995, "bvp+acc": 0.997, "eda+temp": 1.0, "eda+acc": 1.0, "temp+acc": 1.0, "bvp+eda+temp": 0.997, "bvp+eda+acc": 0.997, "bvp+temp+acc": 0.997, "eda+temp+acc": 1.0, "bvp+eda+temp+acc": 0.997}, "5": {"bvp": 0.784, "eda": 1.0, "temp": 1.0, "acc": 1.0, "bvp+eda": 0.997, "bvp+temp": 0.996, "bvp+acc": 0.997, "eda+temp": 1.0, "eda+acc": 1.0, "temp+acc": 1.0, "bvp+eda+temp": 0.997, "bvp+eda+acc": 0.997, "bvp+temp+acc": 0.997, "eda+temp+acc": 1.0, "bvp+eda+temp+acc": 0.999}, "6": {"bvp": 0.847, "eda": 1.0, "temp": 1.0, "acc": 1.0, "bvp+eda": 0.997, "bvp+temp": 0.997, "bvp+acc": 0.997, "eda+temp": 1.0, "eda+acc": 1.0, "temp+acc": 1.0, "bvp+eda+temp": 0.997, "bvp+eda+acc": 0.999, "bvp+temp+acc": 0.997, "eda+temp+acc": 1.0, "bvp+eda+temp+acc": 1.0}, "7": {"bvp": 0.884, "eda": 1.0, "temp": 1.0, "acc": 1.0, "bvp+eda": 0.997, "bvp+temp": 0.997, "bvp+acc": 0.997, "eda+temp": 1.0, "eda+acc": 1.0, "temp+acc": 1.0, "bvp+eda+temp": 0.997, "bvp+eda+acc": 1.0, "bvp+temp+acc": 0.999, "eda+temp+acc": 1.0, "bvp+eda+temp+acc": 1.0}, "8": {"bvp": 0.915, "eda": 1.0, "temp": 1.0, "acc": 1.0, "bvp+eda": 0.997, "bvp+temp": 0.997, "bvp+acc": 0.997, "eda+temp": 1.0, "eda+acc": 1.0, "temp+acc": 1.0, "bvp+eda+temp": 1.0, "bvp+eda+acc": 1.0, "bvp+temp+acc": 1.0, "eda+temp+acc": 1.0, "bvp+eda+temp+acc": 1.0}, "9": {"bvp": 0.951, "eda": 1.0, "temp": 1.0, "acc": 1.0, "bvp+eda": 0.997, "bvp+temp": 0.997, "bvp+acc": 0.999, "eda+temp": 1.0, "eda+acc": 1.0, "temp+acc": 1.0, "bvp+eda+temp": 1.0, "bvp+eda+acc": 1.0, "bvp+temp+acc": 1.0, "eda+temp+acc": 1.0, "bvp+eda+temp+acc": 1.0}, "10": {"bvp": 0.963, "eda": 1.0, "temp": 1.0, "acc": 1.0, "bvp+eda": 0.997, "bvp+temp": 0.997, "bvp+acc": 0.999, "eda+temp": 1.0, "eda+acc": 1.0, "temp+acc": 1.0, "bvp+eda+temp": 1.0, "bvp+eda+acc": 1.0, "bvp+temp+acc": 1.0, "eda+temp+acc": 1.0, "bvp+eda+temp+acc": 1.0}, "11": {"bvp": 0.98, "eda": 1.0, "temp": 1.0, "acc": 1.0, "bvp+eda": 1.0, "bvp+temp": 0.999, "bvp+acc": 1.0, "eda+temp": 1.0, "eda+acc": 1.0, "temp+acc": 1.0, "bvp+eda+temp": 1.0, "bvp+eda+acc": 1.0, "bvp+temp+acc": 1.0, "eda+temp+acc": 1.0, "bvp+eda+temp+acc": 1.0}, "12": {"bvp": 0.989, "eda": 1.0, "temp": 1.0, "acc": 1.0, "bvp+eda": 1.0, "bvp+temp": 0.999, "bvp+acc": 1.0, "eda+temp": 1.0, "eda+acc": 1.0, "temp+acc": 1.0, "bvp+eda+temp": 1.0, "bvp+eda+acc": 1.0, "bvp+temp+acc": 1.0, "eda+temp+acc": 1.0, "bvp+eda+temp+acc": 1.0}, "13": {"bvp": 0.995, "eda": 1.0, "temp": 1.0, "acc": 1.0, "bvp+eda": 1.0, "bvp+temp": 1.0, "bvp+acc": 1.0, "eda+temp": 1.0, "eda+acc": 1.0, "temp+acc": 1.0, "bvp+eda+temp": 1.0, "bvp+eda+acc": 1.0, "bvp+temp+acc": 1.0, "eda+temp+acc": 1.0, "bvp+eda+temp+acc": 1.0}, "14": {"bvp": 1.0, "eda": 1.0, "temp": 1.0, "acc": 1.0, "bvp+eda": 1.0, "bvp+temp": 1.0, "bvp+acc": 1.0, "eda+temp": 1.0, "eda+acc": 1.0, "temp+acc": 1.0, "bvp+eda+temp": 1.0, "bvp+eda+acc": 1.0, "bvp+temp+acc": 1.0, "eda+temp+acc": 1.0, "bvp+eda+temp+acc": 1.0}, "15": {"bvp": 1.0, "eda": 1.0, "temp": 1.0, "acc": 1.0, "bvp+eda": 1.0, "bvp+temp": 1.0, "bvp+acc": 1.0, "eda+temp": 1.0, "eda+acc": 1.0, "temp+acc": 1.0, "bvp+eda+temp": 1.0, "bvp+eda+acc": 1.0, "bvp+temp+acc": 1.0, "eda+temp+acc": 1.0, "bvp+eda+temp+acc": 1.0}}