{"1": {"non-stress": 0.944, "stress": 0.959}, "2": {"non-stress": 0.955, "stress": 0.973}, "3": {"non-stress": 0.964, "stress": 0.982}, "4": {"non-stress": 0.972, "stress": 0.989}, "5": {"non-stress": 0.98, "stress": 0.994}, "6": {"non-stress": 0.986, "stress": 0.997}, "7": {"non-stress": 0.989, "stress": 0.998}, "8": {"non-stress": 0.992, "stress": 0.999}, "9": {"non-stress": 0.995, "stress": 1.0}, "10": {"non-stress": 0.996, "stress": 1.0}, "11": {"non-stress": 0.998, "stress": 1.0}, "12": {"non-stress": 0.999, "stress": 1.0}, "13": {"non-stress": 1.0, "stress": 1.0}, "14": {"non-stress": 1.0, "stress": 1.0}, "15": {"non-stress": 1.0, "stress": 1.0}}