{"1": {"non-stress": 0.086, "stress": 0.123}, "2": {"non-stress": 0.171, "stress": 0.209}, "3": {"non-stress": 0.241, "stress": 0.292}, "4": {"non-stress": 0.313, "stress": 0.376}, "5": {"non-stress": 0.397, "stress": 0.452}, "6": {"non-stress": 0.462, "stress": 0.522}, "7": {"non-stress": 0.53, "stress": 0.584}, "8": {"non-stress": 0.591, "stress": 0.65}, "9": {"non-stress": 0.655, "stress": 0.71}, "10": {"non-stress": 0.716, "stress": 0.761}, "11": {"non-stress": 0.777, "stress": 0.817}, "12": {"non-stress": 0.834, "stress": 0.872}, "13": {"non-stress": 0.896, "stress": 0.928}, "14": {"non-stress": 0.949, "stress": 0.964}, "15": {"non-stress": 1.0, "stress": 1.0}}