{"1": {"bvp": 0.129, "eda": 0.068, "temp": 0.11, "acc": 0.071, "bvp+eda": 0.073, "bvp+temp": 0.122, "bvp+acc": 0.109, "eda+temp": 0.09, "eda+acc": 0.071, "temp+acc": 0.058, "bvp+eda+temp": 0.124, "bvp+eda+acc": 0.084, "bvp+temp+acc": 0.129, "eda+temp+acc": 0.11, "bvp+eda+temp+acc": 0.108}, "2": {"bvp": 0.186, "eda": 0.154, "temp": 0.178, "acc": 0.145, "bvp+eda": 0.196, "bvp+temp": 0.207, "bvp+acc": 0.21, "eda+temp": 0.176, "eda+acc": 0.154, "temp+acc": 0.154, "bvp+eda+temp": 0.2, "bvp+eda+acc": 0.188, "bvp+temp+acc": 0.201, "eda+temp+acc": 0.184, "bvp+eda+temp+acc": 0.195}, "3": {"bvp": 0.284, "eda": 0.228, "temp": 0.231, "acc": 0.251, "bvp+eda": 0.262, "bvp+temp": 0.271, "bvp+acc": 0.292, "eda+temp": 0.222, "eda+acc": 0.225, "temp+acc": 0.246, "bvp+eda+temp": 0.277, "bvp+eda+acc": 0.261, "bvp+temp+acc": 0.264, "eda+temp+acc": 0.236, "bvp+eda+temp+acc": 0.286}, "4": {"bvp": 0.383, "eda": 0.294, "temp": 0.303, "acc": 0.321, "bvp+eda": 0.322, "bvp+temp": 0.347, "bvp+acc": 0.348, "eda+temp": 0.287, "eda+acc": 0.304, "temp+acc": 0.317, "bvp+eda+temp": 0.384, "bvp+eda+acc": 0.358, "bvp+temp+acc": 0.337, "eda+temp+acc": 0.309, "bvp+eda+temp+acc": 0.356}, "5": {"bvp": 0.482, "eda": 0.35, "temp": 0.354, "acc": 0.391, "bvp+eda": 0.386, "bvp+temp": 0.422, "bvp+acc": 0.413, "eda+temp": 0.408, "eda+acc": 0.38, "temp+acc": 0.374, "bvp+eda+temp": 0.442, "bvp+eda+acc": 0.464, "bvp+temp+acc": 0.42, "eda+temp+acc": 0.423, "bvp+eda+temp+acc": 0.48}, "6": {"bvp": 0.525, "eda": 0.408, "temp": 0.395, "acc": 0.454, "bvp+eda": 0.431, "bvp+temp": 0.543, "bvp+acc": 0.472, "eda+temp": 0.496, "eda+acc": 0.45, "temp+acc": 0.438, "bvp+eda+temp": 0.511, "bvp+eda+acc": 0.507, "bvp+temp+acc": 0.523, "eda+temp+acc": 0.508, "bvp+eda+temp+acc": 0.527}, "7": {"bvp": 0.568, "eda": 0.487, "temp": 0.485, "acc": 0.528, "bvp+eda": 0.506, "bvp+temp": 0.623, "bvp+acc": 0.513, "eda+temp": 0.553, "eda+acc": 0.533, "temp+acc": 0.521, "bvp+eda+temp": 0.551, "bvp+eda+acc": 0.551, "bvp+temp+acc": 0.578, "eda+temp+acc": 0.584, "bvp+eda+temp+acc": 0.6}, "8": {"bvp": 0.62, "eda": 0.533, "temp": 0.575, "acc": 0.581, "bvp+eda": 0.556, "bvp+temp": 0.691, "bvp+acc": 0.619, "eda+temp": 0.612, "eda+acc": 0.583, "temp+acc": 0.584, "bvp+eda+temp": 0.633, "bvp+eda+acc": 0.604, "bvp+temp+acc": 0.623, "eda+temp+acc": 0.654, "bvp+eda+temp+acc": 0.655}, "9": {"bvp": 0.663, "eda": 0.604, "temp": 0.641, "acc": 0.621, "bvp+eda": 0.669, "bvp+temp": 0.751, "bvp+acc": 0.71, "eda+temp": 0.671, "eda+acc": 0.658, "temp+acc": 0.645, "bvp+eda+temp": 0.687, "bvp+eda+acc": 0.665, "bvp+temp+acc": 0.698, "eda+temp+acc": 0.699, "bvp+eda+temp+acc": 0.687}, "10": {"bvp": 0.713, "eda": 0.648, "temp": 0.711, "acc": 0.678, "bvp+eda": 0.777, "bvp+temp": 0.806, "bvp+acc": 0.768, "eda+temp": 0.707, "eda+acc": 0.707, "temp+acc": 0.733, "bvp+eda+temp": 0.727, "bvp+eda+acc": 0.741, "bvp+temp+acc": 0.765, "eda+temp+acc": 0.719, "bvp+eda+temp+acc": 0.733}, "11": {"bvp": 0.785, "eda": 0.721, "temp": 0.789, "acc": 0.721, "bvp+eda": 0.789, "bvp+temp": 0.825, "bvp+acc": 0.868, "eda+temp": 0.745, "eda+acc": 0.792, "temp+acc": 0.78, "bvp+eda+temp": 0.789, "bvp+eda+acc": 0.813, "bvp+temp+acc": 0.823, "eda+temp+acc": 0.782, "bvp+eda+temp+acc": 0.803}, "12": {"bvp": 0.86, "eda": 0.824, "temp": 0.823, "acc": 0.796, "bvp+eda": 0.823, "bvp+temp": 0.86, "bvp+acc": 0.904, "eda+temp": 0.804, "eda+acc": 0.824, "temp+acc": 0.845, "bvp+eda+temp": 0.837, "bvp+eda+acc": 0.88, "bvp+temp+acc": 0.893, "eda+temp+acc": 0.844, "bvp+eda+temp+acc": 0.856}, "13": {"bvp": 0.917, "eda": 0.921, "temp": 0.882, "acc": 0.889, "bvp+eda": 0.915, "bvp+temp": 0.91, "bvp+acc": 0.941, "eda+temp": 0.871, "eda+acc": 0.891, "temp+acc": 0.905, "bvp+eda+temp": 0.91, "bvp+eda+acc": 0.917, "bvp+temp+acc": 0.913, "eda+temp+acc": 0.869, "bvp+eda+temp+acc": 0.924}, "14": {"bvp": 0.963, "eda": 0.972, "temp": 0.938, "acc": 0.973, "bvp+eda": 0.959, "bvp+temp": 0.948, "bvp+acc": 0.985, "eda+temp": 0.911, "eda+acc": 0.947, "temp+acc": 0.953, "bvp+eda+temp": 0.956, "bvp+eda+acc": 0.955, "bvp+temp+acc": 0.958, "eda+temp+acc": 0.921, "bvp+eda+temp+acc": 0.965}, "15": {"bvp": 1.0, "eda": 1.0, "temp": 1.0, "acc": 1.0, "bvp+eda": 1.0, "bvp+temp": 1.0, "bvp+acc": 1.0, "eda+temp": 1.0, "eda+acc": 1.0, "temp+acc": 1.0, "bvp+eda+temp": 1.0, "bvp+eda+acc": 1.0, "bvp+temp+acc": 1.0, "eda+temp+acc": 1.0, "bvp+eda+temp+acc": 1.0}}