{"1": {"rank": 0.082, "score": 0.105, "mean": 0.093}, "2": {"rank": 0.165, "score": 0.19, "mean": 0.178}, "3": {"rank": 0.255, "score": 0.266, "mean": 0.261}, "4": {"rank": 0.335, "score": 0.345, "mean": 0.34}, "5": {"rank": 0.401, "score": 0.424, "mean": 0.412}, "6": {"rank": 0.474, "score": 0.492, "mean": 0.483}, "7": {"rank": 0.549, "score": 0.557, "mean": 0.553}, "8": {"rank": 0.601, "score": 0.621, "mean": 0.611}, "9": {"rank": 0.654, "score": 0.683, "mean": 0.668}, "10": {"rank": 0.715, "score": 0.739, "mean": 0.727}, "11": {"rank": 0.776, "score": 0.797, "mean": 0.787}, "12": {"rank": 0.827, "score": 0.853, "mean": 0.84}, "13": {"rank": 0.888, "score": 0.912, "mean": 0.9}, "14": {"rank": 0.942, "score": 0.957, "mean": 0.949}, "15": {"rank": 1.0, "score": 1.0, "mean": 1.0}}