{"rank": {"bvp": [0, 0, 0, 0, 0, 0, 0, 0, 0, 0, 0, 0, 0, 0, 0], "eda": [7, 5, 14, 6, 14, 2, 8, 13, 13, 7, 1, 0, 3, 8, 1], "temp": [11, 8, 10, 1, 5, 2, 13, 7, 5, 10, 13, 0, 0, 5, 9], "acc": [0, 1, 7, 14, 3, 0, 1, 0, 8, 2, 0, 13, 0, 10, 11], "bvp+eda": [2, 1, 7, 2, 10, 0, 2, 5, 5, 3, 0, 0, 1, 3, 0], "bvp+temp": [5, 2, 3, 0, 1, 0, 6, 2, 1, 3, 6, 0, 0, 1, 2], "bvp+acc": [0, 0, 2, 9, 1, 0, 0, 0, 4, 1, 0, 6, 0, 3, 6], "eda+temp": [12, 6, 14, 2, 12, 1, 13, 12, 12, 8, 8, 0, 1, 6, 3], "eda+acc": [2, 2, 11, 11, 8, 0, 5, 5, 12, 4, 0, 5, 2, 9, 4], "temp+acc": [6, 3, 10, 9, 3, 0, 6, 3, 5, 5, 5, 7, 0, 9, 12], "bvp+eda+temp": [4, 1, 8, 0, 5, 0, 6, 6, 5, 5, 3, 0, 0, 2, 1], "bvp+eda+acc": [0, 0, 8, 7, 5, 0, 2, 1, 6, 1, 0, 1, 0, 5, 1], "bvp+temp+acc": [2, 2, 5, 3, 1, 0, 2, 0, 1, 1, 2, 2, 0, 2, 7], "eda+temp+acc": [5, 2, 13, 7, 7, 0, 6, 7, 11, 6, 4, 1, 0, 9, 8], "bvp+eda+temp+acc": [0, 2, 10, 4, 4, 0, 4, 2, 5, 3, 2, 0, 0, 6, 1]}, "score": {"bvp": [0, 0, 0, 0, 0, 0, 0, 0, 0, 0, 0, 0, 0, 0, 0], "eda": [7, 5, 14, 6, 14, 2, 8, 13, 13, 7, 1, 0, 3, 8, 1], "temp": [11, 8, 10, 1, 5, 2, 13, 7, 5, 10, 13, 0, 0, 5, 9], "acc": [0, 1, 7, 14, 3, 0, 1, 0, 8, 2, 0, 13, 0, 10, 11], "bvp+eda": [2, 0, 9, 2, 11, 0, 3, 2, 3, 3, 0, 0, 1, 4, 0], "bvp+temp": [4, 4, 8, 0, 1, 0, 10, 1, 1, 7, 9, 0, 0, 2, 7], "bvp+acc": [0, 0, 3, 8, 1, 0, 0, 0, 1, 1, 0, 3, 0, 5, 4], "eda+temp": [12, 7, 13, 3, 8, 1, 13, 10, 6, 8, 9, 0, 0, 5, 6], "eda+acc": [0, 2, 14, 9, 12, 0, 5, 8, 11, 6, 0, 1, 3, 9, 2], "temp+acc": [7, 4, 12, 4, 4, 1, 12, 5, 5, 6, 11, 0, 0, 4, 10], "bvp+eda+temp": [3, 1, 9, 0, 6, 0, 9, 3, 4, 6, 4, 0, 0, 3, 4], "bvp+eda+acc": [0, 0, 10, 6, 6, 0, 2, 1, 4, 2, 0, 0, 1, 6, 1], "bvp+temp+acc": [1, 2, 7, 3, 1, 0, 9, 1, 1, 6, 5, 0, 0, 3, 8], "eda+temp+acc": [5, 3, 13, 4, 7, 0, 13, 8, 8, 7, 6, 0, 0, 8, 6], "bvp+eda+temp+acc": [1, 1, 11, 3, 3, 0, 9, 1, 4, 5, 2, 0, 0, 4, 5]}}