{"rank": {"bvp": [0, 0, 0, 0, 0, 0, 0, 0, 0, 0, 0, 0, 0, 0, 0], "eda": [5, 4, 12, 6, 12, 2, 9, 7, 13, 6, 0, 0, 5, 9, 1], "temp": [12, 10, 10, 1, 4, 1, 13, 5, 4, 8, 13, 0, 0, 7, 7], "acc": [1, 3, 6, 14, 1, 0, 1, 1, 6, 3, 0, 13, 0, 9, 8], "bvp+eda": [1, 1, 6, 2, 5, 0, 2, 3, 4, 2, 0, 0, 1, 2, 0], "bvp+temp": [5, 4, 3, 0, 0, 0, 7, 1, 1, 2, 6, 0, 0, 3, 1], "bvp+acc": [1, 0, 1, 8, 0, 0, 0, 0, 3, 1, 0, 6, 0, 2, 3], "eda+temp": [10, 8, 13, 2, 9, 0, 13, 6, 9, 7, 7, 0, 1, 9, 2], "eda+acc": [1, 3, 9, 12, 6, 0, 6, 3, 12, 4, 0, 5, 2, 10, 2], "temp+acc": [5, 5, 10, 9, 2, 0, 6, 2, 4, 5, 6, 7, 0, 9, 9], "bvp+eda+temp": [4, 2, 7, 0, 2, 0, 6, 2, 4, 4, 1, 0, 1, 3, 0], "bvp+eda+acc": [0, 0, 5, 7, 1, 0, 1, 1, 4, 1, 0, 1, 1, 5, 1], "bvp+temp+acc": [2, 2, 2, 3, 1, 0, 2, 0, 2, 1, 1, 1, 0, 2, 3], "eda+temp+acc": [6, 5, 11, 7, 5, 0, 9, 1, 9, 5, 4, 2, 1, 9, 3], "bvp+eda+temp+acc": [1, 2, 7, 3, 1, 0, 4, 0, 4, 1, 0, 0, 0, 6, 0]}, "score": {"bvp": [0, 0, 0, 0, 0, 0, 0, 0, 0, 0, 0, 0, 0, 0, 0], "eda": [5, 4, 12, 6, 12, 2, 9, 7, 13, 6, 0, 0, 5, 9, 1], "temp": [12, 10, 10, 1, 4, 1, 13, 5, 4, 8, 13, 0, 0, 7, 7], "acc": [1, 3, 6, 14, 1, 0, 1, 1, 6, 3, 0, 13, 0, 9, 8], "bvp+eda": [3, 1, 8, 2, 7, 0, 2, 1, 2, 2, 0, 0, 1, 5, 0], "bvp+temp": [4, 3, 5, 0, 1, 0, 10, 1, 1, 7, 8, 0, 0, 3, 4], "bvp+acc": [1, 0, 2, 7, 0, 0, 0, 0, 1, 1, 0, 2, 0, 3, 1], "eda+temp": [10, 7, 12, 0, 7, 0, 13, 8, 7, 7, 7, 0, 1, 10, 2], "eda+acc": [2, 3, 12, 7, 8, 0, 7, 6, 9, 2, 0, 0, 3, 10, 0], "temp+acc": [8, 8, 9, 2, 2, 0, 12, 4, 3, 6, 8, 1, 0, 9, 7], "bvp+eda+temp": [5, 3, 7, 0, 4, 0, 9, 1, 3, 4, 1, 0, 0, 5, 0], "bvp+eda+acc": [0, 1, 9, 6, 3, 0, 2, 0, 2, 1, 0, 0, 0, 5, 0], "bvp+temp+acc": [3, 3, 5, 0, 1, 0, 8, 1, 1, 4, 3, 0, 0, 5, 3], "eda+temp+acc": [6, 6, 12, 2, 5, 0, 13, 7, 6, 5, 4, 0, 0, 9, 1], "bvp+eda+temp+acc": [2, 1, 9, 0, 2, 0, 7, 1, 1, 4, 0, 0, 0, 8, 0]}}