{"rank": {"bvp": [0, 0, 0, 0, 0, 0, 0, 0, 0, 0, 0, 0, 0, 0, 0], "eda": [0, 2, 11, 8, 4, 1, 9, 3, 12, 0, 0, 0, 6, 10, 0], "temp": [6, 2, 6, 0, 0, 0, 12, 2, 7, 11, 14, 13, 3, 14, 8], "acc": [0, 0, 6, 11, 0, 0, 1, 0, 2, 2, 0, 7, 0, 7, 4], "bvp+eda": [0, 0, 5, 3, 1, 0, 1, 1, 4, 0, 0, 0, 2, 3, 0], "bvp+temp": [2, 0, 1, 0, 0, 0, 5, 0, 3, 5, 8, 4, 1, 8, 1], "bvp+acc": [0, 0, 1, 6, 0, 0, 0, 0, 1, 0, 0, 3, 0, 1, 1], "eda+temp": [1, 1, 8, 3, 0, 0, 12, 1, 12, 6, 6, 6, 3, 14, 3], "eda+acc": [0, 0, 8, 12, 1, 0, 5, 1, 6, 0, 0, 4, 2, 8, 0], "temp+acc": [0, 0, 5, 4, 0, 0, 5, 1, 2, 6, 9, 12, 0, 12, 4], "bvp+eda+temp": [1, 0, 5, 0, 0, 0, 6, 1, 5, 1, 3, 2, 1, 9, 1], "bvp+eda+acc": [0, 0, 5, 6, 0, 0, 1, 0, 3, 0, 0, 0, 0, 5, 0], "bvp+temp+acc": [0, 0, 2, 1, 0, 0, 1, 0, 1, 1, 3, 6, 0, 8, 1], "eda+temp+acc": [0, 0, 9, 4, 0, 0, 7, 1, 6, 2, 4, 8, 2, 13, 2], "bvp+eda+temp+acc": [0, 0, 4, 4, 0, 0, 4, 0, 2, 0, 1, 2, 1, 9, 0]}, "score": {"bvp": [0, 0, 0, 0, 0, 0, 0, 0, 0, 0, 0, 0, 0, 0, 0], "eda": [0, 2, 11, 8, 4, 1, 9, 3, 12, 0, 0, 0, 6, 10, 0], "temp": [6, 2, 6, 0, 0, 0, 12, 2, 7, 11, 14, 13, 3, 14, 8], "acc": [0, 0, 6, 11, 0, 0, 1, 0, 2, 2, 0, 7, 0, 7, 4], "bvp+eda": [0, 0, 8, 3, 1, 0, 2, 0, 4, 0, 0, 0, 2, 5, 0], "bvp+temp": [0, 0, 2, 0, 0, 0, 7, 0, 1, 5, 9, 2, 0, 8, 2], "bvp+acc": [0, 0, 2, 5, 0, 0, 0, 0, 1, 0, 0, 0, 0, 1, 0], "eda+temp": [0, 3, 9, 1, 1, 0, 10, 1, 12, 3, 6, 0, 3, 14, 2], "eda+acc": [0, 1, 11, 8, 2, 0, 5, 3, 10, 0, 0, 0, 4, 7, 0], "temp+acc": [2, 1, 5, 1, 0, 0, 11, 1, 4, 7, 10, 10, 0, 13, 5], "bvp+eda+temp": [0, 0, 5, 0, 0, 0, 5, 0, 4, 0, 3, 0, 1, 10, 0], "bvp+eda+acc": [0, 0, 9, 5, 1, 0, 1, 0, 3, 0, 0, 0, 0, 5, 0], "bvp+temp+acc": [0, 0, 2, 0, 0, 0, 6, 0, 1, 4, 3, 2, 0, 8, 2], "eda+temp+acc": [0, 0, 9, 1, 0, 0, 8, 1, 11, 0, 5, 0, 2, 14, 0], "bvp+eda+temp+acc": [0, 0, 4, 0, 0, 0, 5, 0, 3, 0, 1, 0, 0, 10, 0]}}