{"rank": {"bvp": [0, 0, 0, 0, 0, 0, 0, 0, 0, 0, 0, 0, 0, 0, 0], "eda": [3, 2, 11, 8, 10, 1, 6, 4, 12, 0, 1, 0, 6, 9, 0], "temp": [9, 5, 8, 0, 2, 0, 13, 3, 7, 12, 14, 4, 2, 14, 10], "acc": [1, 0, 6, 11, 1, 0, 1, 0, 8, 2, 0, 11, 0, 9, 1], "bvp+eda": [1, 0, 6, 2, 2, 0, 1, 1, 4, 0, 0, 0, 2, 2, 0], "bvp+temp": [3, 1, 2, 0, 0, 0, 6, 1, 2, 5, 8, 2, 0, 7, 3], "bvp+acc": [1, 0, 1, 6, 0, 0, 0, 0, 3, 0, 0, 5, 0, 1, 0], "eda+temp": [6, 3, 12, 2, 5, 0, 11, 2, 12, 6, 8, 1, 2, 14, 5], "eda+acc": [1, 0, 8, 12, 6, 0, 4, 1, 13, 0, 0, 7, 2, 9, 0], "temp+acc": [3, 1, 7, 5, 1, 0, 7, 2, 9, 6, 6, 7, 0, 14, 4], "bvp+eda+temp": [2, 1, 5, 0, 0, 0, 4, 0, 4, 1, 3, 0, 1, 10, 1], "bvp+eda+acc": [0, 0, 5, 6, 1, 0, 1, 0, 6, 0, 0, 2, 0, 6, 0], "bvp+temp+acc": [1, 0, 2, 1, 0, 0, 3, 0, 2, 3, 3, 3, 0, 11, 1], "eda+temp+acc": [1, 0, 9, 4, 2, 0, 7, 1, 12, 3, 5, 3, 1, 14, 2], "bvp+eda+temp+acc": [0, 0, 5, 3, 0, 0, 2, 0, 6, 1, 2, 2, 0, 10, 0]}, "score": {"bvp": [0, 0, 0, 0, 0, 0, 0, 0, 0, 0, 0, 0, 0, 0, 0], "eda": [3, 2, 11, 8, 10, 1, 6, 4, 12, 0, 1, 0, 6, 9, 0], "temp": [9, 5, 8, 0, 2, 0, 13, 3, 7, 12, 14, 4, 2, 14, 10], "acc": [1, 0, 6, 11, 1, 0, 1, 0, 8, 2, 0, 11, 0, 9, 1], "bvp+eda": [0, 0, 8, 3, 3, 0, 1, 0, 4, 0, 0, 0, 2, 6, 0], "bvp+temp": [2, 2, 4, 0, 0, 0, 9, 1, 1, 6, 9, 1, 0, 7, 4], "bvp+acc": [1, 0, 2, 5, 0, 0, 0, 0, 1, 0, 0, 1, 0, 1, 0], "eda+temp": [2, 3, 12, 1, 4, 0, 10, 5, 11, 5, 10, 0, 3, 14, 2], "eda+acc": [0, 2, 11, 9, 4, 0, 5, 4, 12, 0, 0, 0, 5, 8, 0], "temp+acc": [4, 4, 8, 2, 0, 0, 12, 1, 5, 7, 12, 4, 0, 11, 5], "bvp+eda+temp": [2, 1, 6, 0, 0, 0, 6, 1, 3, 1, 6, 0, 2, 10, 1], "bvp+eda+acc": [0, 0, 9, 6, 1, 0, 1, 0, 4, 0, 0, 0, 2, 4, 0], "bvp+temp+acc": [0, 0, 2, 0, 0, 0, 6, 0, 1, 4, 6, 1, 0, 8, 2], "eda+temp+acc": [1, 1, 11, 1, 1, 0, 9, 2, 12, 1, 6, 0, 3, 13, 1], "bvp+eda+temp+acc": [0, 1, 6, 1, 0, 0, 5, 0, 3, 0, 1, 0, 0, 9, 0]}}