{"rank": {"bvp": [0, 0, 0, 0, 0, 0, 0, 0, 0, 0, 0, 0, 0, 0, 0], "eda": [8, 3, 14, 7, 14, 1, 6, 12, 12, 9, 2, 0, 5, 9, 1], "temp": [12, 8, 10, 3, 4, 1, 13, 7, 5, 11, 14, 0, 0, 6, 9], "acc": [2, 3, 6, 14, 3, 0, 10, 0, 8, 2, 0, 13, 0, 10, 10], "bvp+eda": [3, 1, 8, 2, 7, 0, 1, 6, 5, 3, 0, 0, 1, 2, 0], "bvp+temp": [5, 2, 4, 1, 1, 0, 7, 2, 1, 7, 8, 0, 0, 2, 2], "bvp+acc": [1, 0, 1, 9, 1, 0, 3, 0, 4, 0, 0, 6, 0, 3, 5], "eda+temp": [12, 6, 14, 3, 9, 0, 13, 12, 9, 12, 9, 0, 0, 9, 3], "eda+acc": [2, 1, 11, 12, 10, 0, 9, 6, 11, 7, 0, 6, 2, 11, 3], "temp+acc": [7, 4, 10, 9, 3, 0, 14, 2, 5, 4, 6, 7, 0, 9, 12], "bvp+eda+temp": [6, 1, 9, 0, 4, 0, 5, 5, 4, 7, 3, 0, 0, 3, 1], "bvp+eda+acc": [1, 0, 9, 7, 5, 0, 3, 1, 6, 2, 0, 2, 1, 6, 2], "bvp+temp+acc": [3, 2, 2, 5, 1, 0, 9, 0, 1, 2, 3, 2, 0, 3, 5], "eda+temp+acc": [7, 3, 14, 9, 6, 0, 13, 5, 9, 7, 4, 2, 1, 9, 7], "bvp+eda+temp+acc": [5, 2, 10, 5, 2, 0, 8, 3, 5, 6, 2, 0, 0, 6, 2]}, "score": {"bvp": [0, 0, 0, 0, 0, 0, 0, 0, 0, 0, 0, 0, 0, 0, 0], "eda": [8, 3, 14, 7, 14, 1, 6, 12, 12, 9, 2, 0, 5, 9, 1], "temp": [12, 8, 10, 3, 4, 1, 13, 7, 5, 11, 14, 0, 0, 6, 9], "acc": [2, 3, 6, 14, 3, 0, 10, 0, 8, 2, 0, 13, 0, 10, 10], "bvp+eda": [2, 0, 9, 3, 9, 0, 2, 2, 3, 3, 0, 0, 2, 4, 0], "bvp+temp": [4, 2, 8, 0, 1, 0, 10, 1, 1, 8, 11, 0, 0, 3, 7], "bvp+acc": [0, 0, 3, 8, 1, 0, 2, 0, 1, 0, 0, 3, 0, 5, 4], "eda+temp": [12, 5, 14, 4, 7, 0, 13, 8, 7, 11, 11, 0, 2, 7, 6], "eda+acc": [2, 1, 12, 11, 12, 0, 7, 8, 10, 6, 1, 1, 4, 10, 1], "temp+acc": [7, 4, 11, 4, 3, 1, 12, 5, 3, 8, 13, 0, 0, 9, 9], "bvp+eda+temp": [4, 1, 9, 2, 5, 0, 9, 1, 1, 8, 9, 0, 0, 4, 3], "bvp+eda+acc": [0, 0, 10, 7, 6, 0, 2, 1, 4, 1, 0, 0, 1, 7, 0], "bvp+temp+acc": [1, 2, 7, 4, 1, 0, 10, 1, 1, 6, 7, 0, 0, 6, 7], "eda+temp+acc": [7, 2, 13, 5, 5, 0, 13, 7, 7, 9, 7, 0, 1, 9, 6], "bvp+eda+temp+acc": [3, 1, 10, 4, 4, 0, 10, 1, 2, 6, 4, 0, 0, 5, 3]}}