{"rank": {"bvp": [0, 0, 0, 0, 0, 0, 0, 0, 0, 0, 0, 0, 0, 0, 0], "eda": [2, 2, 11, 6, 4, 4, 6, 4, 12, 0, 1, 0, 6, 11, 0], "temp": [7, 3, 3, 0, 0, 1, 12, 3, 7, 11, 13, 13, 4, 13, 6], "acc": [4, 2, 7, 10, 0, 0, 1, 4, 8, 1, 0, 4, 0, 6, 2], "bvp+eda": [0, 0, 5, 1, 1, 1, 1, 1, 4, 0, 0, 0, 2, 5, 0], "bvp+temp": [3, 1, 1, 0, 0, 0, 7, 1, 3, 6, 6, 4, 1, 6, 1], "bvp+acc": [2, 0, 3, 4, 0, 0, 0, 1, 3, 0, 0, 1, 0, 0, 0], "eda+temp": [3, 1, 7, 2, 1, 0, 10, 2, 12, 6, 8, 6, 4, 14, 2], "eda+acc": [3, 1, 10, 9, 1, 1, 5, 3, 13, 0, 0, 1, 2, 8, 0], "temp+acc": [4, 1, 3, 3, 0, 0, 5, 3, 8, 5, 7, 9, 0, 12, 2], "bvp+eda+temp": [1, 1, 3, 0, 0, 0, 4, 1, 5, 2, 3, 2, 1, 10, 0], "bvp+eda+acc": [2, 0, 5, 3, 0, 0, 1, 0, 6, 0, 0, 0, 0, 5, 0], "bvp+temp+acc": [2, 0, 2, 1, 0, 0, 2, 0, 6, 2, 1, 4, 0, 5, 1], "eda+temp+acc": [2, 0, 8, 3, 0, 0, 6, 2, 11, 2, 3, 5, 1, 13, 1], "bvp+eda+temp+acc": [1, 0, 3, 1, 0, 0, 3, 1, 6, 0, 1, 1, 0, 9, 0]}, "score": {"bvp": [0, 0, 0, 0, 0, 0, 0, 0, 0, 0, 0, 0, 0, 0, 0], "eda": [2, 2, 11, 6, 4, 4, 6, 4, 12, 0, 1, 0, 6, 11, 0], "temp": [7, 3, 3, 0, 0, 1, 12, 3, 7, 11, 13, 13, 4, 13, 6], "acc": [4, 2, 7, 10, 0, 0, 1, 4, 8, 1, 0, 4, 0, 6, 2], "bvp+eda": [0, 0, 9, 1, 1, 0, 1, 0, 3, 0, 0, 0, 1, 4, 0], "bvp+temp": [3, 0, 1, 0, 0, 0, 7, 0, 0, 6, 4, 3, 1, 10, 2], "bvp+acc": [1, 0, 3, 2, 0, 0, 0, 0, 1, 0, 0, 0, 0, 1, 0], "eda+temp": [4, 1, 8, 1, 2, 0, 9, 4, 11, 2, 6, 3, 4, 12, 2], "eda+acc": [2, 0, 11, 7, 1, 0, 5, 4, 11, 0, 0, 0, 3, 8, 0], "temp+acc": [5, 1, 4, 1, 0, 0, 11, 1, 8, 7, 7, 12, 0, 13, 5], "bvp+eda+temp": [1, 0, 5, 0, 1, 0, 6, 0, 3, 0, 3, 0, 0, 11, 0], "bvp+eda+acc": [1, 0, 7, 2, 1, 0, 1, 0, 3, 0, 0, 0, 1, 4, 0], "bvp+temp+acc": [2, 0, 2, 0, 0, 0, 6, 0, 1, 4, 1, 3, 0, 8, 2], "eda+temp+acc": [3, 1, 9, 1, 1, 0, 9, 3, 10, 0, 1, 2, 1, 12, 1], "bvp+eda+temp+acc": [0, 0, 5, 0, 0, 0, 6, 0, 4, 0, 0, 0, 0, 10, 0]}}