{"rank": {"bvp": [0, 0, 0, 0, 0, 0, 0, 0, 0, 0, 0, 0, 0, 0, 0], "eda": [7, 5, 13, 5, 10, 1, 7, 9, 13, 13, 2, 0, 8, 12, 4], "temp": [11, 11, 8, 4, 9, 2, 13, 12, 5, 14, 13, 14, 0, 13, 10], "acc": [13, 8, 9, 14, 3, 0, 2, 7, 10, 12, 0, 5, 1, 9, 3], "bvp+eda": [2, 1, 6, 1, 2, 0, 3, 2, 5, 5, 0, 0, 2, 6, 0], "bvp+temp": [5, 6, 1, 1, 3, 0, 7, 5, 1, 8, 6, 9, 0, 7, 3], "bvp+acc": [5, 3, 2, 7, 1, 0, 0, 3, 4, 6, 0, 1, 0, 2, 1], "eda+temp": [11, 9, 14, 3, 12, 0, 13, 13, 12, 14, 10, 8, 2, 14, 7], "eda+acc": [10, 6, 13, 11, 7, 0, 2, 9, 14, 14, 0, 1, 4, 11, 1], "temp+acc": [14, 11, 10, 12, 6, 0, 8, 11, 8, 14, 5, 12, 0, 13, 5], "bvp+eda+temp": [4, 3, 7, 0, 6, 0, 7, 7, 4, 10, 3, 3, 0, 10, 4], "bvp+eda+acc": [8, 3, 9, 6, 2, 0, 1, 3, 9, 9, 0, 0, 1, 7, 0], "bvp+temp+acc": [8, 6, 4, 5, 2, 0, 3, 5, 5, 11, 1, 5, 0, 8, 2], "eda+temp+acc": [13, 8, 13, 9, 8, 0, 6, 12, 11, 14, 2, 6, 1, 14, 5], "bvp+eda+temp+acc": [9, 6, 11, 4, 6, 0, 4, 8, 8, 12, 1, 3, 0, 10, 0]}, "score": {"bvp": [0, 0, 0, 0, 0, 0, 0, 0, 0, 0, 0, 0, 0, 0, 0], "eda": [7, 5, 13, 5, 10, 1, 7, 9, 13, 13, 2, 0, 8, 12, 4], "temp": [11, 11, 8, 4, 9, 2, 13, 12, 5, 14, 13, 14, 0, 13, 10], "acc": [13, 8, 9, 14, 3, 0, 2, 7, 10, 12, 0, 5, 1, 9, 3], "bvp+eda": [1, 0, 8, 1, 4, 0, 2, 2, 4, 3, 0, 0, 2, 8, 0], "bvp+temp": [6, 2, 2, 3, 3, 0, 10, 0, 0, 9, 4, 6, 0, 9, 8], "bvp+acc": [3, 1, 3, 8, 0, 0, 0, 0, 2, 5, 0, 0, 0, 4, 1], "eda+temp": [12, 8, 14, 3, 8, 1, 13, 12, 13, 14, 4, 6, 3, 13, 10], "eda+acc": [8, 6, 12, 11, 4, 0, 4, 10, 13, 14, 1, 0, 3, 13, 2], "temp+acc": [14, 11, 10, 8, 5, 1, 11, 11, 8, 14, 7, 14, 0, 12, 10], "bvp+eda+temp": [5, 3, 7, 3, 5, 0, 8, 2, 3, 10, 0, 0, 0, 11, 6], "bvp+eda+acc": [4, 1, 9, 8, 4, 0, 2, 1, 5, 6, 0, 0, 1, 9, 0], "bvp+temp+acc": [7, 3, 3, 6, 2, 0, 7, 0, 2, 9, 1, 6, 0, 11, 7], "eda+temp+acc": [14, 7, 13, 5, 6, 0, 11, 11, 13, 14, 3, 5, 1, 14, 10], "bvp+eda+temp+acc": [7, 3, 9, 4, 4, 0, 7, 2, 5, 11, 0, 0, 0, 12, 7]}}