{"1": {"non-stress": 0.237, "stress": 0.078}, "2": {"non-stress": 0.378, "stress": 0.185}, "3": {"non-stress": 0.47, "stress": 0.285}, "4": {"non-stress": 0.559, "stress": 0.343}, "5": {"non-stress": 0.618, "stress": 0.391}, "6": {"non-stress": 0.702, "stress": 0.452}, "7": {"non-stress": 0.765, "stress": 0.498}, "8": {"non-stress": 0.82, "stress": 0.541}, "9": {"non-stress": 0.859, "stress": 0.609}, "10": {"non-stress": 0.889, "stress": 0.663}, "11": {"non-stress": 0.935, "stress": 0.737}, "12": {"non-stress": 0.959, "stress": 0.815}, "13": {"non-stress": 0.978, "stress": 0.865}, "14": {"non-stress": 0.994, "stress": 0.928}, "15": {"non-stress": 1.0, "stress": 1.0}}