{"1": {"rank": 0.157, "score": 0.157, "mean": 0.157}, "2": {"rank": 0.281, "score": 0.281, "mean": 0.281}, "3": {"rank": 0.378, "score": 0.378, "mean": 0.378}, "4": {"rank": 0.451, "score": 0.451, "mean": 0.451}, "5": {"rank": 0.505, "score": 0.505, "mean": 0.505}, "6": {"rank": 0.577, "score": 0.577, "mean": 0.577}, "7": {"rank": 0.631, "score": 0.631, "mean": 0.631}, "8": {"rank": 0.681, "score": 0.681, "mean": 0.681}, "9": {"rank": 0.734, "score": 0.734, "mean": 0.734}, "10": {"rank": 0.776, "score": 0.776, "mean": 0.776}, "11": {"rank": 0.836, "score": 0.836, "mean": 0.836}, "12": {"rank": 0.887, "score": 0.887, "mean": 0.887}, "13": {"rank": 0.921, "score": 0.921, "mean": 0.921}, "14": {"rank": 0.961, "score": 0.961, "mean": 0.961}, "15": {"rank": 1.0, "score": 1.0, "mean": 1.0}}