{"rank": {"bvp": [0, 0, 0, 0, 0, 0, 0, 0, 0, 0, 0, 0, 0, 0, 0], "eda": [1, 2, 11, 7, 14, 0, 4, 12, 12, 4, 0, 0, 5, 9, 1], "temp": [10, 7, 10, 1, 2, 1, 13, 8, 4, 12, 14, 0, 0, 10, 9], "acc": [4, 3, 6, 14, 2, 0, 7, 0, 8, 2, 0, 14, 0, 10, 4], "bvp+eda": [0, 0, 6, 2, 9, 0, 1, 5, 5, 1, 0, 0, 1, 2, 0], "bvp+temp": [5, 2, 3, 0, 0, 0, 7, 3, 1, 6, 7, 0, 0, 4, 1], "bvp+acc": [2, 1, 1, 9, 0, 0, 2, 0, 4, 0, 0, 7, 0, 4, 1], "eda+temp": [5, 3, 13, 2, 8, 0, 10, 13, 9, 7, 7, 0, 1, 12, 4], "eda+acc": [1, 1, 8, 11, 10, 0, 6, 6, 13, 0, 0, 8, 2, 11, 0], "temp+acc": [6, 3, 10, 8, 2, 0, 12, 3, 5, 7, 6, 7, 0, 12, 5], "bvp+eda+temp": [2, 1, 6, 1, 3, 0, 4, 6, 2, 3, 3, 0, 1, 6, 1], "bvp+eda+acc": [0, 0, 6, 7, 2, 0, 2, 2, 5, 0, 0, 3, 1, 5, 0], "bvp+temp+acc": [2, 2, 2, 2, 0, 0, 7, 0, 2, 3, 3, 4, 0, 9, 1], "eda+temp+acc": [2, 2, 10, 6, 4, 0, 10, 7, 10, 6, 4, 3, 0, 12, 3], "bvp+eda+temp+acc": [0, 1, 7, 5, 1, 0, 4, 3, 2, 0, 1, 1, 0, 9, 0]}, "score": {"bvp": [0, 0, 0, 0, 0, 0, 0, 0, 0, 0, 0, 0, 0, 0, 0], "eda": [1, 2, 11, 7, 14, 0, 4, 12, 12, 4, 0, 0, 5, 9, 1], "temp": [10, 7, 10, 1, 2, 1, 13, 8, 4, 12, 14, 0, 0, 10, 9], "acc": [4, 3, 6, 14, 2, 0, 7, 0, 8, 2, 0, 14, 0, 10, 4], "bvp+eda": [0, 1, 8, 2, 10, 0, 1, 2, 2, 1, 0, 0, 2, 6, 0], "bvp+temp": [5, 2, 4, 0, 0, 0, 10, 1, 1, 9, 10, 0, 0, 4, 2], "bvp+acc": [1, 0, 2, 7, 1, 0, 1, 0, 1, 0, 0, 3, 0, 4, 0], "eda+temp": [6, 4, 11, 1, 7, 0, 11, 10, 10, 7, 9, 0, 2, 12, 2], "eda+acc": [1, 2, 10, 9, 12, 0, 5, 9, 14, 1, 0, 0, 4, 10, 0], "temp+acc": [9, 4, 8, 2, 2, 0, 12, 4, 4, 8, 12, 2, 0, 12, 9], "bvp+eda+temp": [2, 1, 6, 0, 5, 0, 6, 3, 3, 5, 5, 0, 0, 9, 1], "bvp+eda+acc": [0, 0, 7, 6, 8, 0, 2, 1, 3, 0, 0, 0, 0, 7, 0], "bvp+temp+acc": [5, 1, 4, 0, 1, 0, 8, 1, 1, 5, 6, 0, 0, 7, 2], "eda+temp+acc": [6, 2, 10, 2, 7, 0, 11, 7, 8, 6, 5, 0, 0, 9, 2], "bvp+eda+temp+acc": [2, 1, 5, 1, 4, 0, 6, 1, 2, 5, 1, 0, 0, 9, 0]}}