{"rank": {"bvp": [0, 0, 0, 0, 0, 0, 0, 0, 0, 0, 0, 0, 0, 0, 0], "eda": [5, 2, 14, 6, 14, 1, 3, 11, 11, 7, 2, 0, 5, 9, 1], "temp": [11, 8, 10, 2, 3, 1, 13, 7, 5, 11, 14, 0, 0, 6, 9], "acc": [1, 3, 6, 14, 3, 0, 9, 0, 7, 1, 0, 13, 0, 10, 9], "bvp+eda": [1, 0, 8, 2, 9, 0, 1, 5, 5, 2, 0, 0, 1, 2, 0], "bvp+temp": [5, 2, 4, 0, 1, 0, 7, 2, 1, 7, 8, 0, 0, 2, 1], "bvp+acc": [1, 0, 1, 9, 1, 0, 1, 0, 4, 0, 0, 6, 0, 4, 3], "eda+temp": [10, 5, 14, 2, 8, 0, 10, 10, 9, 10, 9, 0, 1, 10, 4], "eda+acc": [2, 1, 11, 11, 10, 0, 6, 6, 10, 3, 0, 5, 2, 11, 2], "temp+acc": [4, 4, 10, 9, 2, 0, 13, 2, 5, 5, 6, 7, 0, 9, 10], "bvp+eda+temp": [4, 1, 8, 0, 5, 0, 3, 4, 3, 5, 3, 0, 1, 3, 1], "bvp+eda+acc": [0, 0, 8, 7, 5, 0, 1, 1, 5, 1, 0, 2, 1, 6, 1], "bvp+temp+acc": [2, 2, 2, 3, 1, 0, 6, 0, 1, 1, 4, 2, 0, 3, 5], "eda+temp+acc": [5, 2, 14, 6, 7, 0, 10, 5, 9, 5, 4, 1, 0, 9, 5], "bvp+eda+temp+acc": [1, 1, 10, 5, 2, 0, 3, 1, 4, 3, 1, 0, 0, 6, 1]}, "score": {"bvp": [0, 0, 0, 0, 0, 0, 0, 0, 0, 0, 0, 0, 0, 0, 0], "eda": [5, 2, 14, 6, 14, 1, 3, 11, 11, 7, 2, 0, 5, 9, 1], "temp": [11, 8, 10, 2, 3, 1, 13, 7, 5, 11, 14, 0, 0, 6, 9], "acc": [1, 3, 6, 14, 3, 0, 9, 0, 7, 1, 0, 13, 0, 10, 9], "bvp+eda": [2, 0, 9, 3, 8, 0, 1, 1, 3, 3, 0, 0, 2, 3, 0], "bvp+temp": [4, 2, 8, 0, 1, 0, 10, 1, 1, 8, 11, 0, 0, 3, 7], "bvp+acc": [0, 0, 2, 8, 1, 0, 2, 0, 1, 0, 0, 3, 0, 5, 4], "eda+temp": [11, 5, 14, 3, 7, 0, 13, 8, 7, 11, 10, 0, 1, 7, 4], "eda+acc": [2, 0, 11, 10, 8, 0, 5, 5, 10, 5, 0, 1, 4, 10, 0], "temp+acc": [7, 5, 11, 3, 3, 1, 13, 5, 3, 8, 13, 0, 0, 9, 9], "bvp+eda+temp": [4, 1, 9, 1, 4, 0, 9, 1, 1, 8, 8, 0, 0, 4, 3], "bvp+eda+acc": [0, 0, 9, 6, 4, 0, 2, 1, 4, 2, 0, 0, 1, 7, 0], "bvp+temp+acc": [1, 2, 7, 3, 1, 0, 10, 1, 1, 6, 6, 0, 0, 4, 6], "eda+temp+acc": [5, 4, 13, 5, 3, 0, 13, 5, 7, 9, 6, 0, 1, 8, 5], "bvp+eda+temp+acc": [2, 1, 10, 4, 3, 0, 9, 1, 2, 6, 4, 0, 0, 5, 2]}}