{"rank": {"bvp": [0, 0, 0, 0, 0, 0, 0, 0, 0, 0, 0, 0, 0, 0, 0], "eda": [4, 8, 13, 4, 8, 1, 4, 7, 14, 2, 2, 0, 6, 11, 1], "temp": [11, 4, 9, 3, 1, 2, 13, 7, 3, 14, 14, 14, 0, 11, 10], "acc": [12, 8, 8, 14, 1, 0, 2, 9, 10, 11, 0, 11, 0, 8, 2], "bvp+eda": [1, 3, 6, 1, 3, 0, 1, 2, 5, 0, 0, 0, 2, 6, 0], "bvp+temp": [6, 1, 1, 0, 0, 0, 6, 3, 1, 9, 8, 7, 0, 6, 3], "bvp+acc": [5, 4, 2, 8, 0, 0, 0, 3, 3, 7, 0, 5, 0, 2, 0], "eda+temp": [8, 4, 14, 2, 2, 0, 9, 5, 10, 9, 10, 8, 0, 12, 5], "eda+acc": [8, 8, 11, 10, 4, 0, 1, 9, 14, 5, 0, 6, 3, 11, 0], "temp+acc": [14, 5, 9, 8, 1, 0, 8, 8, 4, 14, 6, 13, 0, 13, 4], "bvp+eda+temp": [3, 1, 6, 0, 1, 0, 4, 2, 4, 1, 3, 3, 0, 8, 1], "bvp+eda+acc": [5, 4, 8, 5, 0, 0, 0, 3, 8, 1, 0, 1, 0, 5, 0], "bvp+temp+acc": [8, 2, 4, 5, 0, 0, 3, 3, 2, 10, 3, 8, 0, 5, 1], "eda+temp+acc": [11, 7, 13, 7, 2, 0, 4, 8, 11, 13, 4, 10, 0, 13, 2], "bvp+eda+temp+acc": [6, 4, 10, 2, 0, 0, 3, 5, 6, 8, 1, 4, 0, 10, 0]}, "score": {"bvp": [0, 0, 0, 0, 0, 0, 0, 0, 0, 0, 0, 0, 0, 0, 0], "eda": [4, 8, 13, 4, 8, 1, 4, 7, 14, 2, 2, 0, 6, 11, 1], "temp": [11, 4, 9, 3, 1, 2, 13, 7, 3, 14, 14, 14, 0, 11, 10], "acc": [12, 8, 8, 14, 1, 0, 2, 9, 10, 11, 0, 11, 0, 8, 2], "bvp+eda": [1, 3, 7, 1, 2, 0, 2, 0, 2, 1, 0, 0, 2, 7, 0], "bvp+temp": [5, 1, 5, 0, 1, 0, 10, 0, 1, 8, 8, 5, 0, 7, 7], "bvp+acc": [3, 1, 2, 8, 0, 0, 0, 0, 1, 5, 0, 1, 0, 4, 0], "eda+temp": [10, 5, 12, 3, 4, 0, 12, 5, 8, 7, 8, 4, 3, 13, 1], "eda+acc": [7, 7, 11, 11, 3, 0, 4, 8, 13, 4, 0, 0, 3, 12, 1], "temp+acc": [13, 4, 9, 3, 1, 1, 10, 6, 4, 14, 11, 13, 0, 12, 10], "bvp+eda+temp": [5, 2, 7, 1, 2, 0, 7, 0, 2, 2, 3, 0, 0, 9, 1], "bvp+eda+acc": [3, 2, 9, 6, 2, 0, 2, 1, 4, 1, 0, 0, 1, 7, 0], "bvp+temp+acc": [7, 1, 4, 2, 1, 0, 6, 0, 2, 9, 5, 5, 0, 8, 6], "eda+temp+acc": [12, 7, 12, 4, 3, 0, 11, 6, 10, 6, 6, 7, 0, 12, 1], "bvp+eda+temp+acc": [5, 2, 6, 3, 1, 0, 5, 0, 3, 2, 1, 0, 0, 10, 1]}}