{"1": {"bvp": 0.486, "eda": 0.067, "temp": 0.091, "acc": 0.228, "bvp+eda": 0.146, "bvp+temp": 0.218, "bvp+acc": 0.466, "eda+temp": 0.06, "eda+acc": 0.085, "temp+acc": 0.188, "bvp+eda+temp": 0.19, "bvp+eda+acc": 0.194, "bvp+temp+acc": 0.369, "eda+temp+acc": 0.076, "bvp+eda+temp+acc": 0.222}, "2": {"bvp": 0.769, "eda": 0.145, "temp": 0.184, "acc": 0.331, "bvp+eda": 0.252, "bvp+temp": 0.457, "bvp+acc": 0.683, "eda+temp": 0.13, "eda+acc": 0.15, "temp+acc": 0.306, "bvp+eda+temp": 0.33, "bvp+eda+acc": 0.356, "bvp+temp+acc": 0.514, "eda+temp+acc": 0.205, "bvp+eda+temp+acc": 0.368}, "3": {"bvp": 0.916, "eda": 0.217, "temp": 0.233, "acc": 0.437, "bvp+eda": 0.442, "bvp+temp": 0.544, "bvp+acc": 0.732, "eda+temp": 0.196, "eda+acc": 0.26, "temp+acc": 0.35, "bvp+eda+temp": 0.417, "bvp+eda+acc": 0.497, "bvp+temp+acc": 0.619, "eda+temp+acc": 0.269, "bvp+eda+temp+acc": 0.492}, "4": {"bvp": 0.974, "eda": 0.27, "temp": 0.326, "acc": 0.546, "bvp+eda": 0.546, "bvp+temp": 0.617, "bvp+acc": 0.814, "eda+temp": 0.246, "eda+acc": 0.323, "temp+acc": 0.431, "bvp+eda+temp": 0.522, "bvp+eda+acc": 0.604, "bvp+temp+acc": 0.65, "eda+temp+acc": 0.327, "bvp+eda+temp+acc": 0.578}, "5": {"bvp": 0.989, "eda": 0.38, "temp": 0.378, "acc": 0.602, "bvp+eda": 0.654, "bvp+temp": 0.679, "bvp+acc": 0.903, "eda+temp": 0.338, "eda+acc": 0.419, "temp+acc": 0.509, "bvp+eda+temp": 0.6, "bvp+eda+acc": 0.67, "bvp+temp+acc": 0.691, "eda+temp+acc": 0.403, "bvp+eda+temp+acc": 0.649}, "6": {"bvp": 0.998, "eda": 0.445, "temp": 0.442, "acc": 0.638, "bvp+eda": 0.728, "bvp+temp": 0.782, "bvp+acc": 0.93, "eda+temp": 0.431, "eda+acc": 0.608, "temp+acc": 0.545, "bvp+eda+temp": 0.631, "bvp+eda+acc": 0.764, "bvp+temp+acc": 0.789, "eda+temp+acc": 0.472, "bvp+eda+temp+acc": 0.681}, "7": {"bvp": 1.0, "eda": 0.521, "temp": 0.507, "acc": 0.687, "bvp+eda": 0.775, "bvp+temp": 0.785, "bvp+acc": 0.947, "eda+temp": 0.466, "eda+acc": 0.662, "temp+acc": 0.57, "bvp+eda+temp": 0.666, "bvp+eda+acc": 0.827, "bvp+temp+acc": 0.815, "eda+temp+acc": 0.529, "bvp+eda+temp+acc": 0.721}, "8": {"bvp": 1.0, "eda": 0.59, "temp": 0.576, "acc": 0.74, "bvp+eda": 0.823, "bvp+temp": 0.828, "bvp+acc": 0.982, "eda+temp": 0.535, "eda+acc": 0.736, "temp+acc": 0.629, "bvp+eda+temp": 0.754, "bvp+eda+acc": 0.86, "bvp+temp+acc": 0.821, "eda+temp+acc": 0.608, "bvp+eda+temp+acc": 0.789}, "9": {"bvp": 1.0, "eda": 0.656, "temp": 0.635, "acc": 0.833, "bvp+eda": 0.827, "bvp+temp": 0.865, "bvp+acc": 0.988, "eda+temp": 0.593, "eda+acc": 0.779, "temp+acc": 0.693, "bvp+eda+temp": 0.784, "bvp+eda+acc": 0.881, "bvp+temp+acc": 0.876, "eda+temp+acc": 0.663, "bvp+eda+temp+acc": 0.857}, "10": {"bvp": 1.0, "eda": 0.682, "temp": 0.697, "acc": 0.908, "bvp+eda": 0.894, "bvp+temp": 0.895, "bvp+acc": 0.992, "eda+temp": 0.649, "eda+acc": 0.807, "temp+acc": 0.732, "bvp+eda+temp": 0.888, "bvp+eda+acc": 0.911, "bvp+temp+acc": 0.915, "eda+temp+acc": 0.721, "bvp+eda+temp+acc": 0.89}, "11": {"bvp": 1.0, "eda": 0.763, "temp": 0.778, "acc": 0.928, "bvp+eda": 0.909, "bvp+temp": 0.911, "bvp+acc": 1.0, "eda+temp": 0.701, "eda+acc": 0.827, "temp+acc": 0.789, "bvp+eda+temp": 0.921, "bvp+eda+acc": 0.952, "bvp+temp+acc": 0.95, "eda+temp+acc": 0.779, "bvp+eda+temp+acc": 0.916}, "12": {"bvp": 1.0, "eda": 0.836, "temp": 0.809, "acc": 0.932, "bvp+eda": 1.0, "bvp+temp": 0.975, "bvp+acc": 1.0, "eda+temp": 0.758, "eda+acc": 0.844, "temp+acc": 0.835, "bvp+eda+temp": 0.962, "bvp+eda+acc": 1.0, "bvp+temp+acc": 0.968, "eda+temp+acc": 0.817, "bvp+eda+temp+acc": 0.946}, "13": {"bvp": 1.0, "eda": 0.864, "temp": 0.837, "acc": 0.973, "bvp+eda": 1.0, "bvp+temp": 0.993, "bvp+acc": 1.0, "eda+temp": 0.83, "eda+acc": 0.865, "temp+acc": 0.893, "bvp+eda+temp": 1.0, "bvp+eda+acc": 1.0, "bvp+temp+acc": 1.0, "eda+temp+acc": 0.87, "bvp+eda+temp+acc": 1.0}, "14": {"bvp": 1.0, "eda": 0.931, "temp": 0.901, "acc": 0.987, "bvp+eda": 1.0, "bvp+temp": 1.0, "bvp+acc": 1.0, "eda+temp": 0.943, "eda+acc": 0.925, "temp+acc": 0.953, "bvp+eda+temp": 1.0, "bvp+eda+acc": 1.0, "bvp+temp+acc": 1.0, "eda+temp+acc": 0.962, "bvp+eda+temp+acc": 1.0}, "15": {"bvp": 1.0, "eda": 1.0, "temp": 1.0, "acc": 1.0, "bvp+eda": 1.0, "bvp+temp": 1.0, "bvp+acc": 1.0, "eda+temp": 1.0, "eda+acc": 1.0, "temp+acc": 1.0, "bvp+eda+temp": 1.0, "bvp+eda+acc": 1.0, "bvp+temp+acc": 1.0, "eda+temp+acc": 1.0, "bvp+eda+temp+acc": 1.0}}