{"1": {"rank": 0.199, "score": 0.19, "mean": 0.195}, "2": {"rank": 0.346, "score": 0.323, "mean": 0.335}, "3": {"rank": 0.447, "score": 0.412, "mean": 0.43}, "4": {"rank": 0.537, "score": 0.489, "mean": 0.513}, "5": {"rank": 0.596, "score": 0.558, "mean": 0.577}, "6": {"rank": 0.651, "score": 0.619, "mean": 0.635}, "7": {"rank": 0.712, "score": 0.66, "mean": 0.686}, "8": {"rank": 0.749, "score": 0.714, "mean": 0.731}, "9": {"rank": 0.791, "score": 0.763, "mean": 0.777}, "10": {"rank": 0.844, "score": 0.812, "mean": 0.828}, "11": {"rank": 0.886, "score": 0.856, "mean": 0.871}, "12": {"rank": 0.911, "score": 0.893, "mean": 0.902}, "13": {"rank": 0.939, "score": 0.93, "mean": 0.935}, "14": {"rank": 0.966, "score": 0.967, "mean": 0.966}, "15": {"rank": 1.0, "score": 1.0, "mean": 1.0}}