{"1": {"non-stress": 0.229, "stress": 0.152}, "2": {"non-stress": 0.379, "stress": 0.267}, "3": {"non-stress": 0.486, "stress": 0.339}, "4": {"non-stress": 0.562, "stress": 0.416}, "5": {"non-stress": 0.64, "stress": 0.475}, "6": {"non-stress": 0.718, "stress": 0.521}, "7": {"non-stress": 0.756, "stress": 0.565}, "8": {"non-stress": 0.807, "stress": 0.621}, "9": {"non-stress": 0.844, "stress": 0.683}, "10": {"non-stress": 0.878, "stress": 0.747}, "11": {"non-stress": 0.904, "stress": 0.807}, "12": {"non-stress": 0.941, "stress": 0.845}, "13": {"non-stress": 0.959, "stress": 0.902}, "14": {"non-stress": 0.984, "stress": 0.95}, "15": {"non-stress": 1.0, "stress": 1.0}}