{"rank": {"bvp": [0, 0, 0, 0, 0, 0, 0, 0, 0, 0, 0, 0, 0, 0, 0], "eda": [8, 6, 14, 7, 14, 1, 6, 13, 12, 9, 2, 0, 6, 9, 2], "temp": [11, 7, 10, 3, 5, 2, 13, 7, 5, 12, 14, 0, 0, 6, 9], "acc": [0, 1, 7, 14, 3, 0, 3, 0, 8, 2, 0, 13, 0, 10, 10], "bvp+eda": [3, 1, 7, 2, 7, 0, 1, 5, 5, 2, 0, 0, 2, 3, 0], "bvp+temp": [5, 2, 3, 1, 1, 0, 6, 2, 1, 6, 8, 0, 0, 2, 2], "bvp+acc": [0, 0, 2, 8, 1, 0, 1, 0, 4, 0, 0, 6, 0, 3, 5], "eda+temp": [12, 6, 14, 3, 11, 0, 13, 12, 10, 11, 9, 0, 2, 9, 5], "eda+acc": [2, 3, 11, 11, 9, 0, 4, 5, 11, 7, 0, 5, 2, 11, 4], "temp+acc": [5, 3, 10, 9, 3, 0, 9, 3, 5, 7, 6, 7, 0, 9, 12], "bvp+eda+temp": [4, 2, 8, 0, 4, 0, 5, 6, 5, 6, 3, 0, 0, 3, 2], "bvp+eda+acc": [1, 0, 8, 7, 5, 0, 2, 0, 7, 2, 0, 2, 0, 6, 2], "bvp+temp+acc": [2, 2, 4, 5, 1, 0, 3, 0, 2, 3, 3, 2, 0, 3, 6], "eda+temp+acc": [4, 2, 13, 10, 7, 0, 5, 6, 9, 10, 4, 2, 1, 9, 6], "bvp+eda+temp+acc": [3, 2, 10, 4, 4, 0, 3, 3, 4, 5, 1, 0, 0, 6, 2]}, "score": {"bvp": [0, 0, 0, 0, 0, 0, 0, 0, 0, 0, 0, 0, 0, 0, 0], "eda": [8, 6, 14, 7, 14, 1, 6, 13, 12, 9, 2, 0, 6, 9, 2], "temp": [11, 7, 10, 3, 5, 2, 13, 7, 5, 12, 14, 0, 0, 6, 9], "acc": [0, 1, 7, 14, 3, 0, 3, 0, 8, 2, 0, 13, 0, 10, 10], "bvp+eda": [2, 0, 9, 2, 12, 0, 2, 2, 3, 3, 0, 0, 3, 5, 0], "bvp+temp": [4, 2, 7, 1, 1, 0, 10, 1, 1, 8, 8, 0, 0, 3, 7], "bvp+acc": [0, 0, 3, 8, 1, 0, 1, 0, 1, 1, 0, 3, 0, 5, 4], "eda+temp": [12, 6, 13, 4, 7, 1, 13, 8, 6, 11, 9, 0, 3, 8, 6], "eda+acc": [1, 2, 13, 13, 11, 1, 5, 9, 10, 4, 1, 5, 3, 11, 2], "temp+acc": [7, 4, 11, 6, 3, 1, 12, 6, 3, 9, 11, 0, 0, 9, 9], "bvp+eda+temp": [4, 2, 9, 2, 5, 0, 9, 4, 1, 7, 5, 0, 1, 5, 3], "bvp+eda+acc": [0, 0, 10, 8, 6, 0, 2, 1, 4, 1, 0, 0, 1, 7, 1], "bvp+temp+acc": [1, 2, 7, 4, 1, 0, 9, 1, 1, 7, 4, 0, 0, 7, 7], "eda+temp+acc": [5, 2, 13, 5, 6, 0, 13, 8, 7, 9, 6, 0, 2, 9, 6], "bvp+eda+temp+acc": [3, 2, 10, 5, 4, 0, 9, 2, 2, 7, 0, 0, 0, 8, 4]}}