{"rank": {"bvp": [0, 0, 0, 0, 0, 0, 0, 0, 0, 0, 0, 0, 0, 0, 0], "eda": [6, 5, 12, 9, 12, 1, 7, 9, 12, 0, 2, 0, 6, 10, 1], "temp": [11, 9, 10, 1, 3, 1, 13, 5, 3, 12, 14, 0, 1, 12, 7], "acc": [1, 3, 6, 11, 1, 0, 4, 0, 6, 2, 0, 11, 0, 9, 8], "bvp+eda": [2, 1, 6, 3, 5, 0, 1, 3, 5, 0, 0, 0, 2, 3, 0], "bvp+temp": [5, 2, 3, 0, 0, 0, 6, 1, 1, 5, 7, 0, 0, 5, 1], "bvp+acc": [1, 0, 1, 6, 0, 0, 1, 0, 3, 0, 0, 5, 0, 1, 3], "eda+temp": [10, 8, 14, 2, 9, 0, 13, 7, 8, 5, 9, 0, 3, 14, 2], "eda+acc": [2, 3, 10, 13, 6, 0, 7, 3, 10, 0, 1, 6, 2, 11, 2], "temp+acc": [5, 5, 10, 5, 2, 0, 10, 1, 3, 8, 7, 4, 0, 11, 9], "bvp+eda+temp": [5, 3, 7, 0, 2, 0, 6, 3, 3, 1, 3, 0, 0, 8, 1], "bvp+eda+acc": [0, 1, 5, 8, 1, 0, 2, 1, 4, 0, 0, 2, 0, 6, 1], "bvp+temp+acc": [2, 2, 3, 0, 0, 0, 5, 0, 2, 4, 4, 2, 0, 9, 3], "eda+temp+acc": [5, 5, 11, 6, 3, 0, 9, 3, 7, 2, 4, 2, 0, 13, 4], "bvp+eda+temp+acc": [0, 2, 7, 2, 1, 0, 4, 1, 2, 1, 2, 0, 0, 11, 1]}, "score": {"bvp": [0, 0, 0, 0, 0, 0, 0, 0, 0, 0, 0, 0, 0, 0, 0], "eda": [6, 5, 12, 9, 12, 1, 7, 9, 12, 0, 2, 0, 6, 10, 1], "temp": [11, 9, 10, 1, 3, 1, 13, 5, 3, 12, 14, 0, 1, 12, 7], "acc": [1, 3, 6, 11, 1, 0, 4, 0, 6, 2, 0, 11, 0, 9, 8], "bvp+eda": [2, 1, 8, 3, 7, 0, 1, 2, 2, 0, 0, 0, 2, 6, 0], "bvp+temp": [5, 2, 4, 0, 0, 0, 10, 1, 1, 8, 12, 0, 0, 5, 4], "bvp+acc": [1, 0, 2, 5, 0, 0, 1, 0, 1, 0, 0, 1, 0, 1, 2], "eda+temp": [9, 6, 12, 1, 7, 0, 12, 8, 6, 3, 11, 0, 3, 14, 2], "eda+acc": [2, 3, 12, 11, 9, 0, 5, 5, 8, 0, 0, 0, 4, 8, 0], "temp+acc": [7, 5, 9, 2, 2, 0, 12, 4, 2, 7, 12, 2, 0, 11, 8], "bvp+eda+temp": [5, 3, 7, 0, 2, 0, 8, 1, 1, 0, 6, 0, 1, 11, 0], "bvp+eda+acc": [0, 1, 9, 6, 3, 0, 2, 0, 2, 0, 0, 0, 2, 4, 0], "bvp+temp+acc": [1, 1, 5, 0, 0, 0, 8, 1, 1, 4, 6, 0, 0, 7, 4], "eda+temp+acc": [6, 5, 12, 1, 5, 0, 12, 8, 5, 1, 6, 0, 1, 12, 1], "bvp+eda+temp+acc": [2, 1, 8, 1, 2, 0, 7, 1, 1, 0, 1, 0, 0, 9, 0]}}