{"rank": {"bvp": [0, 0, 0, 0, 0, 0, 0, 0, 0, 0, 0, 0, 0, 0, 0], "eda": [3, 3, 0, 2, 8, 1, 1, 6, 13, 10, 1, 0, 3, 9, 5], "temp": [12, 7, 2, 2, 8, 4, 1, 6, 4, 7, 13, 0, 0, 2, 7], "acc": [6, 1, 14, 14, 0, 0, 2, 9, 9, 1, 0, 13, 0, 10, 11], "bvp+eda": [1, 1, 0, 0, 2, 0, 0, 2, 5, 4, 0, 0, 1, 3, 2], "bvp+temp": [5, 2, 0, 0, 3, 0, 0, 2, 1, 2, 6, 0, 0, 0, 2], "bvp+acc": [3, 0, 7, 7, 0, 0, 0, 3, 4, 0, 0, 6, 0, 2, 6], "eda+temp": [9, 3, 0, 1, 10, 1, 1, 6, 10, 8, 6, 0, 1, 7, 6], "eda+acc": [4, 1, 8, 9, 4, 0, 1, 9, 13, 7, 0, 6, 2, 10, 9], "temp+acc": [11, 2, 9, 8, 2, 1, 1, 10, 5, 3, 5, 7, 0, 5, 10], "bvp+eda+temp": [3, 1, 0, 0, 3, 0, 0, 1, 5, 6, 3, 0, 0, 2, 1], "bvp+eda+acc": [2, 0, 3, 3, 1, 0, 0, 4, 7, 2, 0, 1, 0, 4, 2], "bvp+temp+acc": [6, 1, 3, 3, 1, 0, 0, 3, 1, 1, 2, 1, 0, 1, 5], "eda+temp+acc": [8, 2, 3, 5, 3, 0, 0, 8, 11, 4, 4, 1, 1, 9, 10], "bvp+eda+temp+acc": [4, 0, 1, 2, 2, 0, 0, 3, 5, 1, 2, 0, 0, 3, 4]}, "score": {"bvp": [0, 0, 0, 0, 0, 0, 0, 0, 0, 0, 0, 0, 0, 0, 0], "eda": [3, 3, 0, 2, 8, 1, 1, 6, 13, 10, 1, 0, 3, 9, 5], "temp": [12, 7, 2, 2, 8, 4, 1, 6, 4, 7, 13, 0, 0, 2, 7], "acc": [6, 1, 14, 14, 0, 0, 2, 9, 9, 1, 0, 13, 0, 10, 11], "bvp+eda": [0, 0, 0, 1, 2, 0, 1, 0, 3, 5, 0, 0, 1, 4, 2], "bvp+temp": [6, 2, 0, 2, 3, 0, 0, 1, 0, 5, 7, 0, 0, 1, 5], "bvp+acc": [1, 0, 7, 7, 0, 0, 0, 0, 1, 0, 0, 3, 0, 5, 3], "eda+temp": [9, 4, 0, 2, 9, 1, 1, 7, 10, 8, 6, 0, 0, 5, 6], "eda+acc": [3, 1, 4, 7, 3, 0, 0, 8, 12, 4, 0, 2, 2, 9, 5], "temp+acc": [11, 7, 7, 4, 2, 2, 0, 4, 5, 5, 5, 0, 0, 4, 8], "bvp+eda+temp": [5, 1, 0, 1, 5, 0, 1, 1, 2, 6, 3, 0, 0, 3, 5], "bvp+eda+acc": [0, 0, 1, 4, 1, 0, 0, 2, 4, 1, 0, 0, 1, 6, 1], "bvp+temp+acc": [6, 2, 3, 3, 1, 0, 0, 1, 1, 3, 2, 0, 0, 2, 7], "eda+temp+acc": [10, 3, 2, 4, 3, 1, 0, 8, 8, 5, 3, 0, 0, 8, 6], "bvp+eda+temp+acc": [4, 1, 0, 3, 3, 0, 0, 1, 4, 5, 0, 0, 0, 5, 6]}}