{"rank": {"bvp": [0, 0, 0, 0, 0, 0, 0, 0, 0, 0, 0, 0, 0, 0, 0], "eda": [1, 1, 8, 8, 5, 1, 7, 2, 11, 0, 1, 0, 6, 8, 1], "temp": [10, 0, 2, 0, 1, 0, 11, 3, 6, 8, 14, 2, 3, 14, 6], "acc": [9, 0, 12, 13, 0, 0, 1, 0, 8, 2, 0, 8, 0, 6, 2], "bvp+eda": [0, 0, 3, 2, 1, 0, 1, 0, 4, 0, 0, 0, 2, 2, 0], "bvp+temp": [4, 0, 0, 0, 0, 0, 6, 1, 2, 2, 7, 1, 1, 8, 1], "bvp+acc": [2, 0, 6, 6, 0, 0, 0, 0, 4, 0, 0, 3, 0, 0, 0], "eda+temp": [5, 0, 3, 2, 1, 0, 10, 1, 8, 3, 8, 0, 3, 13, 3], "eda+acc": [5, 0, 11, 12, 1, 0, 4, 0, 13, 0, 0, 3, 2, 7, 0], "temp+acc": [12, 0, 8, 5, 0, 0, 5, 1, 8, 3, 7, 3, 0, 12, 2], "bvp+eda+temp": [1, 0, 0, 0, 0, 0, 5, 0, 5, 0, 3, 0, 1, 7, 0], "bvp+eda+acc": [1, 0, 7, 8, 1, 0, 2, 0, 4, 0, 0, 1, 0, 3, 0], "bvp+temp+acc": [4, 0, 2, 1, 0, 0, 2, 0, 3, 1, 3, 2, 0, 8, 1], "eda+temp+acc": [7, 0, 7, 6, 0, 0, 5, 1, 9, 1, 5, 1, 1, 11, 1], "bvp+eda+temp+acc": [3, 0, 5, 3, 0, 0, 3, 0, 3, 0, 1, 0, 0, 8, 0]}, "score": {"bvp": [0, 0, 0, 0, 0, 0, 0, 0, 0, 0, 0, 0, 0, 0, 0], "eda": [1, 1, 8, 8, 5, 1, 7, 2, 11, 0, 1, 0, 6, 8, 1], "temp": [10, 0, 2, 0, 1, 0, 11, 3, 6, 8, 14, 2, 3, 14, 6], "acc": [9, 0, 12, 13, 0, 0, 1, 0, 8, 2, 0, 8, 0, 6, 2], "bvp+eda": [0, 0, 2, 2, 1, 0, 1, 0, 4, 0, 0, 0, 2, 3, 1], "bvp+temp": [3, 0, 0, 0, 0, 0, 7, 0, 1, 5, 8, 1, 0, 7, 2], "bvp+acc": [1, 0, 5, 6, 0, 0, 0, 0, 1, 0, 0, 1, 0, 1, 0], "eda+temp": [5, 0, 2, 1, 2, 0, 10, 2, 10, 1, 6, 0, 4, 14, 2], "eda+acc": [3, 1, 10, 9, 1, 0, 5, 1, 10, 0, 0, 0, 3, 8, 0], "temp+acc": [11, 0, 4, 1, 0, 0, 9, 1, 4, 6, 9, 3, 0, 11, 4], "bvp+eda+temp": [1, 0, 0, 0, 0, 0, 5, 0, 4, 0, 3, 0, 1, 9, 0], "bvp+eda+acc": [0, 0, 4, 6, 1, 0, 1, 0, 4, 0, 0, 0, 1, 4, 0], "bvp+temp+acc": [3, 0, 0, 0, 0, 0, 6, 0, 1, 4, 2, 1, 0, 7, 2], "eda+temp+acc": [5, 0, 3, 1, 0, 0, 8, 1, 11, 0, 5, 0, 0, 12, 1], "bvp+eda+temp+acc": [1, 0, 1, 1, 0, 0, 5, 0, 3, 0, 1, 0, 0, 8, 0]}}