{"rank": {"bvp": [0, 0, 0, 0, 0, 0, 0, 0, 0, 0, 0, 0, 0, 0, 0], "eda": [3, 2, 11, 7, 10, 0, 6, 5, 12, 0, 0, 0, 5, 8, 1], "temp": [9, 5, 10, 0, 2, 0, 13, 3, 8, 11, 14, 0, 2, 13, 7], "acc": [0, 0, 5, 11, 1, 0, 1, 0, 7, 1, 0, 6, 0, 4, 3], "bvp+eda": [1, 0, 6, 3, 2, 0, 1, 1, 5, 0, 0, 0, 1, 2, 0], "bvp+temp": [3, 1, 3, 0, 0, 0, 6, 1, 2, 5, 8, 0, 0, 5, 2], "bvp+acc": [0, 0, 1, 6, 0, 0, 0, 0, 4, 0, 0, 2, 0, 0, 1], "eda+temp": [5, 3, 12, 2, 5, 0, 12, 3, 12, 7, 6, 0, 3, 13, 3], "eda+acc": [1, 0, 8, 9, 6, 0, 3, 1, 13, 0, 0, 1, 1, 6, 0], "temp+acc": [2, 1, 9, 4, 1, 0, 8, 1, 8, 4, 6, 1, 0, 10, 3], "bvp+eda+temp": [2, 1, 7, 0, 0, 0, 5, 2, 5, 1, 3, 0, 0, 7, 1], "bvp+eda+acc": [0, 0, 4, 6, 1, 0, 1, 0, 4, 0, 0, 0, 0, 2, 0], "bvp+temp+acc": [1, 0, 2, 1, 0, 0, 3, 0, 3, 2, 3, 1, 0, 5, 1], "eda+temp+acc": [0, 1, 10, 4, 2, 0, 7, 1, 12, 2, 5, 0, 0, 9, 2], "bvp+eda+temp+acc": [0, 1, 5, 2, 0, 0, 3, 0, 5, 0, 2, 0, 0, 4, 0]}, "score": {"bvp": [0, 0, 0, 0, 0, 0, 0, 0, 0, 0, 0, 0, 0, 0, 0], "eda": [3, 2, 11, 7, 10, 0, 6, 5, 12, 0, 0, 0, 5, 8, 1], "temp": [9, 5, 10, 0, 2, 0, 13, 3, 8, 11, 14, 0, 2, 13, 7], "acc": [0, 0, 5, 11, 1, 0, 1, 0, 7, 1, 0, 6, 0, 4, 3], "bvp+eda": [1, 0, 8, 2, 5, 0, 1, 1, 3, 0, 0, 0, 2, 5, 0], "bvp+temp": [1, 2, 3, 0, 0, 0, 7, 1, 1, 5, 10, 0, 0, 7, 2], "bvp+acc": [0, 0, 2, 5, 0, 0, 0, 0, 1, 0, 0, 1, 0, 0, 0], "eda+temp": [3, 3, 10, 1, 5, 0, 10, 6, 12, 1, 7, 0, 3, 13, 2], "eda+acc": [1, 2, 11, 7, 4, 0, 4, 3, 11, 0, 0, 0, 4, 7, 0], "temp+acc": [3, 3, 8, 1, 0, 0, 11, 2, 6, 5, 12, 1, 0, 11, 5], "bvp+eda+temp": [2, 1, 6, 0, 1, 0, 5, 1, 4, 0, 6, 0, 1, 9, 0], "bvp+eda+acc": [0, 0, 8, 5, 1, 0, 1, 0, 3, 0, 0, 0, 0, 4, 0], "bvp+temp+acc": [0, 0, 2, 0, 0, 0, 6, 0, 1, 4, 5, 0, 0, 8, 2], "eda+temp+acc": [1, 2, 9, 1, 2, 0, 9, 4, 12, 0, 6, 0, 0, 12, 1], "bvp+eda+temp+acc": [0, 1, 6, 1, 1, 0, 5, 0, 2, 0, 1, 0, 0, 9, 0]}}