{"1": {"non-stress": 0.294, "stress": 0.243}, "2": {"non-stress": 0.467, "stress": 0.341}, "3": {"non-stress": 0.502, "stress": 0.402}, "4": {"non-stress": 0.567, "stress": 0.446}, "5": {"non-stress": 0.646, "stress": 0.498}, "6": {"non-stress": 0.722, "stress": 0.581}, "7": {"non-stress": 0.826, "stress": 0.696}, "8": {"non-stress": 0.924, "stress": 0.741}, "9": {"non-stress": 0.987, "stress": 0.757}, "10": {"non-stress": 0.987, "stress": 0.85}, "11": {"non-stress": 0.996, "stress": 0.874}, "12": {"non-stress": 1.0, "stress": 0.904}, "13": {"non-stress": 1.0, "stress": 0.946}, "14": {"non-stress": 1.0, "stress": 0.987}, "15": {"non-stress": 1.0, "stress": 1.0}}