{"1": {"rank": 0.268, "score": 0.268, "mean": 0.268}, "2": {"rank": 0.404, "score": 0.404, "mean": 0.404}, "3": {"rank": 0.452, "score": 0.452, "mean": 0.452}, "4": {"rank": 0.506, "score": 0.506, "mean": 0.506}, "5": {"rank": 0.572, "score": 0.572, "mean": 0.572}, "6": {"rank": 0.652, "score": 0.652, "mean": 0.652}, "7": {"rank": 0.761, "score": 0.761, "mean": 0.761}, "8": {"rank": 0.832, "score": 0.832, "mean": 0.832}, "9": {"rank": 0.872, "score": 0.872, "mean": 0.872}, "10": {"rank": 0.919, "score": 0.919, "mean": 0.919}, "11": {"rank": 0.935, "score": 0.935, "mean": 0.935}, "12": {"rank": 0.952, "score": 0.952, "mean": 0.952}, "13": {"rank": 0.973, "score": 0.973, "mean": 0.973}, "14": {"rank": 0.993, "score": 0.993, "mean": 0.993}, "15": {"rank": 1.0, "score": 1.0, "mean": 1.0}}