{"1": {"non-stress": 0.15, "stress": 0.067}, "2": {"non-stress": 0.256, "stress": 0.139}, "3": {"non-stress": 0.378, "stress": 0.239}, "4": {"non-stress": 0.478, "stress": 0.317}, "5": {"non-stress": 0.583, "stress": 0.4}, "6": {"non-stress": 0.633, "stress": 0.489}, "7": {"non-stress": 0.711, "stress": 0.517}, "8": {"non-stress": 0.75, "stress": 0.572}, "9": {"non-stress": 0.8, "stress": 0.628}, "10": {"non-stress": 0.85, "stress": 0.689}, "11": {"non-stress": 0.889, "stress": 0.778}, "12": {"non-stress": 0.911, "stress": 0.828}, "13": {"non-stress": 0.928, "stress": 0.866}, "14": {"non-stress": 0.961, "stress": 0.939}, "15": {"non-stress": 1.0, "stress": 1.0}}