{"1": {"rank": 0.108, "score": 0.108, "mean": 0.108}, "2": {"rank": 0.197, "score": 0.197, "mean": 0.197}, "3": {"rank": 0.308, "score": 0.308, "mean": 0.308}, "4": {"rank": 0.397, "score": 0.397, "mean": 0.397}, "5": {"rank": 0.492, "score": 0.492, "mean": 0.492}, "6": {"rank": 0.561, "score": 0.561, "mean": 0.561}, "7": {"rank": 0.614, "score": 0.614, "mean": 0.614}, "8": {"rank": 0.661, "score": 0.661, "mean": 0.661}, "9": {"rank": 0.714, "score": 0.714, "mean": 0.714}, "10": {"rank": 0.769, "score": 0.769, "mean": 0.769}, "11": {"rank": 0.833, "score": 0.833, "mean": 0.833}, "12": {"rank": 0.869, "score": 0.869, "mean": 0.869}, "13": {"rank": 0.897, "score": 0.897, "mean": 0.897}, "14": {"rank": 0.95, "score": 0.95, "mean": 0.95}, "15": {"rank": 1.0, "score": 1.0, "mean": 1.0}}